episode,waveform,frame,action,scale,min_eigenvalue
synthetic:slow:128:qpsk:1080002,afdm,93,update,0.2521703487231285,0.013533596254847126
synthetic:slow:128:qpsk:1080002,ofdm,93,update,0.252170348723135,0.013533596254846111
synthetic:abrupt:256:16qam:1081500,afdm,24,update,0.2524504354446861,0.17478038402750176
synthetic:abrupt:256:16qam:1081500,ofdm,24,update,0.2524504354446914,0.17478038402750043
synthetic:slow:128:16qam:1080100,afdm,57,update,0.256316927827036,0.12041989715733627
synthetic:slow:128:16qam:1080100,ofdm,57,update,0.2563169278270368,0.12041989715733414
synthetic:slow:256:16qam:1080300,afdm,49,update,0.2568307275996257,0.010527232919519205
synthetic:slow:256:16qam:1080300,ofdm,49,update,0.2568307275996571,0.01052723291951921
synthetic:slow:256:qpsk:1080201,afdm,52,update,0.2618743652854481,0.023453120927565435
synthetic:slow:256:qpsk:1080201,ofdm,52,update,0.2618743652855321,0.02345312092756247
synthetic:abrupt:256:qpsk:1081401,afdm,95,update,0.2677097871506289,0.15054979355804224
synthetic:abrupt:256:qpsk:1081401,ofdm,95,update,0.2677097871506325,0.1505497935580414
synthetic:abrupt:128:qpsk:1081201,afdm,54,update,0.268183193814088,0.12031170881616302
synthetic:abrupt:128:qpsk:1081201,ofdm,54,update,0.2681831938141,0.12031170881616032
synthetic:abrupt:128:16qam:1081300,ofdm,78,update,0.2681923594081292,0.041682280158113705
synthetic:abrupt:128:16qam:1081300,otfs,78,update,0.2681923594081292,0.041682280158113705
tdl:abrupt:128:16qam:1082901,ofdm,56,update,0.3026834000405135,0.15963597813053956
tdl:abrupt:128:16qam:1082901,otfs,56,update,0.3026834000405135,0.15963597813053956
tdl:slow:128:16qam:1081700,ofdm,5,update,0.3276717906652418,0.2539288659797404
tdl:slow:128:16qam:1081700,otfs,5,update,0.3276717906652418,0.2539288659797404
