engine,family,n,modulation,baseline,median_frame,unrecovered_fraction,ratio100
synthetic,abrupt,128,16qam,cold_gray,2.0,0.0,0.8617815182207904
synthetic,abrupt,128,16qam,reset_deep,1.0,0.0,0.8509879727815989
synthetic,abrupt,128,16qam,reuse_radau,1.0,0.0,0.8501530721738073
synthetic,abrupt,128,16qam,reuse_residual,101.0,1.0,1.9519714387167184
synthetic,abrupt,128,qpsk,cold_gray,1.0,0.0,0.7957078488048204
synthetic,abrupt,128,qpsk,reset_deep,1.0,0.0,0.8951800663319626
synthetic,abrupt,128,qpsk,reuse_radau,1.0,0.0,0.735757782146957
synthetic,abrupt,128,qpsk,reuse_residual,101.0,1.0,1.6803196314092537
synthetic,abrupt,256,16qam,cold_gray,1.0,0.1111111111111111,0.9403275927832205
synthetic,abrupt,256,16qam,reset_deep,1.0,0.0,0.888712916933759
synthetic,abrupt,256,16qam,reuse_radau,1.0,0.0,0.889047753163769
synthetic,abrupt,256,16qam,reuse_residual,101.0,1.0,2.2015894945485672
synthetic,abrupt,256,qpsk,cold_gray,1.0,0.1111111111111111,0.8698069703189031
synthetic,abrupt,256,qpsk,reset_deep,1.0,0.0,0.9123374574988445
synthetic,abrupt,256,qpsk,reuse_radau,1.0,0.0,0.7665935379913886
synthetic,abrupt,256,qpsk,reuse_residual,101.0,1.0,1.9392990899149178
synthetic,high,128,16qam,cold_gray,101.0,1.0,1.1200223906410183
synthetic,high,128,16qam,reset_deep,1.0,0.0,0.9225770340815524
synthetic,high,128,16qam,reuse_radau,101.0,1.0,1.2474748858409752
synthetic,high,128,16qam,reuse_residual,101.0,1.0,2.255075787880449
synthetic,high,128,qpsk,cold_gray,101.0,1.0,1.117144016268111
synthetic,high,128,qpsk,reset_deep,1.0,0.0,0.9271394403460977
synthetic,high,128,qpsk,reuse_radau,101.0,0.6666666666666666,1.1766087190704158
synthetic,high,128,qpsk,reuse_residual,101.0,1.0,2.462189512307438
synthetic,high,256,16qam,cold_gray,101.0,1.0,1.0716882478811245
synthetic,high,256,16qam,reset_deep,1.0,0.0,0.9508073952763687
synthetic,high,256,16qam,reuse_radau,101.0,1.0,1.1418339980339338
synthetic,high,256,16qam,reuse_residual,101.0,1.0,3.027829412056325
synthetic,high,256,qpsk,cold_gray,101.0,1.0,1.163179358501579
synthetic,high,256,qpsk,reset_deep,1.0,0.0,0.9010404788329881
synthetic,high,256,qpsk,reuse_radau,101.0,1.0,1.243654986712314
synthetic,high,256,qpsk,reuse_residual,101.0,1.0,1.9239514898632122
synthetic,moderate,128,16qam,cold_gray,101.0,1.0,1.0553356744913056
synthetic,moderate,128,16qam,reset_deep,1.0,0.0,0.9546884183918878
synthetic,moderate,128,16qam,reuse_radau,101.0,1.0,1.0922006251217757
synthetic,moderate,128,16qam,reuse_residual,101.0,1.0,2.5883644068538945
synthetic,moderate,128,qpsk,cold_gray,101.0,0.5555555555555556,1.0170922065852293
synthetic,moderate,128,qpsk,reset_deep,1.0,0.0,0.9255561609760231
synthetic,moderate,128,qpsk,reuse_radau,101.0,1.0,1.0674854967391778
synthetic,moderate,128,qpsk,reuse_residual,101.0,1.0,2.030910229721607
synthetic,moderate,256,16qam,cold_gray,101.0,1.0,1.1294218222794548
synthetic,moderate,256,16qam,reset_deep,1.0,0.0,0.953972800790837
synthetic,moderate,256,16qam,reuse_radau,101.0,0.6666666666666666,1.101818791645278
synthetic,moderate,256,16qam,reuse_residual,101.0,1.0,2.870815317827803
synthetic,moderate,256,qpsk,cold_gray,101.0,0.8888888888888888,1.0426931390591343
synthetic,moderate,256,qpsk,reset_deep,1.0,0.0,0.9587867781611235
synthetic,moderate,256,qpsk,reuse_radau,1.0,0.3333333333333333,0.9742017820144938
synthetic,moderate,256,qpsk,reuse_residual,101.0,1.0,2.430924869645311
synthetic,slow,128,16qam,cold_gray,1.0,0.0,0.7683560594097759
synthetic,slow,128,16qam,reset_deep,1.0,0.0,0.8205504999537855
synthetic,slow,128,16qam,reuse_radau,1.0,0.0,0.8145478835913632
synthetic,slow,128,16qam,reuse_residual,101.0,1.0,1.9007254023202522
synthetic,slow,128,qpsk,cold_gray,1.0,0.0,0.7083200973665786
synthetic,slow,128,qpsk,reset_deep,1.0,0.0,0.8819949594778301
synthetic,slow,128,qpsk,reuse_radau,1.0,0.0,0.7108652637746213
synthetic,slow,128,qpsk,reuse_residual,101.0,1.0,1.5985368415146552
synthetic,slow,256,16qam,cold_gray,1.0,0.0,0.8398280167483301
synthetic,slow,256,16qam,reset_deep,1.0,0.0,0.8521054632942181
synthetic,slow,256,16qam,reuse_radau,1.0,0.1111111111111111,0.8901242244527074
synthetic,slow,256,16qam,reuse_residual,101.0,1.0,2.0045152346287263
synthetic,slow,256,qpsk,cold_gray,1.0,0.0,0.8093764499764925
synthetic,slow,256,qpsk,reset_deep,1.0,0.0,0.9124635249594727
synthetic,slow,256,qpsk,reuse_radau,1.0,0.0,0.7659728567528765
synthetic,slow,256,qpsk,reuse_residual,101.0,1.0,1.9547063368217503
tdl,abrupt,128,16qam,cold_gray,1.0,0.0,0.5330073628189699
tdl,abrupt,128,16qam,reset_deep,1.0,0.0,0.7617236682017956
tdl,abrupt,128,16qam,reuse_radau,101.0,0.6666666666666666,1.0188696197696923
tdl,abrupt,128,16qam,reuse_residual,101.0,1.0,1.8770681590300302
tdl,abrupt,128,qpsk,cold_gray,1.0,0.0,0.4726743469720341
tdl,abrupt,128,qpsk,reset_deep,1.0,0.0,0.7841081606771507
tdl,abrupt,128,qpsk,reuse_radau,1.0,0.0,0.929654797777824
tdl,abrupt,128,qpsk,reuse_residual,101.0,1.0,2.2429410263307714
tdl,abrupt,256,16qam,cold_gray,1.0,0.0,0.42017040971838365
tdl,abrupt,256,16qam,reset_deep,1.0,0.0,0.7402656055846921
tdl,abrupt,256,16qam,reuse_radau,74.0,0.4444444444444444,0.9555180200196942
tdl,abrupt,256,16qam,reuse_residual,101.0,1.0,2.082144792314019
tdl,abrupt,256,qpsk,cold_gray,1.0,0.0,0.4524726132137832
tdl,abrupt,256,qpsk,reset_deep,1.0,0.0,0.7735433893106584
tdl,abrupt,256,qpsk,reuse_radau,56.0,0.3333333333333333,0.9024281937275277
tdl,abrupt,256,qpsk,reuse_residual,101.0,1.0,2.2624146105316707
tdl,high,128,16qam,cold_gray,1.0,0.0,0.5154891612417447
tdl,high,128,16qam,reset_deep,1.0,0.0,0.7477898857754819
tdl,high,128,16qam,reuse_radau,101.0,1.0,1.132028473630266
tdl,high,128,16qam,reuse_residual,101.0,1.0,1.7876041402004015
tdl,high,128,qpsk,cold_gray,1.0,0.0,0.4938530592382891
tdl,high,128,qpsk,reset_deep,1.0,0.0,0.771289015695735
tdl,high,128,qpsk,reuse_radau,101.0,1.0,1.0837040902729163
tdl,high,128,qpsk,reuse_residual,101.0,1.0,2.274293097056548
tdl,high,256,16qam,cold_gray,1.0,0.0,0.5082996443081546
tdl,high,256,16qam,reset_deep,1.0,0.0,0.780417186847948
tdl,high,256,16qam,reuse_radau,101.0,1.0,1.0621229940764108
tdl,high,256,16qam,reuse_residual,101.0,1.0,2.307237430899354
tdl,high,256,qpsk,cold_gray,1.0,0.0,0.5619346189846882
tdl,high,256,qpsk,reset_deep,1.0,0.0,0.8132668809879939
tdl,high,256,qpsk,reuse_radau,101.0,1.0,1.0587763936344428
tdl,high,256,qpsk,reuse_residual,101.0,1.0,2.85787663779216
tdl,moderate,128,16qam,cold_gray,1.0,0.0,0.5029384264657065
tdl,moderate,128,16qam,reset_deep,1.0,0.0,0.7400754604775182
tdl,moderate,128,16qam,reuse_radau,101.0,1.0,1.1133499435346141
tdl,moderate,128,16qam,reuse_residual,101.0,1.0,1.726879226546279
tdl,moderate,128,qpsk,cold_gray,1.0,0.0,0.4755667406579735
tdl,moderate,128,qpsk,reset_deep,1.0,0.0,0.7670841299409588
tdl,moderate,128,qpsk,reuse_radau,101.0,0.6666666666666666,1.0269410345505383
tdl,moderate,128,qpsk,reuse_residual,101.0,1.0,2.3828290506320866
tdl,moderate,256,16qam,cold_gray,1.0,0.0,0.4409108623887044
tdl,moderate,256,16qam,reset_deep,1.0,0.0,0.7460059996912959
tdl,moderate,256,16qam,reuse_radau,78.0,0.2222222222222222,0.9767292942282525
tdl,moderate,256,16qam,reuse_residual,101.0,1.0,2.0568180077235314
tdl,moderate,256,qpsk,cold_gray,1.0,0.0,0.4641431727017771
tdl,moderate,256,qpsk,reset_deep,1.0,0.0,0.7639237720475058
tdl,moderate,256,qpsk,reuse_radau,2.0,0.0,0.9512287209952515
tdl,moderate,256,qpsk,reuse_residual,101.0,1.0,2.2792271945123286
tdl,slow,128,16qam,cold_gray,1.0,0.0,0.514397203977594
tdl,slow,128,16qam,reset_deep,1.0,0.0,0.7233292724751046
tdl,slow,128,16qam,reuse_radau,101.0,1.0,1.0295514879836933
tdl,slow,128,16qam,reuse_residual,101.0,1.0,1.7170302043287728
tdl,slow,128,qpsk,cold_gray,1.0,0.0,0.40051453086776906
tdl,slow,128,qpsk,reset_deep,1.0,0.0,0.7082232323897575
tdl,slow,128,qpsk,reuse_radau,101.0,0.6666666666666666,1.0459196804240198
tdl,slow,128,qpsk,reuse_residual,101.0,1.0,1.886498512122155
tdl,slow,256,16qam,cold_gray,1.0,0.0,0.3751082240992179
tdl,slow,256,16qam,reset_deep,1.0,0.0,0.6812782692066295
tdl,slow,256,16qam,reuse_radau,101.0,0.6666666666666666,1.080330424273559
tdl,slow,256,16qam,reuse_residual,101.0,1.0,1.6319092100171555
tdl,slow,256,qpsk,cold_gray,1.0,0.0,0.4146810375578313
tdl,slow,256,qpsk,reset_deep,1.0,0.0,0.7155963700838841
tdl,slow,256,qpsk,reuse_radau,101.0,0.6666666666666666,1.0498472048312486
tdl,slow,256,qpsk,reuse_residual,101.0,1.0,1.909273289929845
