horizon,candidate,baseline,metric,estimate,lo,hi,clusters
10,reuse_deep,cold_gray,work,0.48504691810033684,0.4730804500167432,0.49688770709284863,96
10,reuse_deep,reset_deep,work,0.7802767092383902,0.770089316265098,0.7902205132670699,96
10,reuse_deep,reuse_radau,work,1.0040036317841357,0.9839398268569628,1.0262253997951254,96
10,reuse_deep,reuse_residual,work,1.999481096535893,1.9346899644166222,2.067266952523833,96
50,reuse_deep,cold_gray,work,0.47581138440136095,0.46645686082364185,0.48455391015536514,96
50,reuse_deep,reset_deep,work,0.7608570763115147,0.752428565494828,0.7686557864351015,96
50,reuse_deep,reuse_radau,work,1.0144132165811524,0.9964095275765075,1.0335353809280332,96
50,reuse_deep,reuse_residual,work,2.070989307226187,2.023805606791552,2.119037626881279,96
100,reuse_deep,cold_gray,work,0.48145387976495063,0.47272343297531527,0.48961404445792384,96
100,reuse_deep,reset_deep,work,0.7673478498213697,0.7590951654297298,0.7751974254339717,96
100,reuse_deep,reuse_radau,work,0.9954122271151513,0.9763064545294001,1.0160274625549695,96
100,reuse_deep,reuse_residual,work,2.1493305780816727,2.0854011896063747,2.2160568004908128,96
