engine,family,n,modulation,waveform,persistent_operator_cache_bytes,waveform_construction_wall_s,waveform_construction_cpu_s
synthetic,slow,128,qpsk,ofdm,37448,4.9400000716559585e-06,0.0
synthetic,slow,128,qpsk,otfs,37448,8.927999879233539e-06,0.0
synthetic,slow,128,qpsk,afdm,41544,7.78889999492094e-05,0.00015625
synthetic,slow,128,16qam,ofdm,37736,4.675000091083348e-06,0.0
synthetic,slow,128,16qam,otfs,37736,5.8369999169372025e-06,0.0
synthetic,slow,128,16qam,afdm,41832,8.300099987536669e-05,0.0
synthetic,slow,256,qpsk,ofdm,74504,3.7819999852217734e-06,0.0
synthetic,slow,256,qpsk,otfs,74504,5.744000081904232e-06,0.0
synthetic,slow,256,qpsk,afdm,82696,8.971900009782985e-05,0.0
synthetic,slow,256,16qam,ofdm,74600,3.7829999928362667e-06,0.0
synthetic,slow,256,16qam,otfs,74600,5.679000169038772e-06,0.0
synthetic,slow,256,16qam,afdm,82792,0.00010318799992091954,0.00015625
synthetic,moderate,128,qpsk,ofdm,37448,3.5710001247935e-06,0.0
synthetic,moderate,128,qpsk,otfs,37448,5.607000202871859e-06,0.0
synthetic,moderate,128,qpsk,afdm,41544,8.26750000123866e-05,0.0
synthetic,moderate,128,16qam,ofdm,37544,3.763999848160893e-06,0.0
synthetic,moderate,128,16qam,otfs,37544,5.563999875448644e-06,0.0
synthetic,moderate,128,16qam,afdm,41640,7.163200003560632e-05,0.0
synthetic,moderate,256,qpsk,ofdm,74312,2.8259999817237257e-06,0.0
synthetic,moderate,256,qpsk,otfs,74312,2.4839999969117342e-06,0.0
synthetic,moderate,256,qpsk,afdm,82504,9.078500006580726e-05,0.0
synthetic,moderate,256,16qam,ofdm,70312,3.774000215344131e-06,0.0
synthetic,moderate,256,16qam,otfs,70312,6.348000024445355e-06,0.0
synthetic,moderate,256,16qam,afdm,78504,9.184800001094118e-05,0.00015625
synthetic,high,128,qpsk,ofdm,35400,4.039999912492931e-06,0.0
synthetic,high,128,qpsk,otfs,35400,5.953000218141824e-06,0.0
synthetic,high,128,qpsk,afdm,39496,7.661900017410516e-05,0.00015625
synthetic,high,128,16qam,ofdm,35496,3.5550000029616057e-06,0.0
synthetic,high,128,16qam,otfs,35496,5.4359997739084065e-06,0.0
synthetic,high,128,16qam,afdm,39592,4.263000009814277e-05,0.0
synthetic,high,256,qpsk,ofdm,70216,3.7039999733678997e-06,0.0
synthetic,high,256,qpsk,otfs,70216,4.926999972667545e-06,0.0
synthetic,high,256,qpsk,afdm,78408,9.193700010655448e-05,0.0
synthetic,high,256,16qam,ofdm,70312,3.8079998921602966e-06,0.0
synthetic,high,256,16qam,otfs,70312,5.449999880511314e-06,0.0
synthetic,high,256,16qam,afdm,78504,8.556899992981926e-05,0.00015625
synthetic,abrupt,128,qpsk,ofdm,45840,6.339999963529408e-06,0.0
synthetic,abrupt,128,qpsk,otfs,45840,5.7800000649876895e-06,0.0
synthetic,abrupt,128,qpsk,afdm,49936,6.704899977194145e-05,0.0
synthetic,abrupt,128,16qam,ofdm,45936,3.318000235594809e-06,0.0
synthetic,abrupt,128,16qam,otfs,45936,3.1629999284632506e-06,0.0
synthetic,abrupt,128,16qam,afdm,50032,6.468999985372648e-05,0.0
synthetic,abrupt,256,qpsk,ofdm,90896,3.2079999800771473e-06,0.0
synthetic,abrupt,256,qpsk,otfs,90896,4.59999981103465e-06,0.0
synthetic,abrupt,256,qpsk,afdm,99088,6.888000003527849e-05,0.0
synthetic,abrupt,256,16qam,ofdm,90992,1.7289997776970268e-06,0.0
synthetic,abrupt,256,16qam,otfs,90992,2.3999999393709003e-06,0.0
synthetic,abrupt,256,16qam,afdm,99184,4.7236999962478875e-05,0.0
tdl,slow,128,qpsk,ofdm,2096480,0.00011525699985213577,0.00015625
tdl,slow,128,qpsk,otfs,2096480,0.00018941899994388223,0.00015625
tdl,slow,128,qpsk,afdm,2098528,0.0002575559998513199,0.0003125
tdl,slow,128,16qam,ofdm,1498440,0.0002520059997914359,0.0
tdl,slow,128,16qam,otfs,1498440,0.00022741000022506342,0.00015625
tdl,slow,128,16qam,afdm,1500488,0.0002920559997437522,0.0003125
tdl,slow,256,qpsk,ofdm,3988816,0.000121342999918852,0.0
tdl,slow,256,qpsk,otfs,3988816,0.00031122199987294153,0.0003125
tdl,slow,256,qpsk,afdm,3992912,0.0003021579998312518,0.0003125
tdl,slow,256,16qam,ofdm,4110784,0.00023285700008273124,0.0003125
tdl,slow,256,16qam,otfs,4110784,0.000255446000082884,0.0003125
tdl,slow,256,16qam,afdm,4114880,0.00022732699988409877,0.00015625
tdl,moderate,128,qpsk,ofdm,2096480,0.00018747399997664615,0.00015625
tdl,moderate,128,qpsk,otfs,2096480,0.00020268699998268858,0.0003125
tdl,moderate,128,qpsk,afdm,2098528,0.0002757449998171069,0.0003125
tdl,moderate,128,16qam,ofdm,1467336,0.00021587899973383174,0.00015625
tdl,moderate,128,16qam,otfs,1467336,0.0002723480001441203,0.00015625
tdl,moderate,128,16qam,afdm,1469384,0.00044021200010320173,0.0003125
tdl,moderate,256,qpsk,ofdm,3988816,0.00027275200001895426,0.0003125
tdl,moderate,256,qpsk,otfs,3988816,0.00025318900006823244,0.00015625
tdl,moderate,256,qpsk,afdm,3992912,0.0003114040000946261,0.0003125
tdl,moderate,256,16qam,ofdm,4110784,0.0002239559998270124,0.00015625
tdl,moderate,256,16qam,otfs,4110784,0.00023783399985404684,0.00015625
tdl,moderate,256,16qam,afdm,4114880,0.0004130820001591928,0.00015625
tdl,high,128,qpsk,ofdm,2096480,0.00021946199994999916,0.00015625
tdl,high,128,qpsk,otfs,2096480,0.00020269300002837554,0.0003125
tdl,high,128,qpsk,afdm,2098528,0.0002270269999280572,0.00015625
tdl,high,128,16qam,ofdm,1467336,0.0002420189999975264,0.00015625
tdl,high,128,16qam,otfs,1467336,0.00020133299985900522,0.00015625
tdl,high,128,16qam,afdm,1469384,0.0002835040001082234,0.00015625
tdl,high,256,qpsk,ofdm,3988816,0.00024660199997015295,0.00015625
tdl,high,256,qpsk,otfs,3988816,0.00025743000005604697,0.00015625
tdl,high,256,qpsk,afdm,3992912,0.00032910599984461444,0.0003125
tdl,high,256,16qam,ofdm,4110784,0.00023597899999003858,0.00015625
tdl,high,256,16qam,otfs,4110784,0.0002516010002000257,0.0003125
tdl,high,256,16qam,afdm,4114880,0.000393515000178013,0.0003125
tdl,abrupt,128,qpsk,ofdm,2101248,0.00021755199995823204,0.00015625
tdl,abrupt,128,qpsk,otfs,2101248,0.00025741999997990205,0.0003125
tdl,abrupt,128,qpsk,afdm,2103296,0.0002781309999409132,0.0003125
tdl,abrupt,128,16qam,ofdm,1472248,0.00020603600016329436,0.00015625
tdl,abrupt,128,16qam,otfs,1472248,0.00021411499998066574,0.0003125
tdl,abrupt,128,16qam,afdm,1474296,0.000285814999951981,0.0003125
tdl,abrupt,256,qpsk,ofdm,3995648,0.00027029599994421005,0.0003125
tdl,abrupt,256,qpsk,otfs,3995648,0.000233130999840796,0.0003125
tdl,abrupt,256,qpsk,afdm,3999744,0.0003741900000022724,0.0003125
tdl,abrupt,256,16qam,ofdm,4117600,0.0002224180000484921,0.00015625
tdl,abrupt,256,16qam,otfs,4117600,0.00029047499992884696,0.0003125
tdl,abrupt,256,16qam,afdm,4121696,0.00033980200008954854,0.0003125
