candidate,baseline,metric,estimate,lo,hi,clusters
reuse_deep,cold_gray,work,0.48145387976495063,0.47272343297531527,0.48961404445792384,96
reuse_deep,cold_deep,work,0.48075498866995603,0.4696299553100294,0.49171832201690086,96
reuse_deep,reset_deep,work,0.7673478498213697,0.7590951654297298,0.7751974254339717,96
reuse_deep,reuse_gray,work,1.0090261665731328,0.9903576885185604,1.029198893461225,96
reuse_deep,reuse_radau,work,0.9954122271151513,0.9763064545294001,1.0160274625549695,96
reuse_deep,reuse_residual,work,2.1493305780816727,2.0854011896063747,2.2160568004908128,96
reuse_deep,cold_gray,cpu,0.34009693426164556,0.32851938108973866,0.3547774263775124,96
reuse_deep,cold_gray,wall,0.34368848283318654,0.33156368546138587,0.3598508361886767,96
reuse_deep,cold_gray,p95_frame_work,0.5587607453804863,0.5449520284853073,0.571154700203619,96
reuse_deep,reuse_radau,cpu,1.3374933817411696,1.305936747117536,1.3678798376081285,96
reuse_deep,reuse_radau,wall,1.3327851053518103,1.310675570105001,1.3547982817724957,96
reuse_deep,reuse_radau,p95_frame_work,0.9509599210237277,0.9305023389734542,0.9777258957611844,96
reuse_deep,reuse_residual,cpu,2.4940761636107194,2.418615398550727,2.5685969053115754,96
reuse_deep,reuse_residual,wall,2.50764701060101,2.4555382687879725,2.55873034004875,96
reuse_deep,reuse_residual,p95_frame_work,2.5697499051168897,2.4511654649865737,2.7009017075067008,96
