method,episode_work_M,p95_episode_work_M,episode_cpu_s,episode_wall_s,mean_episode_p95_frame_M,p95_episode_p95_frame_M,mean_episode_p95_frame_wall_ms,check_wall_fraction,reference_diff,conservative_diff,true_ber,reference_ber,request_unmet,coverage,mean_bound,iterations,checks,reported_array_KiB,numerical_unknown_checks,delta
cold_gray,2596.1492710226034,5719.836406254413,3.731770833333333,3.9285712541483613,31.93679669140663,73.35460605175416,53.707624366688826,0.05259082414536427,0.0,0.0,0.004003092447916667,0.004003092447916667,0.0,1.0,0.0,48.13083333333333,5.6554166666666665,427.0078125,0.0,0.0
cold_deep,2531.911451355937,5322.256041054414,3.8404947916666665,4.014325291672624,30.977876662894353,69.10301113972855,55.888163963815416,0.049334750693028444,0.0,0.0,0.004003092447916667,0.004003092447916667,0.0,1.0,0.0,40.624583333333334,4.800416666666667,427.0078125,0.0,0.0
reuse_gray,1366.8744657224568,3261.6149428967624,0.7330729166666667,0.7612333374551478,19.80996983038028,49.46811703999999,12.830816251456172,0.24227406591113135,0.0,0.0,0.004003092447916667,0.004003092447916667,0.0,1.0,0.0,48.14125,5.657500000000001,428.2578125,0.0,0.0
reuse_deep,1309.921505389123,2881.3792268967622,0.9446614583333335,0.9879976374965432,18.529659633333328,44.37463586666666,15.716174382517538,0.18030251026764957,0.0,0.0,0.004003092447916667,0.004003092447916667,0.0,1.0,0.0,40.90333333333333,4.827500000000001,428.2578125,0.0,0.0
reuse_radau,1357.51819205579,3232.5629710300955,0.7096354166666666,0.7569650208594491,19.483880797046947,47.92764629999999,12.515602914875972,0.2481237835988278,0.0,0.0,0.004003092447916667,0.004003092447916667,0.0,1.0,0.0,47.267916666666665,5.817083333333334,428.2578125,0.0,0.0
cold_gray,2229.190817355937,4713.608278521081,4.071614583333333,4.314461329146676,25.41387871289436,55.547105896823666,51.0580689571725,0.057860323715411485,8.992513020833334e-05,8.992513020833334e-05,0.004013264973958333,0.004003092447916667,0.0,0.55751708984375,0.0365625,28.5025,4.578333333333333,427.0078125,0.0,0.05
cold_deep,2212.6884853559363,4527.380163327037,4.169270833333333,4.399657766640303,24.952676746227688,54.10768299972856,52.57901500153821,0.050683497090990494,0.000452880859375,0.000452880859375,0.004332275390624999,0.004003092447916667,0.0,0.7271280924479167,0.025457763671874998,23.16375,3.544583333333333,427.0078125,0.0,0.05
reuse_gray,999.2050407224565,2254.5842594300957,0.7194010416666666,0.7375577375011441,13.031291716666667,30.56965183333333,10.767630836683868,0.30531318806935714,8.992513020833334e-05,8.992513020833334e-05,0.004013264973958333,0.004003092447916667,0.0,0.5575179036458334,0.0365625,28.5025,4.578333333333333,428.2578125,0.0,0.05
reuse_deep,989.5102010557898,2088.637632465723,0.9420572916666666,0.9933568041463635,12.917857749999998,30.28935061333333,13.900907079126531,0.20845554852831255,0.0003678385416666667,0.0003678385416666667,0.004249674479166667,0.004003092447916667,0.0,0.7264339192708333,0.025113525390625002,23.444166666666668,3.587916666666666,428.2578125,0.0,0.05
reuse_radau,1070.7510100557897,2429.139527696762,0.6901041666666666,0.7154420875122014,14.367789600000002,34.044087626666666,10.5582595897431,0.2432428420049245,1.3020833333333334e-05,1.3020833333333334e-05,0.00400146484375,0.004003092447916667,0.0,0.9917781575520833,0.02664306640625,35.06583333333333,4.79,428.2578125,0.0,0.05
