selector,seed,variant,variant_id,scenario,sweep_key,sweep_value,n_epochs,n_bits,bit_errors,mean_ber,mean_bler,mean_objective,final_cumulative_regret,mean_instantaneous_regret,median_regret,p95_regret,dynamic_regret,static_regret,hindsight_oracle_total_loss,best_fixed_total_loss,mean_uncertainty,mean_runtime_s,total_switch_count,switches_per_100_frames,average_dwell_time,minimum_dwell_time,occupancy_ofdm,occupancy_otfs,occupancy_afdm,mean_adaptation_latency,adaptation_censored_fraction,unmatched_alarms_per_100_epochs
ucb,11,"{""dynamic.change_interval"": 60}",0,abrupt_change,dynamic.change_interval,60,120,7680,486,0.06328125,0.775,0.24430862265848238,9.629391528083355,0.08024492940069462,0.0775663310409339,0.23586870270771806,9.875203607306716,8.761615776673668,19.44183111171117,20.555418942344218,0.3841896756273057,0.0022663941665693227,108,90.0,1.1009174311926606,1,0.24166666666666667,0.375,0.38333333333333336,13.0,0.0,0.0
sliding_window_ucb,11,"{""dynamic.change_interval"": 60}",0,abrupt_change,dynamic.change_interval,60,120,7680,456,0.059375,0.8,0.24210119894254056,9.539665338291933,0.07949721115243277,0.07403464803661408,0.23197162233784965,9.610312761393697,8.49672493076065,19.44183111171117,20.555418942344218,0.5058403741326142,0.002185826666694387,102,85.0,1.1650485436893203,1,0.2916666666666667,0.36666666666666664,0.3416666666666667,10.0,0.0,0.0
discounted_ucb,11,"{""dynamic.change_interval"": 60}",0,abrupt_change,dynamic.change_interval,60,120,7680,460,0.059895833333333336,0.7916666666666666,0.24979685522687187,10.268789811357605,0.08557324842798004,0.06985674189111393,0.23373986464304675,10.533791515513453,9.420203684880406,19.44183111171117,20.555418942344218,0.5241859568811115,0.002182689166632675,117,97.5,1.0169491525423728,1,0.2916666666666667,0.35,0.35833333333333334,5.0,0.0,0.0
uncertainty_aware,11,"{""dynamic.change_interval"": 60}",0,abrupt_change,dynamic.change_interval,60,120,7680,494,0.06432291666666666,0.8333333333333334,0.2143212296586096,6.065376402173154,0.05054480335144295,0.0027911553389488863,0.20518831667662119,6.276716447321984,5.163128616688937,19.44183111171117,20.555418942344218,0.5479133024722941,0.0020982758330622647,42,35.0,2.7906976744186047,1,0.2833333333333333,0.3,0.4166666666666667,6.0,0.0,4.166666666666667
ucb,12,"{""dynamic.change_interval"": 60}",0,abrupt_change,dynamic.change_interval,60,120,7680,428,0.05572916666666667,0.6,0.22007246100094605,10.086709561363861,0.08405591301136552,0.07259214112085005,0.1702324498035147,10.342438276452231,9.725890428827004,16.066257043661295,16.682804891286523,0.3863263687721196,0.00210350666687494,118,98.33333333333333,1.0084033613445378,1,0.325,0.35,0.325,17.0,0.0,0.0
sliding_window_ucb,12,"{""dynamic.change_interval"": 60}",0,abrupt_change,dynamic.change_interval,60,120,7680,408,0.053125,0.5916666666666667,0.21317606202436404,9.123836004054688,0.07603196670045573,0.07205656704617133,0.15876449045388097,9.514870399262389,8.898322551637161,16.066257043661295,16.682804891286523,0.506130369236691,0.002078261666489804,112,93.33333333333333,1.0619469026548674,1,0.3333333333333333,0.3416666666666667,0.325,5.0,0.0,0.0
discounted_ucb,12,"{""dynamic.change_interval"": 60}",0,abrupt_change,dynamic.change_interval,60,120,7680,389,0.05065104166666667,0.5916666666666667,0.21454557623745144,9.502559181813432,0.07918799318177859,0.07245518290162459,0.16613550890667955,9.679212104832878,9.06266425720765,16.066257043661295,16.682804891286523,0.524534198876922,0.00208873666706495,117,97.5,1.0169491525423728,1,0.325,0.35,0.325,,1.0,0.0
uncertainty_aware,12,"{""dynamic.change_interval"": 60}",0,abrupt_change,dynamic.change_interval,60,120,7680,392,0.051041666666666666,0.5666666666666667,0.1616624452790929,2.7848736031271866,0.023207280026059887,0.0,0.11058850267557922,3.333236389829853,2.7166885422046256,16.066257043661295,16.682804891286523,0.614603463811499,0.002093415833405743,34,28.333333333333332,3.4285714285714284,1,0.3333333333333333,0.3333333333333333,0.3333333333333333,4.0,0.0,4.166666666666667
ucb,13,"{""dynamic.change_interval"": 60}",0,abrupt_change,dynamic.change_interval,60,120,7680,419,0.05455729166666667,0.6666666666666666,0.22532125458520802,9.363582824454841,0.078029856870457,0.07090253561868406,0.22747356371089125,10.045642583465778,8.875986971596468,16.992907966759184,18.162563578628493,0.3856666746397404,0.002087644166507137,113,94.16666666666667,1.0526315789473684,1,0.2916666666666667,0.38333333333333336,0.325,5.0,0.0,0.0
sliding_window_ucb,13,"{""dynamic.change_interval"": 60}",0,abrupt_change,dynamic.change_interval,60,120,7680,452,0.058854166666666666,0.6666666666666666,0.22797990422336892,9.527828310560574,0.07939856925467145,0.07145698717875479,0.2269034633380248,10.364680540045086,9.195024928175776,16.992907966759184,18.162563578628493,0.5061549410052444,0.0020555950001532133,112,93.33333333333333,1.0619469026548674,1,0.3,0.35833333333333334,0.3416666666666667,4.0,0.0,0.0
discounted_ucb,13,"{""dynamic.change_interval"": 60}",0,abrupt_change,dynamic.change_interval,60,120,7680,468,0.0609375,0.6583333333333333,0.23064972750214618,9.970220446851297,0.08308517039042747,0.07213873635017606,0.19469962400071414,10.685059333498359,9.515403721629049,16.992907966759184,18.162563578628493,0.5246103278873526,0.0020549016666336684,116,96.66666666666667,1.0256410256410255,1,0.325,0.35,0.325,,1.0,0.0
uncertainty_aware,13,"{""dynamic.change_interval"": 60}",0,abrupt_change,dynamic.change_interval,60,120,7680,440,0.057291666666666664,0.6416666666666667,0.1789474296795452,3.5758458465678293,0.029798715388065243,0.0,0.1241057065691896,4.480783594786239,3.311127982916929,16.992907966759184,18.162563578628493,0.5983695434697603,0.0020911916665378766,37,30.833333333333332,3.1578947368421053,1,0.25833333333333336,0.35833333333333334,0.38333333333333336,6.0,0.0,4.166666666666667
ucb,14,"{""dynamic.change_interval"": 60}",0,abrupt_change,dynamic.change_interval,60,120,7680,395,0.051432291666666664,0.5166666666666667,0.20573992052940573,8.98550902663784,0.07487924188864867,0.07241437092369572,0.13016290133386818,9.805349218359652,9.082698802761508,14.883441245169035,15.606091660767179,0.3864275627205335,0.0021772791662442613,119,99.16666666666667,1.0,1,0.31666666666666665,0.3416666666666667,0.3416666666666667,5.0,0.0,0.0
sliding_window_ucb,14,"{""dynamic.change_interval"": 60}",0,abrupt_change,dynamic.change_interval,60,120,7680,403,0.052473958333333334,0.5166666666666667,0.20090136850277265,8.513359720374886,0.07094466433645738,0.0721161417315016,0.14455121852300454,9.224722975163683,8.502072559565539,14.883441245169035,15.606091660767179,0.5057916682310872,0.00226039583273329,110,91.66666666666667,1.0810810810810811,1,0.325,0.3416666666666667,0.3333333333333333,4.0,0.0,0.0
discounted_ucb,14,"{""dynamic.change_interval"": 60}",0,abrupt_change,dynamic.change_interval,60,120,7680,392,0.051041666666666666,0.5166666666666667,0.20507711145080174,8.933552584814024,0.07444627154011686,0.07109160826675703,0.1481883924551535,9.725812128927174,9.00316171332903,14.883441245169035,15.606091660767179,0.5245404321654858,0.002229418333142045,119,99.16666666666667,1.0,1,0.325,0.3333333333333333,0.3416666666666667,43.0,0.0,0.0
uncertainty_aware,14,"{""dynamic.change_interval"": 60}",0,abrupt_change,dynamic.change_interval,60,120,7680,370,0.048177083333333336,0.5166666666666667,0.14821137273256674,2.2386009548953476,0.01865500795746123,0.0,0.09417330728394917,2.9019234827389724,2.1792730671408282,14.883441245169035,15.606091660767179,0.6113499157150609,0.0020962249998168164,26,21.666666666666668,4.444444444444445,1,0.24166666666666667,0.19166666666666668,0.5666666666666667,4.0,0.0,3.3333333333333335
ucb,15,"{""dynamic.change_interval"": 60}",0,abrupt_change,dynamic.change_interval,60,120,7680,500,0.06510416666666667,0.9083333333333333,0.26793566062117696,9.363529690225121,0.07802941408520934,0.0712678363089388,0.22249249410183775,10.187925336848956,8.887402611666076,21.96435393769228,23.26487666287516,0.38630530076718445,0.0021589408334572605,113,94.16666666666667,1.0526315789473684,1,0.30833333333333335,0.35,0.3416666666666667,10.0,0.0,0.0
sliding_window_ucb,15,"{""dynamic.change_interval"": 60}",0,abrupt_change,dynamic.change_interval,60,120,7680,524,0.06822916666666666,0.9,0.2590520551592078,8.023804908354698,0.06686504090295582,0.0645823438789629,0.1657630022276786,9.121892681412657,7.821369956229777,21.96435393769228,23.26487666287516,0.5072147343761041,0.0021022316665645726,96,80.0,1.2371134020618557,1,0.30833333333333335,0.3416666666666667,0.35,5.0,0.0,0.0
discounted_ucb,15,"{""dynamic.change_interval"": 60}",0,abrupt_change,dynamic.change_interval,60,120,7680,513,0.066796875,0.8833333333333333,0.2666212625081173,9.119036782485583,0.07599197318737987,0.07063430666309689,0.1658344556037422,10.030197563281796,8.729674838098916,21.96435393769228,23.26487666287516,0.5244702247178987,0.0021349583332266773,115,95.83333333333333,1.0344827586206897,1,0.31666666666666665,0.35,0.3333333333333333,8.0,0.0,0.0
uncertainty_aware,15,"{""dynamic.change_interval"": 60}",0,abrupt_change,dynamic.change_interval,60,120,7680,507,0.066015625,0.9,0.2157590199299658,3.6151415553787682,0.0301261796281564,0.0,0.11819010506219664,3.926728453903614,2.626205728720734,21.96435393769228,23.26487666287516,0.6035599140145229,0.0021175116663774435,26,21.666666666666668,4.444444444444445,1,0.23333333333333334,0.3416666666666667,0.425,4.0,0.0,3.3333333333333335
ucb,16,"{""dynamic.change_interval"": 60}",0,abrupt_change,dynamic.change_interval,60,120,7680,324,0.0421875,0.5,0.1945761938701925,8.66242515018728,0.07218687625156067,0.07065804208613768,0.16142050715478637,9.370411318698261,9.175893545804524,13.97873194572484,14.173249718618578,0.3860721825849687,0.0021337708330368818,115,95.83333333333333,1.0344827586206897,1,0.30833333333333335,0.325,0.36666666666666664,10.0,0.0,0.0
sliding_window_ucb,16,"{""dynamic.change_interval"": 60}",0,abrupt_change,dynamic.change_interval,60,120,7680,346,0.04505208333333333,0.5083333333333333,0.19491403256570905,8.708611926099845,0.07257176605083204,0.07093184111921758,0.22161374160094646,9.410951962160246,9.216434189266508,13.97873194572484,14.173249718618578,0.5068858315515741,0.002177450000211441,111,92.5,1.0714285714285714,1,0.31666666666666665,0.35833333333333334,0.325,33.0,0.0,0.0
discounted_ucb,16,"{""dynamic.change_interval"": 60}",0,abrupt_change,dynamic.change_interval,60,120,7680,338,0.04401041666666667,0.49166666666666664,0.19689867563010274,8.876212242009059,0.0739684353500755,0.07187319264185171,0.17007827740272477,9.64910912988749,9.454591356993753,13.97873194572484,14.173249718618578,0.5246973413689866,0.0022124899997531125,119,99.16666666666667,1.0,1,0.325,0.3333333333333333,0.3416666666666667,41.0,0.0,0.0
uncertainty_aware,16,"{""dynamic.change_interval"": 60}",0,abrupt_change,dynamic.change_interval,60,120,7680,329,0.04283854166666667,0.5083333333333333,0.14601553824616975,3.007146620196628,0.02505955516830523,0.0,0.08532235797477154,3.5431326438155306,3.348614870921793,13.97873194572484,14.173249718618578,0.6228611115001701,0.002117644166598135,31,25.833333333333332,3.75,1,0.35,0.225,0.425,4.0,0.0,4.166666666666667
ucb,17,"{""dynamic.change_interval"": 60}",0,abrupt_change,dynamic.change_interval,60,120,7680,434,0.05651041666666667,0.6916666666666667,0.2304980383329817,9.618913053289386,0.08015760877741156,0.06896549370015358,0.22957376280045397,10.581473337083587,10.077829737767,17.078291262874217,17.581934862190803,0.3833486880660029,0.0020603991664150576,113,94.16666666666667,1.0526315789473684,1,0.225,0.375,0.4,15.0,0.0,0.0
sliding_window_ucb,17,"{""dynamic.change_interval"": 60}",0,abrupt_change,dynamic.change_interval,60,120,7680,452,0.058854166666666666,0.7166666666666667,0.2290337843265082,9.693832762345355,0.0807819396862113,0.0692099779025045,0.23460273070050333,10.405762856306769,9.902119256990183,17.078291262874217,17.581934862190803,0.5074731484519032,0.0020631816662595765,102,85.0,1.1650485436893203,1,0.2833333333333333,0.35,0.36666666666666664,18.0,0.0,0.0
discounted_ucb,17,"{""dynamic.change_interval"": 60}",0,abrupt_change,dynamic.change_interval,60,120,7680,440,0.057291666666666664,0.7333333333333333,0.23707063467427084,10.300706079849896,0.08583921733208247,0.07191227023212932,0.23854520864021456,11.370184898038282,10.866541298721696,17.078291262874217,17.581934862190803,0.5239585166832783,0.002034591666900572,113,94.16666666666667,1.0526315789473684,1,0.2833333333333333,0.35833333333333334,0.35833333333333334,11.0,0.0,0.0
uncertainty_aware,17,"{""dynamic.change_interval"": 60}",0,abrupt_change,dynamic.change_interval,60,120,7680,403,0.052473958333333334,0.675,0.1798976908173233,4.216381036359721,0.035136508636331006,0.0,0.15481406853220012,4.509431635204578,4.005788035887992,17.078291262874217,17.581934862190803,0.585586185585557,0.0021018191663339774,37,30.833333333333332,3.1578947368421053,1,0.13333333333333333,0.375,0.49166666666666664,4.0,0.0,4.166666666666667
ucb,18,"{""dynamic.change_interval"": 60}",0,abrupt_change,dynamic.change_interval,60,120,7680,461,0.06002604166666667,0.7333333333333333,0.24096332967092693,9.126778715683312,0.07605648929736093,0.07082540099577916,0.1806631397318657,9.893666646080735,8.978693212691525,19.021932914430497,19.936906347819708,0.3860967730665847,0.0020506958334711575,116,96.66666666666667,1.0256410256410255,1,0.3,0.35,0.35,17.0,0.0,0.0
sliding_window_ucb,18,"{""dynamic.change_interval"": 60}",0,abrupt_change,dynamic.change_interval,60,120,7680,485,0.06315104166666667,0.7583333333333333,0.24338736271554595,9.528933287904476,0.07940777739920396,0.07142951024196126,0.21708773355140593,10.184550611435018,9.269577178045807,19.021932914430497,19.936906347819708,0.5061720218803412,0.002144337500006562,111,92.5,1.0714285714285714,1,0.30833333333333335,0.35,0.3416666666666667,16.0,0.0,0.0
discounted_ucb,18,"{""dynamic.change_interval"": 60}",0,abrupt_change,dynamic.change_interval,60,120,7680,472,0.06145833333333333,0.7583333333333333,0.24596886985887714,9.765183993348842,0.08137653327790702,0.07096259333091237,0.22262259452617383,10.494331468634758,9.579358035245548,19.021932914430497,19.936906347819708,0.5244909888906898,0.002071534166861966,117,97.5,1.0169491525423728,1,0.30833333333333335,0.3416666666666667,0.35,9.0,0.0,0.0
uncertainty_aware,18,"{""dynamic.change_interval"": 60}",0,abrupt_change,dynamic.change_interval,60,120,7680,467,0.060807291666666666,0.75,0.19256431869834895,3.4864532205091128,0.02905377683757594,0.0,0.10940971750680899,4.085785329371376,3.1708118959821654,19.021932914430497,19.936906347819708,0.6029079823363941,0.001989804166320634,30,25.0,3.870967741935484,1,0.3,0.18333333333333332,0.5166666666666667,5.0,0.0,4.166666666666667
ucb,19,"{""dynamic.change_interval"": 60}",0,abrupt_change,dynamic.change_interval,60,120,7680,519,0.067578125,0.775,0.24952163242685993,10.47397861679601,0.08728315513996675,0.07214577812194872,0.23881495367619712,10.817710157233282,10.136133678868134,19.12488573398991,19.806462212355058,0.3856639388053823,0.0022846291671764145,111,92.5,1.0714285714285714,1,0.2833333333333333,0.3416666666666667,0.375,4.0,0.0,0.0
sliding_window_ucb,19,"{""dynamic.change_interval"": 60}",0,abrupt_change,dynamic.change_interval,60,120,7680,511,0.06653645833333334,0.775,0.24118849148334712,9.318272792366447,0.07765227326972039,0.06772729137998726,0.23881495367619712,9.817733244011745,9.136156765646597,19.12488573398991,19.806462212355058,0.507266721426011,0.0023045425003147104,98,81.66666666666667,1.2121212121212122,1,0.30833333333333335,0.35,0.3416666666666667,4.0,0.0,0.0
discounted_ucb,19,"{""dynamic.change_interval"": 60}",0,abrupt_change,dynamic.change_interval,60,120,7680,498,0.06484375,0.7583333333333333,0.24691103536975106,10.113193154459424,0.0842766096204952,0.0714668894595314,0.2345872639114182,10.504438510380218,9.82286203201507,19.12488573398991,19.806462212355058,0.5244565901908141,0.0022945566669174394,114,95.0,1.0434782608695652,1,0.30833333333333335,0.3416666666666667,0.35,7.0,0.0,0.0
uncertainty_aware,19,"{""dynamic.change_interval"": 60}",0,abrupt_change,dynamic.change_interval,60,120,7680,507,0.066015625,0.725,0.19671791937801542,4.252857958961666,0.035440482991347215,0.0,0.11897793128005099,4.481264591371939,3.799688113006791,19.12488573398991,19.806462212355058,0.6086752622815178,0.00232797666691719,36,30.0,3.2432432432432434,1,0.15,0.375,0.475,4.0,0.0,4.166666666666667
ucb,20,"{""dynamic.change_interval"": 60}",0,abrupt_change,dynamic.change_interval,60,120,7680,329,0.04283854166666667,0.6833333333333333,0.22109547275885616,10.752075103956832,0.08960062586630693,0.07404277125832748,0.23551036833669833,11.616504563557688,10.225910239208517,14.914952167505051,16.305546491854223,0.38639750591999084,0.002068837499912964,115,95.83333333333333,1.0344827586206897,1,0.31666666666666665,0.3333333333333333,0.35,4.0,0.0,0.0
sliding_window_ucb,20,"{""dynamic.change_interval"": 60}",0,abrupt_change,dynamic.change_interval,60,120,7680,312,0.040625,0.6916666666666667,0.21454786500621642,10.211687276792322,0.08509739397326935,0.07259561282386601,0.23551036833669833,10.830791633240919,9.440197308891747,14.914952167505051,16.305546491854223,0.5056959408920787,0.0019410508331323703,105,87.5,1.1320754716981132,1,0.31666666666666665,0.3333333333333333,0.35,4.0,0.0,0.0
discounted_ucb,20,"{""dynamic.change_interval"": 60}",0,abrupt_change,dynamic.change_interval,60,120,7680,314,0.04088541666666667,0.675,0.21736855163554686,10.086829214065672,0.08405691011721393,0.0724819887744405,0.22491990524016403,11.16927402876057,9.778679704411399,14.914952167505051,16.305546491854223,0.5246119523836905,0.002077587500025402,113,94.16666666666667,1.0526315789473684,1,0.31666666666666665,0.3416666666666667,0.3416666666666667,26.0,0.0,0.0
uncertainty_aware,20,"{""dynamic.change_interval"": 60}",0,abrupt_change,dynamic.change_interval,60,120,7680,303,0.039453125,0.5833333333333334,0.15533424689095085,3.402417093861932,0.028353475782182766,0.0,0.11573759617411981,3.7251574594090524,2.334563135059881,14.914952167505051,16.305546491854223,0.612037324948658,0.0019872658336680614,33,27.5,3.5294117647058822,1,0.26666666666666666,0.39166666666666666,0.3416666666666667,4.0,0.0,4.166666666666667
ucb,11,"{""dynamic.change_interval"": 30}",1,abrupt_change,dynamic.change_interval,30,120,7680,402,0.05234375,0.6583333333333333,0.21513722183173362,8.216911755798623,0.0684742646316552,0.07164024384183071,0.1564858053438253,8.89858225118154,8.21417267746381,16.917884368626492,17.60229394234422,0.38573384995756965,0.0020274199996492825,100,83.33333333333333,1.188118811881188,1,0.2833333333333333,0.3416666666666667,0.375,16.333333333333332,0.0,0.0
sliding_window_ucb,11,"{""dynamic.change_interval"": 30}",1,abrupt_change,dynamic.change_interval,30,120,7680,427,0.05559895833333333,0.6416666666666667,0.21551062425336934,8.477152214841574,0.07064293512367978,0.06948164027245772,0.20512128770324545,8.943390541777827,8.258980968060097,16.917884368626492,17.60229394234422,0.5062377581630798,0.0020382616669545922,101,84.16666666666667,1.1764705882352942,1,0.325,0.3333333333333333,0.3416666666666667,4.0,0.33333333333333337,0.0
discounted_ucb,11,"{""dynamic.change_interval"": 30}",1,abrupt_change,dynamic.change_interval,30,120,7680,398,0.05182291666666667,0.6833333333333333,0.22899692965575807,10.23192546249508,0.08526604552079234,0.07383107769795394,0.22796888677308944,10.561747190064477,9.877337616346747,16.917884368626492,17.60229394234422,0.5245469837875579,0.002015966666719275,117,97.5,1.0169491525423728,1,0.30833333333333335,0.3416666666666667,0.35,8.0,0.33333333333333337,0.0
uncertainty_aware,11,"{""dynamic.change_interval"": 30}",1,abrupt_change,dynamic.change_interval,30,120,7680,395,0.051432291666666664,0.6583333333333333,0.17938078341125355,4.08565329946164,0.034047110828847,0.0,0.11028180460706331,4.607809640723932,3.9234000670062024,16.917884368626492,17.60229394234422,0.5887904173161264,0.001893115000105657,41,34.166666666666664,2.857142857142857,1,0.38333333333333336,0.2,0.4166666666666667,4.333333333333333,0.0,3.3333333333333335
ucb,12,"{""dynamic.change_interval"": 30}",1,abrupt_change,dynamic.change_interval,30,120,7680,450,0.05859375,0.65,0.2228251541635557,8.762717327724282,0.07302264439770235,0.07187341043670648,0.16194966266867328,9.270997211274608,8.429912319006444,17.468021288352077,18.30910618062024,0.3851676041148464,0.00201115250026002,108,90.0,1.1009174311926606,1,0.275,0.39166666666666666,0.3333333333333333,15.5,0.33333333333333337,0.0
sliding_window_ucb,12,"{""dynamic.change_interval"": 30}",1,abrupt_change,dynamic.change_interval,30,120,7680,439,0.05716145833333333,0.6583333333333333,0.2199127631657212,8.548099620663375,0.07123416350552812,0.07197222644365711,0.1739221971991154,8.921510291534467,8.080425399266304,17.468021288352077,18.30910618062024,0.5066857007453354,0.0019615375002710305,102,85.0,1.1650485436893203,1,0.31666666666666665,0.3416666666666667,0.3416666666666667,9.666666666666666,0.0,0.0
discounted_ucb,12,"{""dynamic.change_interval"": 30}",1,abrupt_change,dynamic.change_interval,30,120,7680,430,0.055989583333333336,0.65,0.22621042605725888,9.186798127562746,0.07655665106302288,0.07136545569990743,0.18516744575390914,9.67722983851899,8.836144946250826,17.468021288352077,18.30910618062024,0.5243094673174077,0.0019556975000644644,117,97.5,1.0169491525423728,1,0.30833333333333335,0.35,0.3416666666666667,13.666666666666666,0.0,0.0
uncertainty_aware,12,"{""dynamic.change_interval"": 30}",1,abrupt_change,dynamic.change_interval,30,120,7680,462,0.06015625,0.7166666666666667,0.1914309565775382,4.297404679252701,0.03581170566043918,0.0,0.12135478167007822,5.503693500952508,4.662608608684344,17.468021288352077,18.30910618062024,0.6025508540092367,0.001865475833134648,37,30.833333333333332,3.1578947368421053,1,0.44166666666666665,0.24166666666666667,0.31666666666666665,4.0,0.0,3.3333333333333335
ucb,13,"{""dynamic.change_interval"": 30}",1,abrupt_change,dynamic.change_interval,30,120,7680,396,0.0515625,0.55,0.20468984134069104,9.127153598346709,0.07605961331955591,0.07097084807861058,0.22492405720273037,9.53301728526355,8.534145953683009,15.029763675619375,16.028635007199917,0.3863942650301066,0.002355278332894765,110,91.66666666666667,1.0810810810810811,1,0.3333333333333333,0.3333333333333333,0.3333333333333333,6.333333333333333,0.0,0.0
sliding_window_ucb,13,"{""dynamic.change_interval"": 30}",1,abrupt_change,dynamic.change_interval,30,120,7680,383,0.04986979166666667,0.5583333333333333,0.20173648843396813,8.974557913430289,0.07478798261191907,0.0709530016418922,0.22697370620751933,9.1786149364568,8.179743604876258,15.029763675619375,16.028635007199917,0.5058961696974779,0.00242196833332855,104,86.66666666666667,1.1428571428571428,1,0.325,0.3416666666666667,0.3333333333333333,8.0,0.0,0.0
discounted_ucb,13,"{""dynamic.change_interval"": 30}",1,abrupt_change,dynamic.change_interval,30,120,7680,361,0.04700520833333333,0.5166666666666667,0.20052743826667194,8.332900445359051,0.06944083704465877,0.07030203656561898,0.15635727924517606,9.033528916381258,8.034657584800716,15.029763675619375,16.028635007199917,0.5246180785589977,0.0023007858332372657,116,96.66666666666667,1.0256410256410255,1,0.3416666666666667,0.31666666666666665,0.3416666666666667,8.0,0.0,0.0
uncertainty_aware,13,"{""dynamic.change_interval"": 30}",1,abrupt_change,dynamic.change_interval,30,120,7680,382,0.04973958333333333,0.5,0.15829847277734477,3.9840222000989196,0.03320018500082433,0.0,0.10860650162670243,3.9660530576619983,2.9671817260814564,15.029763675619375,16.028635007199917,0.6214932792615893,0.002392689166663331,45,37.5,2.608695652173913,1,0.14166666666666666,0.35,0.5083333333333333,4.0,0.0,3.3333333333333335
ucb,14,"{""dynamic.change_interval"": 30}",1,abrupt_change,dynamic.change_interval,30,120,7680,433,0.056380208333333334,0.75,0.241541826924385,9.674126159023375,0.08061771799186146,0.07218761011611348,0.1602484675562614,10.306676542212703,9.182498998730448,18.678342688713496,19.80252023219575,0.3861796185730632,0.002544330833491889,117,97.5,1.0169491525423728,1,0.3,0.35833333333333334,0.3416666666666667,4.0,0.6666666666666667,0.0
sliding_window_ucb,14,"{""dynamic.change_interval"": 30}",1,abrupt_change,dynamic.change_interval,30,120,7680,434,0.05651041666666667,0.7333333333333333,0.23539231498506163,8.721159886645925,0.07267633238871604,0.07277420596382733,0.15520774234655907,9.5687351094939,8.444557566011646,18.678342688713496,19.80252023219575,0.5067165889712876,0.002523051666867104,110,91.66666666666667,1.0810810810810811,1,0.31666666666666665,0.35833333333333334,0.325,16.666666666666668,0.0,0.0
discounted_ucb,14,"{""dynamic.change_interval"": 30}",1,abrupt_change,dynamic.change_interval,30,120,7680,427,0.05559895833333333,0.725,0.237855173898281,9.053999094032946,0.07544999245027455,0.07185886311858655,0.15519285355295467,9.864278179080227,8.740100635597972,18.678342688713496,19.80252023219575,0.5244590685381839,0.0024948474997775823,118,98.33333333333333,1.0084033613445378,1,0.31666666666666665,0.35833333333333334,0.325,18.333333333333332,0.0,0.0
uncertainty_aware,14,"{""dynamic.change_interval"": 30}",1,abrupt_change,dynamic.change_interval,30,120,7680,367,0.04778645833333333,0.7166666666666667,0.18127232230032078,2.7063202437043294,0.02255266869753608,0.0,0.09302419298102466,3.0743359873249965,1.9501584438427422,18.678342688713496,19.80252023219575,0.6191887058116824,0.0023890566667129558,34,28.333333333333332,3.4285714285714284,1,0.24166666666666667,0.24166666666666667,0.5166666666666667,4.0,0.0,3.3333333333333335
ucb,15,"{""dynamic.change_interval"": 30}",1,abrupt_change,dynamic.change_interval,30,120,7680,401,0.05221354166666667,0.75,0.22857846678027904,7.700664877687444,0.06417220731406204,0.06851158451309253,0.15171953912050215,8.580292432971511,7.854271493615471,18.849123580661974,19.575144520018014,0.3840278981326514,0.002216943333345019,100,83.33333333333333,1.188118811881188,1,0.24166666666666667,0.375,0.38333333333333336,5.5,0.33333333333333337,0.0
sliding_window_ucb,15,"{""dynamic.change_interval"": 30}",1,abrupt_change,dynamic.change_interval,30,120,7680,395,0.051432291666666664,0.7833333333333333,0.23262676344976854,8.48028435015264,0.07066903625127201,0.07076685028190566,0.22519745709485428,9.066088033310251,8.340067093954211,18.849123580661974,19.575144520018014,0.506894574806569,0.0022039975000855824,100,83.33333333333333,1.188118811881188,1,0.30833333333333335,0.3333333333333333,0.35833333333333334,14.0,0.0,0.0
discounted_ucb,15,"{""dynamic.change_interval"": 30}",1,abrupt_change,dynamic.change_interval,30,120,7680,392,0.051041666666666666,0.8,0.2433795538523299,9.267665428455429,0.07723054523712856,0.07012898318357311,0.2212963223367135,10.356422881617615,9.630401942261575,18.849123580661974,19.575144520018014,0.5245690895976245,0.0022426191665848214,115,95.83333333333333,1.0344827586206897,1,0.30833333333333335,0.35,0.3416666666666667,10.0,0.0,0.0
uncertainty_aware,15,"{""dynamic.change_interval"": 30}",1,abrupt_change,dynamic.change_interval,30,120,7680,428,0.05572916666666667,0.7916666666666666,0.19803840018789748,4.595050093799401,0.038292084114995004,0.0,0.11984125463250334,4.915484441885724,4.189463502529684,18.849123580661974,19.575144520018014,0.6216746173346656,0.0022816924999157586,35,29.166666666666668,3.3333333333333335,1,0.26666666666666666,0.31666666666666665,0.4166666666666667,5.0,0.0,3.3333333333333335
ucb,16,"{""dynamic.change_interval"": 30}",1,abrupt_change,dynamic.change_interval,30,120,7680,323,0.04205729166666667,0.5166666666666667,0.1981531461574629,8.93455891582375,0.07445465763186458,0.07101377194022569,0.15827067974073042,9.524166847619952,9.000217105991254,14.254210691275595,14.778160432904293,0.3863655667371025,0.0021818566664781732,118,98.33333333333333,1.0084033613445378,1,0.3333333333333333,0.3416666666666667,0.325,15.0,0.33333333333333337,0.0
sliding_window_ucb,16,"{""dynamic.change_interval"": 30}",1,abrupt_change,dynamic.change_interval,30,120,7680,325,0.042317708333333336,0.48333333333333334,0.19068116678895694,7.917064607510417,0.06597553839592014,0.07122851185204408,0.12256381960768847,8.627529323399237,8.10357958177054,14.254210691275595,14.778160432904293,0.5051601628129221,0.0021961266664826933,113,94.16666666666667,1.0526315789473684,1,0.31666666666666665,0.35,0.3333333333333333,14.333333333333334,0.0,0.0
discounted_ucb,16,"{""dynamic.change_interval"": 30}",1,abrupt_change,dynamic.change_interval,30,120,7680,358,0.046614583333333334,0.5,0.19842292657324642,9.117910488028329,0.07598258740023607,0.07176201779890645,0.15277401375859165,9.556540497513975,9.032590755885277,14.254210691275595,14.778160432904293,0.524695915617729,0.002162599166452613,117,97.5,1.0169491525423728,1,0.3416666666666667,0.3333333333333333,0.325,15.666666666666666,0.0,0.0
uncertainty_aware,16,"{""dynamic.change_interval"": 30}",1,abrupt_change,dynamic.change_interval,30,120,7680,340,0.044270833333333336,0.49166666666666664,0.1427453156163888,2.6991265504528736,0.022492721253773947,0.0,0.09729655994107353,2.875227182691063,2.351277441062365,14.254210691275595,14.778160432904293,0.6482092712526035,0.0021338166667192126,28,23.333333333333332,4.137931034482759,1,0.21666666666666667,0.23333333333333334,0.55,4.0,0.0,3.3333333333333335
ucb,17,"{""dynamic.change_interval"": 30}",1,abrupt_change,dynamic.change_interval,30,120,7680,461,0.06002604166666667,0.675,0.2289896715164222,9.232058684631673,0.07693382237193061,0.0701403059033739,0.2346471531264757,10.084417806013029,9.488343576922716,17.394342775957632,17.990417005047945,0.3826573392192877,0.002017901666598239,110,91.66666666666667,1.0810810810810811,1,0.21666666666666667,0.4,0.38333333333333336,23.0,0.6666666666666667,0.0
sliding_window_ucb,17,"{""dynamic.change_interval"": 30}",1,abrupt_change,dynamic.change_interval,30,120,7680,472,0.06145833333333333,0.675,0.22697235413273287,8.721489841277773,0.07267908201064811,0.0681359043117471,0.23779300441337176,9.842339719970312,9.246265490879999,17.394342775957632,17.990417005047945,0.5055246613107065,0.001994893333600582,105,87.5,1.1320754716981132,1,0.275,0.36666666666666664,0.35833333333333334,11.0,0.0,0.0
discounted_ucb,17,"{""dynamic.change_interval"": 30}",1,abrupt_change,dynamic.change_interval,30,120,7680,472,0.06145833333333333,0.7333333333333333,0.2424410782248846,10.890500048627581,0.09075416707189651,0.07286188559893156,0.2395816491078879,11.698586611028517,11.102512381938205,17.394342775957632,17.990417005047945,0.5238377692203925,0.0019673108339096266,117,97.5,1.0169491525423728,1,0.2833333333333333,0.35,0.36666666666666664,6.0,0.6666666666666667,0.0
uncertainty_aware,17,"{""dynamic.change_interval"": 30}",1,abrupt_change,dynamic.change_interval,30,120,7680,450,0.05859375,0.6833333333333333,0.19060594465547306,4.647110830858551,0.038725923590487925,0.0,0.11697888558548969,5.478370582699135,4.882296353608822,17.394342775957632,17.990417005047945,0.5975493048332811,0.00191809333373385,45,37.5,2.608695652173913,1,0.24166666666666667,0.275,0.48333333333333334,5.666666666666667,0.0,3.3333333333333335
ucb,18,"{""dynamic.change_interval"": 30}",1,abrupt_change,dynamic.change_interval,30,120,7680,550,0.07161458333333333,0.7916666666666666,0.25069468049099036,8.142541261912953,0.06785451051594128,0.06815515123052354,0.18249556710137232,9.028778971900614,8.272126711623876,21.054582687018232,21.81123494729497,0.3842433172371084,0.0021690116665316356,105,87.5,1.1320754716981132,1,0.2833333333333333,0.425,0.2916666666666667,12.0,0.0,0.0
sliding_window_ucb,18,"{""dynamic.change_interval"": 30}",1,abrupt_change,dynamic.change_interval,30,120,7680,577,0.07513020833333334,0.7666666666666667,0.2507833080121041,8.34320567009502,0.0695267139174585,0.06975148711095139,0.16263203306474047,9.039414274434257,8.28276201415752,21.054582687018232,21.81123494729497,0.5060743775410618,0.002100084166219555,107,89.16666666666667,1.1111111111111112,1,0.325,0.35833333333333334,0.31666666666666665,17.666666666666668,0.0,0.0
discounted_ucb,18,"{""dynamic.change_interval"": 30}",1,abrupt_change,dynamic.change_interval,30,120,7680,594,0.07734375,0.8083333333333333,0.2645248437814131,10.101592182714842,0.08417993485595703,0.0731719847468333,0.22236051808319687,10.688398566751342,9.931746306474604,21.054582687018232,21.81123494729497,0.5246116752326532,0.0020890149996072673,118,98.33333333333333,1.0084033613445378,1,0.325,0.35,0.325,19.0,0.33333333333333337,0.0
uncertainty_aware,18,"{""dynamic.change_interval"": 30}",1,abrupt_change,dynamic.change_interval,30,120,7680,580,0.07552083333333333,0.775,0.20676542862532965,2.932867887477646,0.024440565728980384,0.0,0.10269051215510265,3.7572687480213247,3.000616487744587,21.054582687018232,21.81123494729497,0.5980970674232214,0.002004734166257549,30,25.0,3.870967741935484,1,0.21666666666666667,0.20833333333333334,0.575,4.0,0.0,3.3333333333333335
ucb,19,"{""dynamic.change_interval"": 30}",1,abrupt_change,dynamic.change_interval,30,120,7680,503,0.06549479166666666,0.75,0.24189923698404822,10.056182514888585,0.08380152095740487,0.07153663615835348,0.23479466046517983,10.394634958215441,9.417507344379054,18.633273479870347,19.610401093706734,0.3857324459939789,0.0019058075000430107,107,89.16666666666667,1.1111111111111112,1,0.3,0.31666666666666665,0.38333333333333336,13.333333333333334,0.0,0.0
sliding_window_ucb,19,"{""dynamic.change_interval"": 30}",1,abrupt_change,dynamic.change_interval,30,120,7680,512,0.06666666666666667,0.7833333333333333,0.24552649569511792,10.187427180832021,0.08489522650693351,0.07203650256560847,0.23881495367619712,10.829906003543805,9.852778389707417,18.633273479870347,19.610401093706734,0.5053515383038932,0.0019250908329922823,103,85.83333333333333,1.1538461538461537,1,0.30833333333333335,0.35833333333333334,0.3333333333333333,12.0,0.0,0.0
discounted_ucb,19,"{""dynamic.change_interval"": 30}",1,abrupt_change,dynamic.change_interval,30,120,7680,515,0.06705729166666667,0.775,0.24990184488318387,10.893888878151893,0.09078240731793244,0.07553631413042942,0.23479466046517983,11.354947906111718,10.37782029227533,18.633273479870347,19.610401093706734,0.524392575381732,0.0018801183332470828,112,93.33333333333333,1.0619469026548674,1,0.31666666666666665,0.31666666666666665,0.36666666666666664,6.0,0.33333333333333337,0.0
uncertainty_aware,19,"{""dynamic.change_interval"": 30}",1,abrupt_change,dynamic.change_interval,30,120,7680,471,0.061328125,0.7416666666666667,0.20518060224752593,5.421426455205102,0.045178553793375854,0.0,0.1887950496865081,5.988398789832765,5.011271175996377,18.633273479870347,19.610401093706734,0.5889978842788965,0.0018730975002957469,52,43.333333333333336,2.2641509433962264,1,0.2916666666666667,0.24166666666666667,0.4666666666666667,11.0,0.0,3.3333333333333335
ucb,20,"{""dynamic.change_interval"": 30}",1,abrupt_change,dynamic.change_interval,30,120,7680,298,0.038802083333333334,0.6,0.20415836356064326,9.457191853240722,0.07880993211033935,0.07213252087444996,0.22455951654398798,10.229612330341354,8.878724992565829,14.269391296935837,15.620278634711362,0.3855352880841142,0.002095592499851288,111,92.5,1.0714285714285714,1,0.275,0.36666666666666664,0.35833333333333334,12.0,0.33333333333333337,0.0
sliding_window_ucb,20,"{""dynamic.change_interval"": 30}",1,abrupt_change,dynamic.change_interval,30,120,7680,299,0.03893229166666667,0.6583333333333333,0.20372223326236735,9.593392014656134,0.07994493345546778,0.07196322850941123,0.2322730476426239,10.177276694548247,8.826389356772722,14.269391296935837,15.620278634711362,0.5060486925736097,0.0021308983328708563,97,80.83333333333333,1.2244897959183674,1,0.3,0.3333333333333333,0.36666666666666664,10.0,0.0,0.0
discounted_ucb,20,"{""dynamic.change_interval"": 30}",1,abrupt_change,dynamic.change_interval,30,120,7680,287,0.037369791666666666,0.6333333333333333,0.21060081049354337,10.267703770713574,0.08556419808927979,0.07170962125819383,0.2260917712781649,11.002705962289369,9.651818624513844,14.269391296935837,15.620278634711362,0.5244004056984947,0.002081815000201459,116,96.66666666666667,1.0256410256410255,1,0.30833333333333335,0.35,0.3416666666666667,20.0,0.6666666666666667,0.0
uncertainty_aware,20,"{""dynamic.change_interval"": 30}",1,abrupt_change,dynamic.change_interval,30,120,7680,267,0.034765625,0.5583333333333333,0.15193854441606305,3.413181456808787,0.028443178806739893,0.0,0.13501238038067598,3.9632340329917284,2.6123466952162033,14.269391296935837,15.620278634711362,0.6270087026209026,0.0020641583335115382,38,31.666666666666668,3.076923076923077,1,0.20833333333333334,0.225,0.5666666666666667,6.333333333333333,0.0,3.3333333333333335
ucb,11,"{""dynamic.change_interval"": 10}",2,abrupt_change,dynamic.change_interval,10,120,7680,415,0.054036458333333336,0.6416666666666667,0.20982891946906385,8.39202813837714,0.0699335678198095,0.0698858877804156,0.18710812209644503,8.958665836767295,7.720033536800582,16.220804499520366,17.45943679948708,0.3820603318190203,0.0019198524993043974,92,76.66666666666667,1.2903225806451613,1,0.21666666666666667,0.35,0.43333333333333335,4.166666666666667,0.4545454545454546,0.0
sliding_window_ucb,11,"{""dynamic.change_interval"": 10}",2,abrupt_change,dynamic.change_interval,10,120,7680,409,0.05325520833333333,0.65,0.2134624246052072,9.094458798065798,0.07578715665054832,0.07272136574417581,0.22329064904876164,9.394686453104498,8.156054153137784,16.220804499520366,17.45943679948708,0.508227764860386,0.0019254241663171948,98,81.66666666666667,1.2121212121212122,1,0.31666666666666665,0.3333333333333333,0.35,5.0,0.5454545454545454,0.0
discounted_ucb,11,"{""dynamic.change_interval"": 10}",2,abrupt_change,dynamic.change_interval,10,120,7680,410,0.053385416666666664,0.6666666666666666,0.2223018238874221,9.930919489289401,0.08275766241074502,0.07086620691764772,0.22554106787632733,10.455414366970285,9.216782067003571,16.220804499520366,17.45943679948708,0.5243296350549985,0.0019130408328540702,109,90.83333333333333,1.0909090909090908,1,0.30833333333333335,0.3416666666666667,0.35,5.5,0.6363636363636364,0.0
uncertainty_aware,11,"{""dynamic.change_interval"": 10}",2,abrupt_change,dynamic.change_interval,10,120,7680,379,0.04934895833333333,0.65,0.18444468591619692,5.6050784692434235,0.046708987243695196,0.0,0.22820925843334391,5.912557810423266,4.673925510456552,16.220804499520366,17.45943679948708,0.6647463391904886,0.001921823332910814,54,45.0,2.1818181818181817,1,0.225,0.3333333333333333,0.44166666666666665,4.7272727272727275,0.0,0.0
ucb,12,"{""dynamic.change_interval"": 10}",2,abrupt_change,dynamic.change_interval,10,120,7680,472,0.06145833333333333,0.6666666666666666,0.21836398198273185,7.52123772714242,0.06267698105952017,0.06775133360061467,0.18281113224014786,7.926543083222139,7.280732371593299,18.277134754705685,18.922945466334525,0.38296795223000696,0.0018350383331683891,93,77.5,1.2765957446808511,1,0.44166666666666665,0.25,0.30833333333333335,5.75,0.2727272727272727,0.0
sliding_window_ucb,12,"{""dynamic.change_interval"": 10}",2,abrupt_change,dynamic.change_interval,10,120,7680,497,0.06471354166666667,0.6666666666666666,0.2262887113650418,8.342682455601143,0.06952235379667619,0.07049724296770563,0.18458942769719214,8.877510609099332,8.231699897470492,18.277134754705685,18.922945466334525,0.5088877740797938,0.0019215658331328692,102,85.0,1.1650485436893203,1,0.35,0.31666666666666665,0.3333333333333333,4.75,0.2727272727272727,0.0
discounted_ucb,12,"{""dynamic.change_interval"": 10}",2,abrupt_change,dynamic.change_interval,10,120,7680,497,0.06471354166666667,0.6833333333333333,0.2353360677084244,9.508034926182333,0.07923362438485278,0.07181153675684679,0.21879742930268045,9.963193370305245,9.317382658676404,18.277134754705685,18.922945466334525,0.5238182670043278,0.0018898424998648503,114,95.0,1.0434782608695652,1,0.3333333333333333,0.3,0.36666666666666664,5.0,0.6363636363636364,0.0
uncertainty_aware,12,"{""dynamic.change_interval"": 10}",2,abrupt_change,dynamic.change_interval,10,120,7680,508,0.06614583333333333,0.6666666666666666,0.1895502401933115,3.850810689981978,0.03209008908318315,0.0,0.12678636961673487,4.468894068491693,3.8230833568628526,18.277134754705685,18.922945466334525,0.6883302141264627,0.0017719124997408167,38,31.666666666666668,3.076923076923077,1,0.20833333333333334,0.13333333333333333,0.6583333333333333,5.454545454545454,0.0,0.0
ucb,13,"{""dynamic.change_interval"": 10}",2,abrupt_change,dynamic.change_interval,10,120,7680,493,0.06419270833333333,0.625,0.21724078428578938,7.275619427309716,0.060630161894247636,0.06775931975748127,0.13359093847230666,8.011958717946303,7.729991249951947,18.056935396348422,18.338902864342778,0.3862264607490026,0.0018803908335636758,97,80.83333333333333,1.2244897959183674,1,0.35833333333333334,0.30833333333333335,0.3333333333333333,4.2,0.5454545454545454,0.0
sliding_window_ucb,13,"{""dynamic.change_interval"": 10}",2,abrupt_change,dynamic.change_interval,10,120,7680,508,0.06614583333333333,0.6166666666666667,0.21721756482998192,6.98867702999787,0.05823897524998225,0.0679685395415113,0.12548855560054334,8.009172383249407,7.727204915255051,18.056935396348422,18.338902864342778,0.5079324265247013,0.001913488333169274,97,80.83333333333333,1.2244897959183674,1,0.31666666666666665,0.3333333333333333,0.35,5.333333333333333,0.4545454545454546,0.0
discounted_ucb,13,"{""dynamic.change_interval"": 10}",2,abrupt_change,dynamic.change_interval,10,120,7680,505,0.06575520833333333,0.6166666666666667,0.22981401151491854,8.888671782644396,0.07407226485536997,0.0712363687013031,0.12811130147234662,9.520745985441803,9.238778517447447,18.056935396348422,18.338902864342778,0.5246569760443281,0.0019275191667475155,118,98.33333333333333,1.0084033613445378,1,0.325,0.3333333333333333,0.3416666666666667,6.333333333333333,0.7272727272727273,0.0
uncertainty_aware,13,"{""dynamic.change_interval"": 10}",2,abrupt_change,dynamic.change_interval,10,120,7680,520,0.06770833333333333,0.6333333333333333,0.1886660545692772,3.7810112622798746,0.03150842718566562,0.0,0.11425602369466717,4.582991151964844,4.301023683970488,18.056935396348422,18.338902864342778,0.6794129548464611,0.0018777358335986113,43,35.833333333333336,2.727272727272727,1,0.2833333333333333,0.30833333333333335,0.4083333333333333,4.6,0.09090909090909094,0.0
ucb,14,"{""dynamic.change_interval"": 10}",2,abrupt_change,dynamic.change_interval,10,120,7680,461,0.06002604166666667,0.75,0.2407593979133041,9.688914911877077,0.08074095759897565,0.07202077652164307,0.22019277992182468,10.343451774911927,9.896643231686454,18.547675974684566,18.99448451791004,0.38533817447046204,0.001977544166705532,112,93.33333333333333,1.0619469026548674,1,0.26666666666666666,0.375,0.35833333333333334,6.333333333333333,0.7272727272727273,0.0
sliding_window_ucb,14,"{""dynamic.change_interval"": 10}",2,abrupt_change,dynamic.change_interval,10,120,7680,447,0.058203125,0.75,0.23591709973598765,9.077096771482081,0.075642473095684,0.07145495833895428,0.22672422641840903,9.762375993633952,9.31556745040848,18.547675974684566,18.99448451791004,0.5070809132274569,0.0019618725000934015,106,88.33333333333333,1.1214953271028036,1,0.2916666666666667,0.35833333333333334,0.35,6.285714285714286,0.36363636363636365,0.0
discounted_ucb,14,"{""dynamic.change_interval"": 10}",2,abrupt_change,dynamic.change_interval,10,120,7680,435,0.056640625,0.7416666666666667,0.23858923159019377,9.288688774025818,0.07740573978354849,0.07252123001674321,0.2026856191154253,10.083031816138686,9.636223272913213,18.547675974684566,18.99448451791004,0.5241349881466361,0.002020549166869993,114,95.0,1.0434782608695652,1,0.2916666666666667,0.36666666666666664,0.3416666666666667,5.8,0.5454545454545454,0.0
uncertainty_aware,14,"{""dynamic.change_interval"": 10}",2,abrupt_change,dynamic.change_interval,10,120,7680,405,0.052734375,0.6916666666666667,0.1870042195533541,3.4065963818445892,0.028388303182038242,0.0,0.10616783978408714,3.8928303717179276,3.446021828492455,18.547675974684566,18.99448451791004,0.6690243468536713,0.001976164166626404,44,36.666666666666664,2.6666666666666665,1,0.13333333333333333,0.31666666666666665,0.55,4.545454545454546,0.0,0.0
ucb,15,"{""dynamic.change_interval"": 10}",2,abrupt_change,dynamic.change_interval,10,120,7680,461,0.06002604166666667,0.725,0.2283975909985492,7.533468949133986,0.06277890790944989,0.0657010371269445,0.1653669226417254,8.094093773800406,6.870385595820537,19.313617146025496,20.537325324005366,0.38256459668716786,0.0020068466667604906,96,80.0,1.2371134020618557,1,0.23333333333333334,0.325,0.44166666666666665,5.285714285714286,0.36363636363636365,0.0
sliding_window_ucb,15,"{""dynamic.change_interval"": 10}",2,abrupt_change,dynamic.change_interval,10,120,7680,491,0.06393229166666667,0.7583333333333333,0.24107949352608898,8.876669177643207,0.07397224314702672,0.0709419523877425,0.22592471038568993,9.615922077105182,8.392213899125313,19.313617146025496,20.537325324005366,0.5053829076286408,0.0019494475000707704,105,87.5,1.1320754716981132,1,0.3,0.35,0.35,6.8,0.5454545454545454,0.0
discounted_ucb,15,"{""dynamic.change_interval"": 10}",2,abrupt_change,dynamic.change_interval,10,120,7680,484,0.06302083333333333,0.8083333333333333,0.2550520054329796,10.562854529016331,0.08802378774180276,0.0741568799763937,0.22538994839746476,11.292623505932056,10.068915327952187,19.313617146025496,20.537325324005366,0.5246627822040157,0.0019414974998047303,118,98.33333333333333,1.0084033613445378,1,0.325,0.3416666666666667,0.3333333333333333,6.0,0.6363636363636364,0.0
uncertainty_aware,15,"{""dynamic.change_interval"": 10}",2,abrupt_change,dynamic.change_interval,10,120,7680,489,0.063671875,0.7583333333333333,0.20643057000717255,4.942047724893882,0.04118373104078235,0.0,0.12683101946333356,5.458051254835208,4.234343076855339,19.313617146025496,20.537325324005366,0.6848344112737393,0.0018820991666871124,47,39.166666666666664,2.5,1,0.25833333333333336,0.23333333333333334,0.5083333333333333,5.090909090909091,0.0,0.0
ucb,16,"{""dynamic.change_interval"": 10}",2,abrupt_change,dynamic.change_interval,10,120,7680,385,0.050130208333333336,0.5666666666666667,0.20756787047239028,8.351804866938476,0.06959837389115396,0.06987113355628914,0.16417897001251755,9.078341009709614,8.509448309496825,15.82980344697722,16.39869614719001,0.3863447516497426,0.0018558158336115108,112,93.33333333333333,1.0619469026548674,1,0.325,0.35,0.325,5.666666666666667,0.7272727272727273,0.0
sliding_window_ucb,16,"{""dynamic.change_interval"": 10}",2,abrupt_change,dynamic.change_interval,10,120,7680,394,0.05130208333333333,0.575,0.20440912685932133,7.96973271857368,0.06641443932144733,0.07102731464131165,0.15081681593803056,8.69929177614134,8.130399075928551,15.82980344697722,16.39869614719001,0.5062313178453998,0.0018527858332769635,103,85.83333333333333,1.1538461538461537,1,0.3,0.3416666666666667,0.35833333333333334,6.833333333333333,0.4545454545454546,0.0
discounted_ucb,16,"{""dynamic.change_interval"": 10}",2,abrupt_change,dynamic.change_interval,10,120,7680,393,0.051171875,0.5833333333333334,0.21183837409054235,8.747781468513004,0.07289817890427504,0.07111900288288772,0.16750965748749497,9.590801443887862,9.021908743675073,15.82980344697722,16.39869614719001,0.5240531469868496,0.0018703391668774807,114,95.0,1.0434782608695652,1,0.30833333333333335,0.3416666666666667,0.35,6.0,0.7272727272727273,0.0
uncertainty_aware,16,"{""dynamic.change_interval"": 10}",2,abrupt_change,dynamic.change_interval,10,120,7680,358,0.046614583333333334,0.5833333333333334,0.16488805888671468,3.4406523224117334,0.028672102686764445,0.0,0.09501741648019182,3.9567636194285427,3.3878709192157537,15.82980344697722,16.39869614719001,0.6859984619835402,0.0017524708334046106,40,33.333333333333336,2.926829268292683,1,0.325,0.20833333333333334,0.4666666666666667,4.6,0.09090909090909094,0.0
ucb,17,"{""dynamic.change_interval"": 10}",2,abrupt_change,dynamic.change_interval,10,120,7680,353,0.04596354166666667,0.6083333333333333,0.2089766627331209,9.411216350608058,0.07842680292173382,0.07197956927556981,0.23038213307121247,9.88664842988982,9.365800380069421,15.190551098084686,15.711399147905086,0.3854963932724053,0.0019474366668873699,109,90.83333333333333,1.0909090909090908,1,0.275,0.375,0.35,5.0,0.5454545454545454,0.0
sliding_window_ucb,17,"{""dynamic.change_interval"": 10}",2,abrupt_change,dynamic.change_interval,10,120,7680,365,0.047526041666666664,0.5833333333333334,0.20455404171491434,8.70426681829884,0.07253555681915701,0.07068784802093153,0.22306420213934255,9.355933907705033,8.835085857884634,15.190551098084686,15.711399147905086,0.5066523465178968,0.0019328591666635474,106,88.33333333333333,1.1214953271028036,1,0.2916666666666667,0.35833333333333334,0.35,5.666666666666667,0.4545454545454546,0.0
discounted_ucb,17,"{""dynamic.change_interval"": 10}",2,abrupt_change,dynamic.change_interval,10,120,7680,371,0.04830729166666667,0.5916666666666667,0.21190617380724214,9.587857544342484,0.07989881286952069,0.07214401995380597,0.22212815034323458,10.238189758784369,9.71734170896397,15.190551098084686,15.711399147905086,0.5241423590624569,0.00199144666664021,115,95.83333333333333,1.0344827586206897,1,0.3,0.35833333333333334,0.3416666666666667,4.0,0.8181818181818181,0.0
uncertainty_aware,17,"{""dynamic.change_interval"": 10}",2,abrupt_change,dynamic.change_interval,10,120,7680,334,0.04348958333333333,0.5666666666666667,0.1594664558753877,3.559229909259588,0.029660249243829897,0.0,0.10667813436476267,3.945423606961839,3.4245755571414396,15.190551098084686,15.711399147905086,0.6893931037537846,0.001853418333788189,39,32.5,3.0,1,0.24166666666666667,0.21666666666666667,0.5416666666666666,4.181818181818182,0.0,0.0
ucb,18,"{""dynamic.change_interval"": 10}",2,abrupt_change,dynamic.change_interval,10,120,7680,444,0.0578125,0.6916666666666667,0.22568032418726477,8.275685827990568,0.06896404856658807,0.07066930895926303,0.15687098372147937,8.947235613411436,7.652100383748234,18.134403289060337,19.42953851872354,0.38639460815494936,0.0018930899997940287,103,85.83333333333333,1.1538461538461537,1,0.3333333333333333,0.3416666666666667,0.325,5.0,0.7272727272727273,0.0
sliding_window_ucb,18,"{""dynamic.change_interval"": 10}",2,abrupt_change,dynamic.change_interval,10,120,7680,435,0.056640625,0.6583333333333333,0.22453518080552837,7.775462199781474,0.06479551833151229,0.07057787002653129,0.12580032052694676,8.809818407603068,7.514683177939865,18.134403289060337,19.42953851872354,0.5077191242736251,0.0019061474999034545,111,92.5,1.0714285714285714,1,0.3416666666666667,0.35,0.30833333333333335,4.0,0.5454545454545454,0.0
discounted_ucb,18,"{""dynamic.change_interval"": 10}",2,abrupt_change,dynamic.change_interval,10,120,7680,448,0.058333333333333334,0.6833333333333333,0.23174261860220827,9.223939629445788,0.0768661635787149,0.07151137631705798,0.22260952375994975,9.674710943204655,8.379575713541453,18.134403289060337,19.42953851872354,0.5245997983068241,0.001885700000093493,115,95.83333333333333,1.0344827586206897,1,0.3333333333333333,0.3416666666666667,0.325,4.5,0.8181818181818181,0.0
uncertainty_aware,18,"{""dynamic.change_interval"": 10}",2,abrupt_change,dynamic.change_interval,10,120,7680,450,0.05859375,0.6833333333333333,0.1899973525433999,3.955757688314442,0.03296464740262035,0.0,0.10301184457590139,4.66527901614765,3.370143786484448,18.134403289060337,19.42953851872354,0.6861866288614462,0.0017971366669371491,44,36.666666666666664,2.6666666666666665,1,0.225,0.225,0.55,4.7272727272727275,0.0,0.0
ucb,19,"{""dynamic.change_interval"": 10}",2,abrupt_change,dynamic.change_interval,10,120,7680,466,0.06067708333333333,0.7083333333333334,0.2283097897222967,9.730784178228063,0.08108986815190053,0.0717393762175154,0.23449461012226103,10.83579247028225,9.139819697177689,16.561382296393354,18.257355069497915,0.38467036371284397,0.0019462816665206143,100,83.33333333333333,1.188118811881188,1,0.25833333333333336,0.35,0.39166666666666666,6.0,0.4545454545454546,0.0
sliding_window_ucb,19,"{""dynamic.change_interval"": 10}",2,abrupt_change,dynamic.change_interval,10,120,7680,447,0.058203125,0.7166666666666667,0.2254624610887657,9.394884368110663,0.07829070306758885,0.06813599934364728,0.23462056491506458,10.494113034258529,8.798140261153968,16.561382296393354,18.257355069497915,0.5067413741824816,0.001957570833413532,96,80.0,1.2371134020618557,1,0.2916666666666667,0.36666666666666664,0.3416666666666667,4.166666666666667,0.4545454545454546,0.0
discounted_ucb,19,"{""dynamic.change_interval"": 10}",2,abrupt_change,dynamic.change_interval,10,120,7680,475,0.061848958333333336,0.7583333333333333,0.242149331657628,11.852109787638806,0.09876758156365671,0.07642420764934471,0.23672914083920116,12.496537502522006,10.800564729417445,16.561382296393354,18.257355069497915,0.5239428677705621,0.0019348199998906542,110,91.66666666666667,1.0810810810810811,1,0.3,0.3333333333333333,0.36666666666666664,6.0,0.7272727272727273,0.0
uncertainty_aware,19,"{""dynamic.change_interval"": 10}",2,abrupt_change,dynamic.change_interval,10,120,7680,445,0.057942708333333336,0.725,0.19563457159204134,5.8474361892463715,0.04872863491038643,0.0,0.22549027948563488,6.914766294651606,5.218793521547045,16.561382296393354,18.257355069497915,0.6883192222700408,0.001963580000362223,44,36.666666666666664,2.6666666666666665,1,0.26666666666666666,0.2916666666666667,0.44166666666666665,5.75,0.2727272727272727,0.0
ucb,20,"{""dynamic.change_interval"": 10}",2,abrupt_change,dynamic.change_interval,10,120,7680,401,0.05221354166666667,0.7083333333333334,0.2189740685494625,8.88409271815239,0.07403410598460325,0.06976183814511272,0.22485249797726423,9.289740728753234,9.040538162652709,16.987147497182267,17.236350063282792,0.38333209338917534,0.0019762116669880926,94,78.33333333333333,1.263157894736842,1,0.23333333333333334,0.4166666666666667,0.35,5.333333333333333,0.7272727272727273,0.0
sliding_window_ucb,20,"{""dynamic.change_interval"": 10}",2,abrupt_change,dynamic.change_interval,10,120,7680,378,0.04921875,0.6916666666666667,0.21544283001760867,8.035558634429217,0.06696298862024347,0.07051078314097672,0.2213952852436549,8.865992104930772,8.616789538830247,16.987147497182267,17.236350063282792,0.5079155908907232,0.001920659166474555,96,80.0,1.2371134020618557,1,0.31666666666666665,0.35,0.3333333333333333,5.375,0.2727272727272727,0.0
discounted_ucb,20,"{""dynamic.change_interval"": 10}",2,abrupt_change,dynamic.change_interval,10,120,7680,383,0.04986979166666667,0.725,0.2318994375725762,10.37681530119867,0.08647346084332225,0.07344124830605875,0.22888174986882726,10.840785011526876,10.59158244542635,16.987147497182267,17.236350063282792,0.5244582935398807,0.0019107183331167714,114,95.0,1.0434782608695652,1,0.31666666666666665,0.3333333333333333,0.35,6.0,0.8181818181818181,0.0
uncertainty_aware,20,"{""dynamic.change_interval"": 10}",2,abrupt_change,dynamic.change_interval,10,120,7680,380,0.049479166666666664,0.7,0.18498314588270748,4.43820481294219,0.03698504010785158,0.0,0.14603648074552708,5.210830008742629,4.961627442642104,16.987147497182267,17.236350063282792,0.6902190736748958,0.001810023333321927,42,35.0,2.7906976744186047,1,0.275,0.2,0.525,5.181818181818182,0.0,0.0
