variant,selector,time,cumulative_regret_mean,cumulative_regret_std,cumulative_regret_ci_low,cumulative_regret_ci_high,cumulative_regret_n_seeds,instantaneous_regret_mean,instantaneous_regret_std,instantaneous_regret_ci_low,instantaneous_regret_ci_high,instantaneous_regret_n_seeds,ber_mean,ber_std,ber_ci_low,ber_ci_high,ber_n_seeds,objective_mean,objective_std,objective_ci_low,objective_ci_high,objective_n_seeds,uncertainty_mean,uncertainty_std,uncertainty_ci_low,uncertainty_ci_high,uncertainty_n_seeds,hindsight_dynamic_regret_mean,hindsight_dynamic_regret_std,hindsight_dynamic_regret_ci_low,hindsight_dynamic_regret_ci_high,hindsight_dynamic_regret_n_seeds
{},always_ofdm,0,0.07500913136551624,0.08851675792614985,-0.03489894018910193,0.18491720292013442,5,0.07500913136551624,0.08851675792614985,-0.03489894018910193,0.18491720292013442,5,0.025,0.028384222069663987,-0.010243666660922572,0.060243666660922575,5,0.12830623145442238,0.0969618136925942,0.007912238191787171,0.2487002247170576,5,1.0,0.0,1.0,1.0,5,0.0745338150079754,0.08902515784716555,-0.03600551842525759,0.1850731484412084,5
{},always_ofdm,1,0.09666044711744834,0.12048990995057406,-0.05294753621499321,0.24626843044988989,5,0.02165131575193208,0.0484138138236321,-0.038462373888611734,0.08176500539247589,5,0.0125,0.020372507516258277,-0.012795809136073536,0.03779580913607354,5,0.08753710794249452,0.09284781201967292,-0.027748677554324294,0.2028228934393133,5,1.0,0.0,1.0,1.0,5,0.08741618613865507,0.12478167103880114,-0.06752072242592991,0.24235309470324004,5
{},always_ofdm,2,0.11327054719022622,0.15106984053836775,-0.0743074350206489,0.30084852940110135,5,0.0166101000727779,0.037141312875805584,-0.029506930971131894,0.06272713111668769,5,0.0125,0.01307281291459493,-0.0037320411513057754,0.028732041151305777,5,0.11745777886145023,0.08718145217217009,0.009207708388143068,0.2257078493347574,5,1.0,0.0,1.0,1.0,5,0.11550473535524723,0.18316219822427982,-0.11192117201170286,0.3429306427221973,5
{},always_ofdm,3,0.15161261878320192,0.18161536367369,-0.07389263981110306,0.3771178773775069,5,0.03834207159297563,0.052875019602141214,-0.027310936651321546,0.10399507983727281,5,0.03125,0.04555431167847891,-0.025313148774120657,0.08781314877412066,5,0.1323547234549382,0.10152120919248465,0.006299492946516744,0.25840995396335964,5,1.0,0.0,1.0,1.0,5,0.18382841463336969,0.24050334085637268,-0.1147959251557173,0.48245275442245666,5
{},always_ofdm,4,0.20432062699573597,0.1881118178132606,-0.029251044819655708,0.4378922988111277,5,0.052708008212533984,0.04830349475224306,-0.007268702208750789,0.11268471863381876,5,0.0125,0.01307281291459493,-0.0037320411513057754,0.028732041151305777,5,0.1202279703801969,0.08612438169888388,0.013290426257133447,0.22716551450326036,5,1.0,0.0,1.0,1.0,5,0.2657640129173489,0.2687624015580495,-0.06794858516806501,0.5994766110027628,5
{},always_ofdm,5,0.22264566666558147,0.1902418562783596,-0.01357079722671281,0.4588621305578757,5,0.018325039669845538,0.04097603439215493,-0.03255342702405259,0.06920350636374367,5,0.00625,0.013975424859373687,-0.011102781907486243,0.023602781907486242,5,0.05590885160723128,0.07305851278708374,-0.03480527348280011,0.14662297669726268,5,1.0,0.0,1.0,1.0,5,0.2985771850540838,0.2581326038052695,-0.021936775853515833,0.6190911459616835,5
{},always_ofdm,6,0.25822836759304485,0.18628059481276507,0.026930459450051153,0.4895262757360386,5,0.035582700927463316,0.04878868290950628,-0.024996450161050024,0.09616185201597666,5,0.009375,0.013975424859373685,-0.00797778190748624,0.026727781907486238,5,0.08935131237062106,0.09060360392902701,-0.023147920735565097,0.20185054547680722,5,1.0,0.0,1.0,1.0,5,0.36214627509339536,0.2404882506210344,0.06354067230625232,0.6607518778805384,5
{},always_ofdm,7,0.31961988320615325,0.21989358466361533,0.04658593569337022,0.5926538307189363,5,0.06139151561310836,0.05664465236222412,-0.008942109915833274,0.13172514114205,5,0.021875,0.023696485762661094,-0.007548073255444404,0.0512980732554444,5,0.12609085744412193,0.09304198388687768,0.01056397573033098,0.2416177391579129,5,1.0,0.0,1.0,1.0,5,0.45307943079956214,0.28464702762869826,0.09964346439729466,0.8065153972018296,5
{},always_ofdm,8,0.35515543282277584,0.20255385857042385,0.10365159893862314,0.6066592667069286,5,0.03553554961662258,0.04867310008228517,-0.024900086436519697,0.09597118566976486,5,0.025,0.02614562582918986,-0.007464082302611551,0.057464082302611554,5,0.12692247825054787,0.09495416813604692,0.009021306196631163,0.24482365030446457,5,1.0,0.0,1.0,1.0,5,0.4945082464143546,0.26792295340794375,0.16183796087528568,0.8271785319534235,5
{},always_ofdm,9,0.37595063107604887,0.20452824658769944,0.1219952706723601,0.6299059914797376,5,0.020795198253273,0.046499476899903316,-0.036941528148644626,0.07853192465519063,5,0.025,0.028384222069663987,-0.010243666660922572,0.060243666660922575,5,0.12559044704951494,0.0943787173263655,0.008403791548716844,0.24277710255031304,5,1.0,0.0,1.0,1.0,5,0.5210420090094143,0.2887280829813661,0.16253874310106242,0.8795452749177662,5
{},always_ofdm,10,0.4141964175045595,0.2046717718616092,0.16006284693542466,0.6683299880736944,5,0.03824578642851064,0.052427367691694586,-0.026851388554857837,0.10334296141187913,5,0.0125,0.017116329922036443,-0.008752730645570531,0.033752730645570536,5,0.08887600361162357,0.09277982137288171,-0.026325360346860005,0.20407736757010714,5,1.0,0.0,1.0,1.0,5,0.5854205636930009,0.2983521786553249,0.21496740467102576,0.9558737227149761,5
{},always_ofdm,11,0.45709952821846656,0.19021310217975076,0.22091876725521564,0.6932802891817175,5,0.042903110713907164,0.05923786065669567,-0.03065040819412318,0.11645662962193751,5,0.03125,0.03125,-0.007551999943867703,0.07005199994386771,5,0.13240547066128325,0.10189965090784135,0.005880342699484897,0.2589305986230816,5,1.0,0.0,1.0,1.0,5,0.6557812528916654,0.2961903674671431,0.28801233699296974,1.0235501687903612,5
{},always_ofdm,12,0.5191897915310818,0.2146489338339926,0.2526679381365908,0.7857116449255728,5,0.06209026331261512,0.05862098686462806,-0.010697305616369432,0.13487783224159966,5,0.025,0.028384222069663984,-0.010243666660922565,0.06024366666092257,5,0.12765472188821228,0.09611418494319765,0.008313198727545226,0.24699624504887935,5,1.0,0.0,1.0,1.0,5,0.7604785227957171,0.33135051926865966,0.34905251223369904,1.1719045333577354,5
{},always_ofdm,13,0.5561863811025141,0.2443799137423337,0.25274864032451644,0.8596241218805116,5,0.0369965895714322,0.051293559063498986,-0.02669277605745301,0.1006859552003174,5,0.01875,0.020372507516258277,-0.0065458091360735375,0.04404580913607353,5,0.12527541149830126,0.09287599812748895,0.009954628326157802,0.24059619467044474,5,1.0,0.0,1.0,1.0,5,0.8307056797324128,0.38940925525284237,0.34719022691761753,1.3142211325472082,5
{},always_ofdm,14,0.5924125670391145,0.24752261550832863,0.28507264662118953,0.8997524874570395,5,0.03622618593660034,0.04976245371493409,-0.025562061303514585,0.09801443317671527,5,0.015625,0.015625,-0.0037759999719338515,0.035025999971933855,5,0.12190079462263859,0.08690936772817776,0.013988561607907998,0.22981302763736916,5,1.0,0.0,1.0,1.0,5,0.8955296277820775,0.4072035838066887,0.38991959782976193,1.4011396577343929,5
{},always_ofdm,15,0.6709608547844345,0.254804948857311,0.3545787232241595,0.9873429863447094,5,0.07854828774532001,0.04617770858284129,0.021211089478460912,0.1358854860121791,5,0.046875,0.03314563036811941,0.005719264074136671,0.08803073592586333,5,0.20019435446744974,0.02173392180103158,0.17320812622733286,0.2271805827075666,5,1.0,0.0,1.0,1.0,5,1.0252245113364864,0.44172441138747015,0.47675121258891484,1.573697810084058,5
{},always_ofdm,16,0.7422871242610815,0.28003699040306207,0.39457527511226564,1.0899989734098972,5,0.07132626947664691,0.040846074860942695,0.020609168853878458,0.12204337009941538,5,0.03125,0.02209708691207961,0.0038128427160911103,0.058687157283908886,5,0.18812537527065784,0.016229642510874647,0.16797361246118742,0.20827713808012827,5,1.0,0.0,1.0,1.0,5,1.1596726226975116,0.47300292710062763,0.5723619170716616,1.7469833283233616,5
{},always_ofdm,17,0.7422871242610815,0.28003699040306207,0.39457527511226564,1.0899989734098972,5,0.0,0.0,0.0,0.0,5,0.025,0.04074501503251656,-0.025591618272147086,0.07559161827214708,5,0.09961421506800373,0.10563433220888872,-0.031548132210069954,0.2307765623460774,5,1.0,0.0,1.0,1.0,5,1.1707180552480643,0.4598824031083391,0.5996986319010077,1.741737478595121,5
{},always_ofdm,18,0.7862714180876613,0.2827570781588358,0.43518213390054644,1.1373607022747763,5,0.043984293826579826,0.06228978900118427,-0.03335869463189964,0.12132728228505929,5,0.021875,0.03240068961457456,-0.018355769811391906,0.0621057698113919,5,0.12586382469128665,0.09643471990143838,0.006124304812806333,0.24560334456976696,5,1.0,0.0,1.0,1.0,5,1.2420791160702782,0.4532971488278087,0.6792363658823735,1.804921866258183,5
{},always_ofdm,19,0.7862714180876613,0.2827570781588358,0.43518213390054644,1.1373607022747763,5,0.0,0.0,0.0,0.0,5,0.021875,0.03045873232752801,-0.015944511362016744,0.05969451136201674,5,0.09797915588477853,0.10345717149094151,-0.030479889311516642,0.2264382010810737,5,1.0,0.0,1.0,1.0,5,1.236075940934098,0.4562405374947542,0.6695784910057261,1.80257339086247,5
{},always_ofdm,20,0.803076521992093,0.2934290579266328,0.4387362247377455,1.1674168192464405,5,0.01680510390443164,0.03757735469925628,-0.029853344573368006,0.06346355238223128,5,0.03125,0.04555431167847891,-0.025313148774120657,0.08781314877412066,5,0.13446281060509194,0.10129807591607197,0.008684636652793343,0.26024098455739053,5,1.0,0.0,1.0,1.0,5,1.2694489380156095,0.4832996379669299,0.6693531772071585,1.8695446988240607,5
{},always_ofdm,21,0.8392665482929491,0.260711648256523,0.5155502807404608,1.1629828158454374,5,0.03619002630085618,0.04958783874182933,-0.025381407813607246,0.0977614604153196,5,0.046875,0.038273277230987154,-0.0006475504309886859,0.09439755043098869,5,0.1705771931056707,0.08446705465454638,0.06569749230681059,0.2754568939045308,5,1.0,0.0,1.0,1.0,5,1.335965052737339,0.44751145631664085,0.7803061886452285,1.8916239168294495,5
{},always_ofdm,22,0.8992090342928234,0.3099913748901604,0.5143039043380242,1.2841141642476226,5,0.059942485999874284,0.05534462555746578,-0.008776943048899047,0.1286619150486476,5,0.01875,0.020372507516258277,-0.0065458091360735375,0.04404580913607353,5,0.12535273884429937,0.09178754698355003,0.01138344627138857,0.23932203141721017,5,1.0,0.0,1.0,1.0,5,1.4234714747349915,0.5533551296668788,0.736390332006251,2.110552617463732,5
{},always_ofdm,23,0.9321233889751788,0.33891103932931527,0.5113097528461472,1.3529370251042103,5,0.03291435468235532,0.04513044157587782,-0.023122489845450622,0.08895119921016126,5,0.0125,0.01307281291459493,-0.0037320411513057754,0.028732041151305777,5,0.11976532741901931,0.08505309875592344,0.014157956758119608,0.225372698079919,5,1.0,0.0,1.0,1.0,5,1.4855643279908208,0.6041140123433516,0.7354577080536554,2.235670947927986,5
{},always_ofdm,24,0.9379148586755306,0.3470866828504521,0.5069498203241556,1.3688798970269056,5,0.00579146970035194,0.012950119939617276,-0.010288228001091564,0.021871167401795445,5,0.04375,0.07444455780982247,-0.0486851272946556,0.1361851272946556,5,0.11507681817712725,0.12264150585678264,-0.037202724330736126,0.26735636068499063,5,1.0,0.0,1.0,1.0,5,1.4999034809916747,0.6328053107604185,0.7141719087483166,2.285635053235033,5
{},always_ofdm,25,0.9568818460428885,0.3586093669163755,0.5116095057241802,1.4021541863615967,5,0.01896698736735766,0.0424114730817915,-0.033693811869091,0.07162778660380632,5,0.0375,0.040745015032516554,-0.013091618272147075,0.08809161827214707,5,0.13712352666227684,0.10187142210231133,0.010633449392017408,0.2636136039325363,5,1.0,0.0,1.0,1.0,5,1.5430869575789519,0.6608453674065884,0.7225390564904502,2.3636348586674534,5
{},always_ofdm,26,0.9808007833857966,0.37945238922103025,0.5096484126576404,1.4519531541139528,5,0.023918937342908238,0.05348436984830101,-0.042490679164342175,0.09032855385015864,5,0.028125,0.038905936243714793,-0.02018310035023174,0.07643310035023174,5,0.10139098689625296,0.10566549112752989,-0.02981004928932042,0.23259202308182636,5,1.0,0.0,1.0,1.0,5,1.5919315315973788,0.6903108556531579,0.7347973945636157,2.4490656686311416,5
{},always_ofdm,27,0.9991282763842854,0.3995532229530497,0.5030174240772008,1.4952391286913698,5,0.018327492998488678,0.040981520201772134,-0.03255778522771213,0.0692127712246895,5,0.00625,0.013975424859373689,-0.011102781907486243,0.023602781907486242,5,0.05854615750882708,0.07770370023135399,-0.037935729595662854,0.155028044613317,5,1.0,0.0,1.0,1.0,5,1.6093783005011066,0.7295542317269296,0.7035170762285701,2.5152395247736434,5
{},always_ofdm,28,1.0332409984214224,0.3564612213945865,0.5906359330600222,1.4758460637828226,5,0.034112722037136924,0.04671603756574827,-0.02389289994698742,0.09211834402126126,5,0.01875,0.02567449488305466,-0.013129095968355795,0.0506290959683558,5,0.12650081136280397,0.09221836400609207,0.011996588803189379,0.24100503392241857,5,1.0,0.0,1.0,1.0,5,1.6769682722523414,0.6542811881639383,0.8645708762071949,2.489365668297488,5
{},always_ofdm,29,1.0828407157231366,0.37160740029612255,0.6214291853093455,1.5442522461369275,5,0.04959971730171432,0.04533878441897546,-0.006695819033649381,0.10589525363707802,5,0.034375,0.05111071010561289,-0.02908732866076895,0.09783732866076895,5,0.16345718035156784,0.08498347149976464,0.05793626334793424,0.26897809735520145,5,1.0,0.0,1.0,1.0,5,1.741033650943492,0.7028162444016512,0.8683720229171823,2.613695278969802,5
{},always_ofdm,30,1.1595124751229766,0.3317033753067194,0.7476483359219509,1.5713766143240022,5,0.07667175939983997,0.04729097449410141,0.01795225893054167,0.13539125986913828,5,0.040625,0.028384222069663987,0.005381333339077428,0.07586866666092257,5,0.1963083691803467,0.020687450006345733,0.1706215072928269,0.22199523106786648,5,1.0,0.0,1.0,1.0,5,1.8536748326480676,0.6971181511521121,0.9880883218681186,2.7192613434280166,5
{},always_ofdm,31,1.1595124751229766,0.3317033753067194,0.7476483359219509,1.5713766143240022,5,0.0,0.0,0.0,0.0,5,0.028125,0.02795084971874737,-0.0065805638149724795,0.06283056381497248,5,0.13153391330056424,0.09712026585220926,0.010943175695897353,0.2521246509052311,5,1.0,0.0,1.0,1.0,5,1.851951381264687,0.7209483912196354,0.9567757193243414,2.7471270432050328,5
{},always_ofdm,32,1.1997041917278084,0.34069100272175334,0.7766804391362658,1.622727944319351,5,0.040191716604831694,0.05546533418978726,-0.02867759200696763,0.10906102521663102,5,0.053125,0.037629983058725926,0.006401204782962369,0.09984879521703763,5,0.1757636272531246,0.08633733250639819,0.06856166977898222,0.282965584727267,5,1.0,0.0,1.0,1.0,5,1.9098753308818306,0.6902363661366713,1.0528336847989324,2.766916976964729,5
{},always_ofdm,33,1.2429219222572365,0.30234805702269946,0.8675072249252911,1.618336619589182,5,0.04321773052942826,0.059378745550357714,-0.030510720078953002,0.11694618113780952,5,0.034375,0.020372507516258277,0.009079190863926466,0.05967080913607354,5,0.19118564927581905,0.01310444192075978,0.1749143355262594,0.2074569630253787,5,1.0,0.0,1.0,1.0,5,1.9821054396839568,0.6410147564933072,1.1861804942288632,2.7780303851390507,5
{},always_ofdm,34,1.2880027942145127,0.3098207832392965,0.9033094817709852,1.6726961066580401,5,0.045080871957276156,0.06236433939373939,-0.032354683039690954,0.12251642695424327,5,0.059375,0.04608712876172695,0.002150271435982308,0.11659972856401768,5,0.17959960309474848,0.089723792632214,0.06819280000102801,0.29100640618846896,5,1.0,0.0,1.0,1.0,5,2.059933407867565,0.640941345978725,1.2640996136055178,2.8557672021296123,5
{},always_ofdm,35,1.3214195025916795,0.3225222327004998,0.9209552576271713,1.7218837475561877,5,0.0334167083771666,0.04599709811233242,-0.023696232370762994,0.0905296491250962,5,0.021875,0.017815241017174032,-0.0002455433903480464,0.043995543390348044,5,0.15647943193140101,0.07465595604483122,0.06378181905905124,0.2491770448037508,5,1.0,0.0,1.0,1.0,5,2.094917320364051,0.6261111349514576,1.317497665220326,2.8723369755077757,5
{},always_ofdm,36,1.3810474199292713,0.3683846646444288,0.923637444349916,1.8384573955086265,5,0.059627917337592096,0.05467563511332196,-0.008260850361545502,0.1275166850367297,5,0.034375,0.023175620272173948,0.005598666672000235,0.06315133332799977,5,0.1633589319181767,0.0797699976772509,0.06431139766553616,0.2624064661708172,5,1.0,0.0,1.0,1.0,5,2.1815491108520364,0.702463089942382,1.3093259820036063,3.0537722397004665,5
{},always_ofdm,37,1.3810474199292713,0.3683846646444288,0.923637444349916,1.8384573955086265,5,0.0,0.0,0.0,0.0,5,0.015625,0.015625,-0.0037759999719338515,0.035025999971933855,5,0.1224838152120222,0.08641283802726127,0.015188105250958511,0.2297795251730859,5,1.0,0.0,1.0,1.0,5,2.1631276246697593,0.6829686458706976,1.3151100451901365,3.011145204149382,5
{},always_ofdm,38,1.4159650765325853,0.3500199054462849,0.9813579612852469,1.8505721917799236,5,0.034917656603313994,0.047836454996066376,-0.02447914736699633,0.09431446057362432,5,0.03125,0.015625,0.011849000028066149,0.050650999971933855,5,0.1915016934816931,0.008933419249152471,0.18040938841915996,0.20259399854422624,5,1.0,0.0,1.0,1.0,5,2.2020065702431384,0.6556025243718748,1.387968518599074,3.016044621887203,5
{},always_ofdm,39,1.4753598245256447,0.3403244014980293,1.052791267475298,1.8979283815759915,5,0.05939474799305944,0.055881284085834086,-0.009991030629717818,0.1287805266158367,5,0.046875,0.03983608994994363,-0.002588038720051887,0.0963380387200519,5,0.20169750347778304,0.029279120617254264,0.16534267350827278,0.2380523334472933,5,1.0,0.0,1.0,1.0,5,2.3064011601777987,0.6527168604814889,1.4959461334973432,3.1168561868582545,5
{},always_ofdm,40,1.5085834482218465,0.3165409363071482,1.1155459636515492,1.9016209327921438,5,0.033223623696201576,0.04551416107934487,-0.02328967152446803,0.08973691891687119,5,0.0375,0.03921843874378479,-0.01119612345391733,0.08619612345391733,5,0.16620563349207956,0.08203437196694179,0.06434650720547165,0.2680647597786875,5,1.0,0.0,1.0,1.0,5,2.3765617302115,0.6179785788008324,1.609239977253377,3.1438834831696227,5
{},always_ofdm,41,1.533322818935495,0.34698657888490536,1.1024820760742169,1.9641635617967732,5,0.024739370713648602,0.05531891463628576,-0.04394813400993484,0.09342687543723205,5,0.0375,0.05590169943749474,-0.03191112762994496,0.10691112762994495,5,0.10840838242195774,0.12021684613221365,-0.040860547398013675,0.25767731224192914,5,1.0,0.0,1.0,1.0,5,2.3836245149331416,0.6512885422492386,1.5749429795796495,3.192306050286634,5
{},always_ofdm,42,1.568743929860895,0.3712197242957155,1.1078137627797768,2.029674096942013,5,0.03542111092539998,0.04861271187013108,-0.024939543258794675,0.09578176510959463,5,0.021875,0.02614562582918986,-0.010589082302611554,0.05433908230261155,5,0.12556736332956442,0.09213492725243176,0.011166741183096837,0.239967985476032,5,1.0,0.0,1.0,1.0,5,2.4082585170994824,0.671419189598069,1.574581481672411,3.2419355525265536,5
{},always_ofdm,43,1.5878694201408934,0.38337351596928537,1.111848327497035,2.0638905127847518,5,0.019125490279998263,0.0427658963690876,-0.033975383592410986,0.07222636415240752,5,0.0375,0.02614562582918986,0.0050359176973884465,0.06996408230261156,5,0.1634067923933237,0.08070941879558702,0.06319281275889291,0.26362077202775447,5,1.0,0.0,1.0,1.0,5,2.4197181658256612,0.6812468640185045,1.5738384608846672,3.2655978707666553,5
{},always_ofdm,44,1.6035306472854312,0.40098846390567744,1.105637707958721,2.101423586612141,5,0.01566122714453764,0.035019568506251084,-0.02782131030230478,0.05914376459138006,5,0.0125,0.01307281291459493,-0.0037320411513057754,0.028732041151305777,5,0.11878246731345801,0.08561022398746256,0.012483334310065264,0.22508160031685076,5,1.0,0.0,1.0,1.0,5,2.4350857466259237,0.7150940863847759,1.5471791642335333,3.322992329018314,5
{},always_ofdm,45,1.6393968269475798,0.4377571702849247,1.0958495086492333,2.1829441452459264,5,0.0358661796621488,0.04911583888273331,-0.02511918922011786,0.09685154854441547,5,0.021875,0.02614562582918986,-0.010589082302611554,0.05433908230261155,5,0.12647761484619596,0.09726051869721321,0.00571273033324203,0.24724249935914988,5,1.0,0.0,1.0,1.0,5,2.5009169866411627,0.7843512148921691,1.5270163211621703,3.474817652120155,5
{},always_ofdm,46,1.6562058336142207,0.4537597861684231,1.0927886432962504,2.219623023932191,5,0.0168090066666408,0.03758608154085598,-0.02986027761619122,0.06347829094947283,5,0.01875,0.020372507516258277,-0.0065458091360735375,0.04404580913607353,5,0.12444678728131171,0.08930471802559885,0.013560334039186675,0.23533324052343674,5,1.0,0.0,1.0,1.0,5,2.5209036708652066,0.8021554638314718,1.5248961104632244,3.516911231267189,5
{},always_ofdm,47,1.6896305395895326,0.49129730361873525,1.079604365271564,2.2996567139075013,5,0.0334247059753117,0.04614394492340397,-0.023870569171176463,0.09071998112179985,5,0.01875,0.020372507516258277,-0.0065458091360735375,0.04404580913607353,5,0.12205529267711812,0.09124349656937135,0.008761527916700845,0.2353490574375354,5,1.0,0.0,1.0,1.0,5,2.586996158762478,0.8704731921450551,1.5061609346744533,3.6678313828505025,5
{},always_ofdm,48,1.7604240028175986,0.521372260951712,1.1130548367317585,2.4077931689034386,5,0.07079346322806676,0.03974159287043164,0.021447758129580302,0.12013916832655322,5,0.015625,0.011048543456039806,0.0019064213580455552,0.029343578641954443,5,0.15138844849770133,0.07262216342417065,0.06121612270223828,0.2415607742931644,5,1.0,0.0,1.0,1.0,5,2.6856156441100225,0.8987389888981784,1.5696837978130997,3.8015474904069455,5
{},always_ofdm,49,1.816208793986752,0.5687399880754612,1.1100248264546124,2.5223927615188915,5,0.05578479116915265,0.05130578400023097,-0.007919753723552955,0.11948933606185826,5,0.021875,0.013975424859373685,0.0045222180925137585,0.03922778190748624,5,0.1541779607330393,0.07511704290796671,0.060907832902689474,0.24744808856338912,5,1.0,0.0,1.0,1.0,5,2.7822286041153292,0.9844204496809937,1.559909172650877,4.004548035579782,5
{},always_ofdm,50,1.8482219959382575,0.5598843328688023,1.153033776656732,2.543410215219783,5,0.03201320195150564,0.04397934703789827,-0.022594369929962096,0.08662077383297338,5,0.03125,0.015625,0.011849000028066149,0.050650999971933855,5,0.18723650397365663,0.010391452421601471,0.17433381161270672,0.20013919633460653,5,1.0,0.0,1.0,1.0,5,2.799196915564475,0.9381452913680924,1.6343356821883321,3.964058148940618,5
{},always_ofdm,51,1.8666280523323846,0.5845114544753396,1.1408612227726356,2.5923948818921336,5,0.01840605639412712,0.0411571932949629,-0.03269734878734176,0.06950946157559601,5,0.028125,0.03202172114362375,-0.011635218304557948,0.06788521830455795,5,0.1306782365656355,0.09638083201404644,0.011005627336869037,0.250350845794402,5,1.0,0.0,1.0,1.0,5,2.813339737152121,0.9771678794993632,1.6000255609766456,4.026653913327596,5
{},always_ofdm,52,1.8874824187283181,0.6145562620813231,1.1244100332312608,2.6505548042253757,5,0.02085436639593352,0.046631780888994646,-0.037046637106057566,0.07875536989792462,5,0.03125,0.02209708691207961,0.0038128427160911103,0.058687157283908886,5,0.1596621390728304,0.07483240310581613,0.0667454382372668,0.25257883990839397,5,1.0,0.0,1.0,1.0,5,2.8495943052230253,1.0302286349848866,1.5703964992436823,4.128792111202368,5
{},always_ofdm,53,1.8874824187283181,0.6145562620813231,1.1244100332312608,2.6505548042253757,5,0.0,0.0,0.0,0.0,5,0.040625,0.03423265984407288,-0.0018804612911410556,0.08313046129114106,5,0.1685269414469059,0.08297822715541568,0.0654958641532521,0.2715580187405597,5,1.0,0.0,1.0,1.0,5,2.832731795862718,1.0092277363608542,1.5796100496347627,4.085853542090673,5
{},always_ofdm,54,1.913020260114017,0.5901887901310156,1.1802040872648965,2.6458364329631374,5,0.025537841385699,0.05710434933703039,-0.04536657332694275,0.09644225609834076,5,0.04375,0.04044430970482745,-0.006468243292687449,0.09396824329268744,5,0.1697066658532092,0.0827017512329186,0.06701887875889022,0.2723944529475282,5,1.0,0.0,1.0,1.0,5,2.8790418220335914,0.9742885547887402,1.6693027996904348,4.088780844376748,5
{},always_ofdm,55,1.913020260114017,0.5901887901310156,1.1802040872648965,2.6458364329631374,5,0.0,0.0,0.0,0.0,5,0.034375,0.04192627457812106,-0.01768334572245872,0.08643334572245873,5,0.13535002520105122,0.10244127185308867,0.00815238601086618,0.2625476643912362,5,1.0,0.0,1.0,1.0,5,2.8879985347194,0.9660678640822769,1.6884668480668272,4.087530221371972,5
{},always_ofdm,56,1.913020260114017,0.5901887901310156,1.1802040872648965,2.6458364329631374,5,0.0,0.0,0.0,0.0,5,0.04375,0.04608712876172695,-0.013474728564017692,0.10097472856401768,5,0.14197084104634664,0.10855141677094074,0.007186454887856963,0.2767552272048363,5,1.0,0.0,1.0,1.0,5,2.8868783865448653,0.9848891926637012,1.6639769337943744,4.109779839295356,5
{},always_ofdm,57,1.9500619269140143,0.5462553458270768,1.271796330174185,2.6283275236538435,5,0.03704166679999688,0.05115742748953283,-0.026478669154475727,0.1005620027544695,5,0.0375,0.03597145135381668,-0.007164456109172303,0.0821644561091723,5,0.16469761756979917,0.08050704287242642,0.06473492083326013,0.2646603143063382,5,1.0,0.0,1.0,1.0,5,2.945338358833137,0.9121999263606585,1.8126925511069805,4.077984166559293,5
{},always_ofdm,58,1.9863720119282995,0.5767572739698965,1.2702332691377327,2.7025107547188663,5,0.0363100850142851,0.04980060366640888,-0.0255255316471093,0.0981457016756795,5,0.05625,0.05014627042462879,-0.0060148186304518625,0.11851481863045187,5,0.20741879616636508,0.03556425291492029,0.16325994369889518,0.25157764863383497,5,1.0,0.0,1.0,1.0,5,3.0084702567027595,0.9470607210921099,1.832539055209788,4.184401458195731,5
{},always_ofdm,59,2.0232800022923376,0.5911496778698896,1.289270729731542,2.7572892748531332,5,0.03690799036403852,0.046574042875918875,-0.02092132192578855,0.0947373026538656,5,0.046875,0.061515686515717274,-0.029506813271355042,0.12325681327135504,5,0.20025776687280036,0.04348691616340708,0.14626162867979234,0.2542539050658084,5,1.0,0.0,1.0,1.0,5,3.086997204090426,0.9785929017334947,1.8719136291101897,4.302080779070662,5
{},always_ofdm,60,2.0232800022923376,0.5911496778698896,1.289270729731542,2.7572892748531332,5,0.0,0.0,0.0,0.0,5,0.171875,0.06720566614877052,0.08842814386777008,0.2553218561322299,5,0.28824128159451895,0.04704178549120512,0.22983119013886527,0.34665137305017263,5,1.0,0.0,1.0,1.0,5,3.0868382619686194,0.995069661627857,1.8512960874205053,4.322380436516734,5
{},always_ofdm,61,2.0232800022923376,0.5911496778698896,1.289270729731542,2.7572892748531332,5,0.0,0.0,0.0,0.0,5,0.2,0.06935106569116296,0.11388927849421855,0.2861107215057815,5,0.30773497065821137,0.04918087843736636,0.24666884450249765,0.3688010968139251,5,1.0,0.0,1.0,1.0,5,3.094337488900708,0.9963473644178521,1.8572088367978523,4.331466141003563,5
{},always_ofdm,62,2.0232800022923376,0.5911496778698896,1.289270729731542,2.7572892748531332,5,0.0,0.0,0.0,0.0,5,0.0875,0.05590169943749474,0.018088872370055034,0.15691112762994497,5,0.22919052322952443,0.03945942276223854,0.18019517859575063,0.27818586786329824,5,1.0,0.0,1.0,1.0,5,3.067902152719907,1.0157925644189987,1.8066290958377562,4.329175209602058,5
{},always_ofdm,63,2.030659381680328,0.5955515849202946,1.291184419611605,2.7701343437490507,5,0.00737937938799012,0.016500793943306703,-0.013109062393192573,0.027867821169172816,5,0.18125,0.06308321636933234,0.10292184134330151,0.2595781586566985,5,0.29643448397831496,0.04319246649975346,0.24280395333194882,0.3500650146246811,5,1.0,0.0,1.0,1.0,5,3.096366362634863,1.0185787065526066,1.8316338533715326,4.361098871898194,5
{},always_ofdm,64,2.030659381680328,0.5955515849202946,1.291184419611605,2.7701343437490507,5,0.0,0.0,0.0,0.0,5,0.184375,0.10734727523323542,0.05108575303762075,0.31766424696237927,5,0.29826856858875234,0.07779230572695905,0.2016766632303266,0.39486047394717805,5,1.0,0.0,1.0,1.0,5,3.0834628240104434,1.0281335574157182,1.806866400422181,4.360059247598706,5
{},always_ofdm,65,2.0322043649595356,0.5944786993768293,1.2940615662443269,2.770347163674744,5,0.00154498327920776,0.0034546876364090887,-0.0027445779839610687,0.005834544542376589,5,0.215625,0.14079850407586011,0.04080056648805824,0.3904494335119418,5,0.32115686373699226,0.09797164606924387,0.1995089979680506,0.4428047295059339,5,1.0,0.0,1.0,1.0,5,3.109412585780608,1.0111164697660144,1.8539456672812606,4.364879504279955,5
{},always_ofdm,66,2.046190612113869,0.5785689722385458,1.3278023488075124,2.764578875420226,5,0.01398624715433364,0.019248999900683017,-0.00991454302377234,0.037887037332439616,5,0.225,0.10574327697305394,0.09370237993046959,0.3562976200695304,5,0.32808563879473185,0.07410172353615885,0.2360761964750347,0.420095081114429,5,1.0,0.0,1.0,1.0,5,3.1477833729678544,0.9735690601899449,1.938937721164924,4.356629024770784,5
{},always_ofdm,67,2.046190612113869,0.5785689722385458,1.3278023488075124,2.764578875420226,5,0.0,0.0,0.0,0.0,5,0.121875,0.06191128986299672,0.04500198029475917,0.1987480197052408,5,0.2542395735585965,0.04259198347480333,0.20135464106584344,0.30712450605134956,5,1.0,0.0,1.0,1.0,5,3.1204292517793992,1.023273245697915,1.849867702271181,4.390990801287618,5
{},always_ofdm,68,2.046190612113869,0.5785689722385458,1.3278023488075124,2.764578875420226,5,0.0,0.0,0.0,0.0,5,0.153125,0.07362011868368593,0.061713549086978736,0.24453645091302129,5,0.27798286289545493,0.0487247474212628,0.2174830982009011,0.33848262759000874,5,1.0,0.0,1.0,1.0,5,3.144371882223217,1.0302879669156924,1.8651004059214487,4.423643358524986,5
{},always_ofdm,69,2.046190612113869,0.5785689722385458,1.3278023488075124,2.764578875420226,5,0.0,0.0,0.0,0.0,5,0.115625,0.060110575192722955,0.04098786287187549,0.1902621371281245,5,0.24728064236771097,0.04206971576930494,0.19504419088229974,0.2995170938531222,5,1.0,0.0,1.0,1.0,5,3.1505140724119527,1.021916262312094,1.881637440320069,4.4193907045038365,5
{},always_ofdm,70,2.046190612113869,0.5785689722385458,1.3278023488075124,2.764578875420226,5,0.0,0.0,0.0,0.0,5,0.115625,0.07859235212474558,0.01803970583255013,0.21321029416744988,5,0.22053934843627995,0.11576533936677522,0.07679769430471395,0.36428100256784596,5,1.0,0.0,1.0,1.0,5,3.1729868733565683,1.0085630090993605,1.9206904950378345,4.425283251675302,5
{},always_ofdm,71,2.046190612113869,0.5785689722385458,1.3278023488075124,2.764578875420226,5,0.0,0.0,0.0,0.0,5,0.153125,0.11125614449323687,0.014982250803791564,0.29126774919620846,5,0.27591637799264224,0.07659898023184099,0.18080618193964326,0.3710265740456412,5,1.0,0.0,1.0,1.0,5,3.1675317041776077,1.0313853601594605,1.8868976341931802,4.448165774162035,5
{},always_ofdm,72,2.046190612113869,0.5785689722385458,1.3278023488075124,2.764578875420226,5,0.0,0.0,0.0,0.0,5,0.14375,0.09657210712726527,0.023839891349397332,0.26366010865060263,5,0.26875650995079886,0.06876523107056036,0.183373198202321,0.3541398216992767,5,1.0,0.0,1.0,1.0,5,3.170908227314107,0.9998201167854113,1.9294675836217765,4.412348871006437,5
{},always_ofdm,73,2.046190612113869,0.5785689722385458,1.3278023488075124,2.764578875420226,5,0.0,0.0,0.0,0.0,5,0.140625,0.04133986423538423,0.08929477888829193,0.19195522111170807,5,0.2690779376838814,0.029420655824292517,0.2325473685433134,0.30560850682444934,5,1.0,0.0,1.0,1.0,5,3.1850706232174155,0.9948829700088718,1.9497602569313617,4.420380989503469,5
{},always_ofdm,74,2.0514372578172058,0.5697816366057828,1.3439599128061839,2.7589146028282276,5,0.00524664570333646,0.01173185644651752,-0.009320378078399116,0.019813669485072037,5,0.190625,0.07997802432543581,0.09131916654764126,0.2899308334523587,5,0.3050275470420244,0.0546438831399012,0.2371782046251553,0.3728768894588935,5,1.0,0.0,1.0,1.0,5,3.2135795166574255,0.9816954246714721,1.994643650641501,4.432515382673349,5
{},always_ofdm,75,2.0514372578172058,0.5697816366057828,1.3439599128061839,2.7589146028282276,5,0.0,0.0,0.0,0.0,5,0.165625,0.12332867037919448,0.012492230043814945,0.31875776995618504,5,0.2857483566528992,0.08769652079975096,0.17685874400812068,0.39463796929767775,5,1.0,0.0,1.0,1.0,5,3.204852713816218,0.94388042546109,2.0328703709119287,4.376835056720507,5
{},always_ofdm,76,2.0514372578172058,0.5697816366057828,1.3439599128061839,2.7589146028282276,5,0.0,0.0,0.0,0.0,5,0.171875,0.08414320011147662,0.06739741772792433,0.27635258227207565,5,0.2899088741295485,0.059971945718251145,0.21544386822896555,0.3643738800301315,5,1.0,0.0,1.0,1.0,5,3.2200044139128408,0.9257916248529892,2.070482283494317,4.3695265443313644,5
{},always_ofdm,77,2.0514372578172058,0.5697816366057828,1.3439599128061839,2.7589146028282276,5,0.0,0.0,0.0,0.0,5,0.175,0.04335761539222377,0.12116440991951025,0.22883559008048973,5,0.29334125398522753,0.02781431373197622,0.258805221989488,0.32787728598096705,5,1.0,0.0,1.0,1.0,5,3.238325527878338,0.9216583737693922,2.0939355065258534,4.382715549230823,5
{},always_ofdm,78,2.0514372578172058,0.5697816366057828,1.3439599128061839,2.7589146028282276,5,0.0,0.0,0.0,0.0,5,0.16875,0.09137619698258403,0.055291465913949775,0.28220853408605023,5,0.2912429837905241,0.06304390296672106,0.21296363917049493,0.36952232841055327,5,1.0,0.0,1.0,1.0,5,3.2318260317339202,0.9558406677337072,2.044993086589927,4.418658976877913,5
{},always_ofdm,79,2.0514372578172058,0.5697816366057828,1.3439599128061839,2.7589146028282276,5,0.0,0.0,0.0,0.0,5,0.134375,0.08238391454040042,0.03208185928408899,0.236668140715911,5,0.26426734049622597,0.058369961652718294,0.19179146053551124,0.3367432204569407,5,1.0,0.0,1.0,1.0,5,3.211597870885659,0.9132908409239646,2.0775975138211287,4.345598227950189,5
{},always_ofdm,80,2.070771365106432,0.5581976705307568,1.3776774137271839,2.76386531648568,5,0.019334107289226122,0.0432323781829838,-0.03434598025731482,0.07301419483576707,5,0.128125,0.0822356085433798,0.0260160055013072,0.23023399449869278,5,0.25904189331334765,0.06051621021121985,0.1839010937863448,0.3341826928403505,5,1.0,0.0,1.0,1.0,5,3.25953840590946,0.9177030588025544,2.120059556752854,4.399017255066066,5
{},always_ofdm,81,2.072535096471691,0.5583345203770053,1.3792712235651963,2.7657989693781855,5,0.0017637313652590799,0.003943823226767814,-0.0031331719506983236,0.006660634681216484,5,0.13125,0.051348989766109326,0.0674918080632884,0.1950081919367116,5,0.2622524458865295,0.037098234803119044,0.2161889033345866,0.3083159884384724,5,1.0,0.0,1.0,1.0,5,3.2635697469674114,0.9259868257657571,2.113805242603087,4.413334251331736,5
{},always_ofdm,82,2.072535096471691,0.5583345203770053,1.3792712235651963,2.7657989693781855,5,0.0,0.0,0.0,0.0,5,0.109375,0.02209708691207961,0.08193784271609111,0.1368121572839089,5,0.246142260191196,0.01891492807107876,0.2226562749767237,0.2696282454056683,5,1.0,0.0,1.0,1.0,5,3.2821574913847775,0.9217929495548222,2.1376003721244943,4.42671461064506,5
{},always_ofdm,83,2.07839602226717,0.5481618488995657,1.3977631892997664,2.7590288552345736,5,0.0058609257954791594,0.013105428489773432,-0.01041161294130647,0.022133464532264786,5,0.140625,0.06536406457297465,0.05946479424347112,0.22178520575652888,5,0.26923605689976365,0.04804526103634837,0.2095799859866277,0.3288921278128996,5,1.0,0.0,1.0,1.0,5,3.3149293446730725,0.8933821809721064,2.205648853923246,4.424209835422899,5
{},always_ofdm,84,2.079764534356898,0.5458045674830988,1.402058652857956,2.7574704158558396,5,0.00136851208972764,0.0030600860606612946,-0.0024310866032006763,0.005168110782655956,5,0.1125,0.056768444139327974,0.042012666678154856,0.18298733332184514,5,0.24810787409934365,0.03925810325692272,0.19936250064745667,0.2968532475512306,5,1.0,0.0,1.0,1.0,5,3.3290869558908325,0.8691147166929626,2.249938501864115,4.40823540991755,5
{},always_ofdm,85,2.079764534356898,0.5458045674830988,1.402058652857956,2.7574704158558396,5,0.0,0.0,0.0,0.0,5,0.10625,0.06091746465505602,0.03061097727596651,0.18188902272403348,5,0.24666489882345566,0.04556352441624324,0.19009031092452816,0.30323948672238316,5,1.0,0.0,1.0,1.0,5,3.335419650252322,0.8776073904576738,2.245726148963473,4.425113151541171,5
{},always_ofdm,86,2.0809429173618086,0.5451610858153167,1.4040360238832559,2.7578498108403613,5,0.00117838300491078,0.0026349445025109727,-0.0020933327211220287,0.004450098730943588,5,0.146875,0.07378574345698496,0.05525789876876265,0.23849210123123737,5,0.27292915880457047,0.05347373459241971,0.20653274771165955,0.3393255698974814,5,1.0,0.0,1.0,1.0,5,3.3509571333235564,0.8747233317916719,2.264844663848989,4.437069602798124,5
{},always_ofdm,87,2.0809429173618086,0.5451610858153167,1.4040360238832559,2.7578498108403613,5,0.0,0.0,0.0,0.0,5,0.115625,0.05479899348984432,0.04758306264585774,0.18366693735414227,5,0.25070476787921736,0.04009583834137821,0.2009192089329298,0.3004903268255049,5,1.0,0.0,1.0,1.0,5,3.3528292670817024,0.8891636136741266,2.2487868194697773,4.456871714693627,5
{},always_ofdm,88,2.0841497482672855,0.5504089438563611,1.4007267783914839,2.767572718143087,5,0.00320683090547706,0.007170691896993909,-0.005696759065231748,0.012110420876185869,5,0.171875,0.07967217989988726,0.07294892255989623,0.2708010774401038,5,0.29138885696046624,0.054991535532281,0.2231078470840897,0.35966986683684277,5,1.0,0.0,1.0,1.0,5,3.373021201133008,0.8955598937448359,2.261036722834855,4.485005679431161,5
{},always_ofdm,89,2.104788776381167,0.563641237979999,1.4049357432784007,2.8046418094839334,5,0.02063902811388164,0.046150269852168614,-0.03666410046894479,0.07794215669670808,5,0.16875,0.08149003006503311,0.06756676345570586,0.26993323654429413,5,0.289331150058257,0.05759893776458229,0.21781262270119583,0.36084967741531815,5,1.0,0.0,1.0,1.0,5,3.4031281974990604,0.9051568311692592,2.279227547507986,4.527028847490135,5
{},always_ofdm,90,2.120328861963198,0.5373543910512193,1.453115260318191,2.787542463608205,5,0.015540085582030922,0.03474868773758553,-0.027606108966553713,0.058686280130615553,5,0.003125,0.006987712429686844,-0.005551390953743122,0.011801390953743121,5,0.056058411768391304,0.068498514735729,-0.028993727909393592,0.1411105514461762,5,1.0,0.0,1.0,1.0,5,3.4190994376649457,0.8531025418994693,2.3598327246122546,4.478366150717637,5
{},always_ofdm,91,2.163347610616254,0.5261659637726273,1.5100262763195955,2.8166689449129123,5,0.04301874865305638,0.058906375357436674,-0.030123176892950257,0.11616067419906302,5,0.01875,0.02567449488305466,-0.013129095968355795,0.0506290959683558,5,0.0950443725129368,0.09827752324619585,-0.02698328993449832,0.21707203496037192,5,1.0,0.0,1.0,1.0,5,3.490258399725559,0.8077472021486891,2.487307779167712,4.493209020283406,5
{},always_ofdm,92,2.1966074520063494,0.4995471543521373,1.5763377350421606,2.8168771689705383,5,0.0332598413900948,0.04554397224731094,-0.023290469284582678,0.08981015206477228,5,0.009375,0.008558164961018222,-0.0012513653227852663,0.020001365322785264,5,0.11649792306434008,0.08501799244986374,0.010934142639784636,0.22206170348889553,5,1.0,0.0,1.0,1.0,5,3.537052931208257,0.776786766976485,2.572544768372457,4.501561094044057,5
{},always_ofdm,93,2.2373335806335968,0.44932040197520295,1.6794286138425427,2.795238547424651,5,0.04072612862724746,0.0562660131957066,-0.02913735428031948,0.1105896115348144,5,0.01875,0.02795084971874737,-0.01595556381497248,0.053455563814972476,5,0.0945289734670415,0.09588976531387028,-0.0245338959193995,0.2135918428534825,5,1.0,0.0,1.0,1.0,5,3.607334064766512,0.6968008885334674,2.7421414875581096,4.472526641974914,5
{},always_ofdm,94,2.2572506613332393,0.44074087167229337,1.7099985884408064,2.804502734225672,5,0.01991708069964284,0.04453594635775046,-0.03538160051871007,0.07521576191799575,5,0.009375,0.02096313728906053,-0.01665417286122936,0.03540417286122936,5,0.058468399624132486,0.07725954868539374,-0.03746200049599205,0.15439879974425702,5,1.0,0.0,1.0,1.0,5,3.641003076089791,0.6724212203965085,2.806081855095206,4.475924297084376,5
{},always_ofdm,95,2.3118058170353577,0.46701651374521286,1.7319282253512924,2.891683408719423,5,0.05455515570211796,0.04987281302591576,-0.007370120721309478,0.1164804321255454,5,0.015625,0.015625,-0.0037759999719338515,0.035025999971933855,5,0.12197835773528784,0.08854172063647074,0.012039290881966647,0.23191742458860903,5,1.0,0.0,1.0,1.0,5,3.7091666744019802,0.6980236258808263,2.842455868250103,4.575877480553857,5
{},always_ofdm,96,2.347086780302031,0.4700594733720068,1.7634308552013882,2.9307427054026736,5,0.03528096326667332,0.048433663791084665,-0.024857373363821857,0.09541929989716849,5,0.009375,0.013975424859373685,-0.00797778190748624,0.026727781907486238,5,0.08616895934731157,0.08907362133984661,-0.024430549460010706,0.19676846815463384,5,1.0,0.0,1.0,1.0,5,3.7733760746629144,0.6832235749305455,2.9250419589475825,4.621710190378246,5
{},always_ofdm,97,2.3994497363170484,0.4575701948211436,1.831301298756551,2.967598173877546,5,0.052362956015017684,0.04813831088086808,-0.007408651540096851,0.11213456357013221,5,0.0125,0.01307281291459493,-0.0037320411513057754,0.028732041151305777,5,0.12052240649235754,0.08614892595338654,0.013554386652115391,0.2274904263325997,5,1.0,0.0,1.0,1.0,5,3.8678990522464916,0.667705311652669,3.0388334053579467,4.6969646991350364,5
{},always_ofdm,98,2.4545047833169624,0.4377967343999791,1.910908339681332,2.998101226952593,5,0.05505504699991374,0.052758268134224615,-0.010452995149933954,0.12056308914976144,5,0.01875,0.02567449488305466,-0.013129095968355795,0.0506290959683558,5,0.12362705464560124,0.08943062013453025,0.012584273287518155,0.23466983600368432,5,1.0,0.0,1.0,1.0,5,3.9239706112611143,0.6219918339336961,3.151665743888908,4.6962754786333205,5
{},always_ofdm,99,2.5137898891009747,0.4020371719778928,2.014594806716369,3.0129849714855803,5,0.0592851057840124,0.055134747758054235,-0.00917372555720937,0.12774393712523419,5,0.021875,0.02614562582918986,-0.010589082302611554,0.05433908230261155,5,0.1277505722066401,0.09166636766381232,0.013931743632374441,0.24156940078090577,5,1.0,0.0,1.0,1.0,5,4.012580777350641,0.5748624707578128,3.298794743492199,4.726366811209083,5
{},always_ofdm,100,2.550610251663298,0.4147377822374967,2.035645278764125,3.0655752245624712,5,0.03682036256232292,0.05043490487869977,-0.025802843078390092,0.09944356820303593,5,0.015625,0.015625,-0.0037759999719338515,0.035025999971933855,5,0.12118614564444745,0.08913284588080056,0.010513099856812508,0.2318591914320824,5,1.0,0.0,1.0,1.0,5,4.0554186694013215,0.5841796525141991,3.330063826391254,4.780773512411389,5
{},always_ofdm,101,2.5735728356801095,0.4156935446631817,2.0574211269861276,3.0897245443740915,5,0.02296258401681198,0.051345898800641755,-0.040791769979358836,0.08671693801298279,5,0.028125,0.03202172114362375,-0.011635218304557948,0.06788521830455795,5,0.13079108497582043,0.09636394825270679,0.011139439705663667,0.2504427302459772,5,1.0,0.0,1.0,1.0,5,4.070420880800011,0.5641603000040106,3.3699233470691947,4.770918414530827,5
{},always_ofdm,102,2.607978480781859,0.44472495215558167,2.0557795185873804,3.1601774429763374,5,0.034405645101749135,0.04711338843167667,-0.024093353147253603,0.09290464335075188,5,0.0125,0.01307281291459493,-0.0037320411513057754,0.028732041151305777,5,0.1222382744192784,0.08553239938369463,0.016035773424558766,0.22844077541399804,5,1.0,0.0,1.0,1.0,5,4.121169135548486,0.6358679960626477,3.3316347372275223,4.91070353386945,5
{},always_ofdm,103,2.6471336661701086,0.4607762896937855,2.075004336031426,3.219262996308791,5,0.03915518538824942,0.055093281705306835,-0.029252159048128286,0.10756252982462713,5,0.03125,0.02209708691207961,0.0038128427160911103,0.058687157283908886,5,0.16061007723005755,0.078993097696274,0.06252719171400124,0.25869296274611386,5,1.0,0.0,1.0,1.0,5,4.168583784259681,0.654040811298186,3.3564848555147404,4.980682713004622,5
{},always_ofdm,104,2.6805508695362423,0.43686534193740384,2.13811090238959,3.2229908366828948,5,0.03341720336613372,0.045758425957928305,-0.023399386760298554,0.090233793492566,5,0.00625,0.008558164961018222,-0.004376365322785266,0.016876365322785268,5,0.08597214336777508,0.0862739196015489,-0.021151076585394432,0.19309536332094457,5,1.0,0.0,1.0,1.0,5,4.200618132962381,0.6293560326443624,3.4191694051755217,4.98206686074924,5
{},always_ofdm,105,2.752038910686831,0.4219956436632233,2.228062112551381,3.276015708822281,5,0.07148804115058902,0.04015201117871556,0.02163273441450273,0.1213433478866753,5,0.01875,0.01307281291459493,0.0025179588486942232,0.03498204115130578,5,0.15334921089318207,0.07251867297064425,0.06330538546802052,0.24339303631834364,5,1.0,0.0,1.0,1.0,5,4.3002205595758,0.6464612882185801,3.4975328517623607,5.10290826738924,5
{},always_ofdm,106,2.768705210347713,0.4304216151519386,2.234266186764834,3.3031442339305923,5,0.016666299660882018,0.037266978975113885,-0.02960676645433359,0.06293936577609763,5,0.00625,0.008558164961018222,-0.004376365322785266,0.016876365322785268,5,0.08679713223216656,0.0821376068871074,-0.015190177138168434,0.18878444160250157,5,1.0,0.0,1.0,1.0,5,4.3170223365469536,0.695109247563154,3.4539302090292763,5.180114464064631,5
{},always_ofdm,107,2.7852421019316327,0.4299653880030386,2.251369559174546,3.319114644688719,5,0.01653689158391946,0.036977613718188085,-0.029376880109440402,0.06245066327727932,5,0.009375,0.013975424859373685,-0.00797778190748624,0.026727781907486238,5,0.08838542192913768,0.08633445669210393,-0.018812964749930022,0.19558380860820537,5,1.0,0.0,1.0,1.0,5,4.34970261141113,0.6945752368635486,3.4872735457538084,5.212131677068452,5
{},always_ofdm,108,2.8012015044499092,0.43253267838294457,2.2641412496551583,3.33826175924466,5,0.01595940251827662,0.03568630891114785,-0.028351002485473918,0.06026980752202716,5,0.003125,0.0069877124296868435,-0.005551390953743122,0.011801390953743121,5,0.05605693641413918,0.06845290486919244,-0.028938571134404373,0.14105244396268274,5,1.0,0.0,1.0,1.0,5,4.366276783318732,0.6899378646888662,3.509605775736985,5.222947790900479,5
{},always_ofdm,109,2.8382204062459433,0.4518893700997768,2.277125644222073,3.3993151682698137,5,0.037018901796034044,0.05069905118099836,-0.02593228479850177,0.09997008839056987,5,0.021875,0.013975424859373685,0.0045222180925137585,0.03922778190748624,5,0.1540140485493482,0.07085839166264636,0.06603173465121828,0.2419963624474781,5,1.0,0.0,1.0,1.0,5,4.418548863191252,0.7022034645023705,3.5466481019047023,5.290449624477802,5
{},always_ofdm,110,2.8746099150780267,0.4219985803515434,2.350629470562416,3.3985903595936375,5,0.03638950883208338,0.049877086152439166,-0.025541073378707944,0.0983200910428747,5,0.04375,0.04335761539222377,-0.010085590080489738,0.09758559008048973,5,0.1698930286254639,0.08607765649129824,0.06301350151046814,0.27677255574045967,5,1.0,0.0,1.0,1.0,5,4.473733409044283,0.6712487003547613,3.6402680639727083,5.307198754115858,5
{},always_ofdm,111,2.8933537750903615,0.43464466396221446,2.353671143837106,3.433036406343617,5,0.01874386001233454,0.04191254514832008,-0.033297438371424445,0.07078515839609352,5,0.034375,0.03890593624371479,-0.013933100350231722,0.08268310035023173,5,0.13785847211926344,0.09936266023720236,0.01448343413697635,0.26123351010155055,5,1.0,0.0,1.0,1.0,5,4.504294673873458,0.7263705098428358,3.6023865624446945,5.406202785302222,5
{},always_ofdm,112,2.9549036322622086,0.4391431828850968,2.4096353520171716,3.5001719125072457,5,0.061549857171847175,0.058616555685235563,-0.011232209721216135,0.13433192406491049,5,0.028125,0.03202172114362375,-0.011635218304557948,0.06788521830455795,5,0.12884686160391257,0.09585397306388156,0.009828434165697245,0.2478652890421279,5,1.0,0.0,1.0,1.0,5,4.607999565515788,0.7113961435915145,3.724684585557208,5.491314545474369,5
{},always_ofdm,113,2.987701359303214,0.4537253182589084,2.4243269665475813,3.5510757520588463,5,0.0327977270410051,0.044950834914139585,-0.023016106361082915,0.08861156044309312,5,0.009375,0.008558164961018222,-0.0012513653227852663,0.020001365322785264,5,0.11724052549506263,0.08471303095102153,0.01205540478445781,0.22242564620566746,5,1.0,0.0,1.0,1.0,5,4.6506307726877,0.7719228990621811,3.69216189953311,5.60909964584229,5
{},always_ofdm,114,2.987701359303214,0.4537253182589084,2.4243269665475813,3.5510757520588463,5,0.0,0.0,0.0,0.0,5,0.015625,0.019136638615493577,-0.008136275215494343,0.03938627521549434,5,0.12171060455392327,0.09053725803210678,0.009293750759371486,0.23412745834847504,5,1.0,0.0,1.0,1.0,5,4.651771283973527,0.7771353654282199,3.686830278990378,5.616712288956675,5
{},always_ofdm,115,3.0225924684333796,0.43884063078111163,2.477699856243442,3.5674850806233174,5,0.03489110913016566,0.047823847326382105,-0.02449004035059646,0.09427225861092778,5,0.009375,0.013975424859373684,-0.007977781907486237,0.026727781907486238,5,0.08808308225734443,0.08613307820775801,-0.018865260007698087,0.19503142452238695,5,1.0,0.0,1.0,1.0,5,4.702685270709024,0.782213963325703,3.731438353555217,5.673932187862831,5
{},always_ofdm,116,3.0587956586711136,0.4727712779632969,2.471772583439302,3.6458187339029253,5,0.036203190237734065,0.049820264397916335,-0.025656838446151492,0.09806321892161962,5,0.015625,0.019136638615493577,-0.008136275215494343,0.03938627521549434,5,0.12113536862736722,0.08828830276784475,0.011510961618020454,0.230759775636714,5,1.0,0.0,1.0,1.0,5,4.723765728079493,0.838256640331424,3.68293263652472,5.764598819634266,5
{},always_ofdm,117,3.077176179901477,0.49708096235804183,2.459968644749015,3.694383715053939,5,0.0183805212303632,0.04110009493297019,-0.03265198697066293,0.06941302943138933,5,0.015625,0.02209708691207961,-0.01181215728390889,0.043062157283908886,5,0.09270761150988617,0.09190038573609235,-0.021401788879658643,0.20681701189943097,5,1.0,0.0,1.0,1.0,5,4.75742709664449,0.8835354193248539,3.66037297533095,5.854481217958029,5
{},always_ofdm,118,3.0956281384444355,0.5106290219588285,2.4615984654401575,3.7296578114487136,5,0.01845195854295878,0.04125983362006381,-0.032778891434951836,0.06968280852086939,5,0.00625,0.013975424859373689,-0.011102781907486243,0.023602781907486242,5,0.0549489543979471,0.07358989063755493,-0.036424963438457275,0.14632287223435148,5,1.0,0.0,1.0,1.0,5,4.790791805133755,0.8949239273267858,3.6795969834409608,5.901986626826549,5
{},always_ofdm,119,3.111943338304342,0.5068170075669463,2.482646906331099,3.741239770277585,5,0.01631519985990622,0.03648189595324536,-0.028983056931454216,0.06161345665126666,5,0.01875,0.02567449488305466,-0.013129095968355795,0.0506290959683558,5,0.12224078004687917,0.09100652719209265,0.009241251630905625,0.2352403084628527,5,1.0,0.0,1.0,1.0,5,4.825033030080446,0.8999401686087538,3.7076097221815294,5.942456337979363,5
{},always_ofdm,120,3.111943338304342,0.5068170075669463,2.482646906331099,3.741239770277585,5,0.0,0.0,0.0,0.0,5,0.0,0.0,0.0,0.0,5,0.02577435669309322,0.0015614863240259427,0.023835515340862666,0.027713198045323774,5,1.0,0.0,1.0,1.0,5,4.811988825394468,0.9015092653360134,3.692617226579613,5.9313604242093225,5
{},always_ofdm,121,3.1289640017903504,0.47311537282104066,2.5415136763617117,3.716414327218989,5,0.017020663486008843,0.038059360576864314,-0.03023627433693931,0.06427760130895699,5,0.0125,0.02037250751625828,-0.012795809136073543,0.03779580913607354,5,0.0914576395925879,0.09110977449517461,-0.021670087282534167,0.20458536646770997,5,1.0,0.0,1.0,1.0,5,4.821269653184341,0.856339649461492,3.7579835402135733,5.88455576615511,5
{},always_ofdm,122,3.1289640017903504,0.47311537282104066,2.5415136763617117,3.716414327218989,5,0.0,0.0,0.0,0.0,5,0.0,0.0,0.0,0.0,5,0.02476310897470866,0.0019833022855184654,0.022300513929225135,0.027225704020192185,5,1.0,0.0,1.0,1.0,5,4.8065968033469035,0.8366673010566792,3.7677371371505126,5.8454564695432945,5
{},always_ofdm,123,3.1485711301017343,0.5001739211076924,2.5275231794219017,3.769619080781567,5,0.01960712831138376,0.04384287174781475,-0.03483098711574286,0.07404524373851037,5,0.009375,0.02096313728906053,-0.01665417286122936,0.03540417286122936,5,0.059133314870086814,0.0772483948058304,-0.03678323587934364,0.15504986561951728,5,1.0,0.0,1.0,1.0,5,4.841991950915725,0.8829855432770279,3.7456205908942453,5.938363310937205,5
{},always_ofdm,124,3.1485711301017343,0.5001739211076924,2.5275231794219017,3.769619080781567,5,0.0,0.0,0.0,0.0,5,0.0,0.0,0.0,0.0,5,0.024813133328539138,0.004172391332729938,0.01963242522427094,0.029993841432807335,5,1.0,0.0,1.0,1.0,5,4.813244556319461,0.8912394146697454,3.7066246613438403,5.919864451295082,5
{},always_ofdm,125,3.165737893222656,0.5257265009119662,2.512962224138628,3.8185135623066837,5,0.0171667631209216,0.03838604929201714,-0.030495812318251256,0.06482933856009446,5,0.009375,0.013975424859373685,-0.00797778190748624,0.026727781907486238,5,0.08823862829862264,0.08942120931510078,-0.022792467983781275,0.19926972458102654,5,1.0,0.0,1.0,1.0,5,4.829447785579955,0.9150730105793615,3.6932345726156273,5.965660998544283,5
{},always_ofdm,126,3.181722342243301,0.5225133797396176,2.5329362900408445,3.8305083944457574,5,0.01598444902064492,0.03574231459304198,-0.028395496222008418,0.06036439426329826,5,0.003125,0.0069877124296868435,-0.005551390953743122,0.011801390953743121,5,0.053382933420693654,0.06929682219921715,-0.03266043589400183,0.13942630273538914,5,1.0,0.0,1.0,1.0,5,4.832075445646042,0.9430180490347586,3.6611638845032286,6.002987006788857,5
{},always_ofdm,127,3.197977983268697,0.5476406031797051,2.517992362345862,3.8779636041915317,5,0.01625564102539586,0.036348718350619535,-0.02887725393141701,0.06138853598220873,5,0.00625,0.008558164961018222,-0.004376365322785266,0.016876365322785268,5,0.08682063234577657,0.08258083692902539,-0.015717019810530336,0.18935828450208347,5,1.0,0.0,1.0,1.0,5,4.832863890948969,0.9638045229727763,3.636142513467718,6.029585268430221,5
{},always_ofdm,128,3.21512199536787,0.5462973829269357,2.5368042026745568,3.893439788061183,5,0.01714401209917276,0.03833517646082916,-0.030455396377027287,0.0647434205753728,5,0.003125,0.0069877124296868435,-0.005551390953743122,0.011801390953743121,5,0.05405172166962555,0.07102198446926222,-0.03413371952684439,0.1422371628660955,5,1.0,0.0,1.0,1.0,5,4.861691254879739,0.9649778128226161,3.6635130456324836,6.059869464126995,5
{},always_ofdm,129,3.21512199536787,0.5462973829269357,2.5368042026745568,3.893439788061183,5,0.0,0.0,0.0,0.0,5,0.00625,0.013975424859373689,-0.011102781907486243,0.023602781907486242,5,0.05579457281853112,0.07468263891150176,-0.03693617120873234,0.14852531684579456,5,1.0,0.0,1.0,1.0,5,4.8580041376738725,0.9612282574432253,3.664481616350478,6.0515266589972665,5
{},always_ofdm,130,3.2319172454774154,0.5729564489654848,2.520497850258299,3.943336640696532,5,0.01679525010954544,0.03755532094405439,-0.029835839847674787,0.06342634006676567,5,0.00625,0.008558164961018222,-0.004376365322785266,0.016876365322785268,5,0.08660118404366987,0.08465704222387235,-0.018514417480128553,0.1917167855674683,5,1.0,0.0,1.0,1.0,5,4.875970401910346,0.9841340832288974,3.6540065413597547,6.097934262460937,5
{},always_ofdm,131,3.2730482283763656,0.581927910661976,2.5504892921574522,3.995607164595279,5,0.041130982898950216,0.05831894655264226,-0.03128155344863534,0.11354351924653577,5,0.01875,0.033874192794810624,-0.02331036566152978,0.06081036566152978,5,0.09563906365691903,0.09786239509900577,-0.025873149115509142,0.2171512764293472,5,1.0,0.0,1.0,1.0,5,4.945493610941048,0.9986245464002669,3.70553746395327,6.185449757928826,5
{},always_ofdm,132,3.2730482283763656,0.581927910661976,2.5504892921574522,3.995607164595279,5,0.0,0.0,0.0,0.0,5,0.021875,0.040745015032516554,-0.028716618272147075,0.07246661827214707,5,0.10052959656302267,0.10178666886979784,-0.02585524566969337,0.2269144387957387,5,1.0,0.0,1.0,1.0,5,4.920977826693247,0.9756369197909336,3.709564588070429,6.132391065316065,5
{},always_ofdm,133,3.288891111400974,0.552083797267895,2.603388536341802,3.9743936864601457,5,0.01584288302460844,0.035425763402601944,-0.028144012001286963,0.05982977805050384,5,0.00625,0.008558164961018222,-0.004376365322785266,0.016876365322785268,5,0.08663955031477998,0.08118809629969996,-0.014168785943257906,0.18744788657281786,5,1.0,0.0,1.0,1.0,5,4.9504626415850765,0.913646325697382,3.8160208918754845,6.0849043912946685,5
{},always_ofdm,134,3.321550092853628,0.5636536851206528,2.6216816045844316,4.021418581122825,5,0.03265898145265426,0.04474403007281215,-0.022898069823303245,0.08821603272861175,5,0.00625,0.008558164961018222,-0.004376365322785266,0.016876365322785268,5,0.0846766380316764,0.08483477237430746,-0.020659644621312645,0.19001292068466544,5,1.0,0.0,1.0,1.0,5,4.9827875197782285,0.956857739993962,3.794691712625106,6.170883326931351,5
{},always_ofdm,135,3.3390836837885844,0.5898610362337736,2.6066744711539402,4.071492896423228,5,0.0175335909349563,0.039206301220236384,-0.031147461792943615,0.06621464366285622,5,0.003125,0.006987712429686844,-0.005551390953743122,0.011801390953743121,5,0.056048985134517657,0.0690841966404282,-0.02973037467873163,0.14182834494776694,5,1.0,0.0,1.0,1.0,5,5.000731165063707,0.9800845335448837,3.783795484564693,6.217666845562721,5
{},always_ofdm,136,3.371876804749545,0.6241308671332039,2.5969159768625474,4.146837632636543,5,0.03279312096096052,0.04491862893597257,-0.022980723437510585,0.08856696535943162,5,0.009375,0.008558164961018222,-0.0012513653227852663,0.020001365322785264,5,0.11801818010302437,0.08205542063583438,0.016132918442042413,0.21990344176400634,5,1.0,0.0,1.0,1.0,5,5.046492286623376,1.0117220899750674,3.790273391313863,6.30271118193289,5
{},always_ofdm,137,3.3882569993570906,0.6500049373303073,2.5811692700193527,4.195344728694828,5,0.01638019460754582,0.03662722862714794,-0.029098516532762145,0.061858905747853785,5,0.0125,0.020372507516258277,-0.012795809136073536,0.03779580913607354,5,0.09267974603802001,0.08977491349346803,-0.018790531988676765,0.20415002406471677,5,1.0,0.0,1.0,1.0,5,5.062634120670751,1.0497325406799785,3.7592190171654507,6.3660492241760505,5
{},always_ofdm,138,3.443786370898392,0.6897285686535527,2.5873752386686606,4.300197503128123,5,0.05552937154130111,0.051081217225044634,-0.00789633687146292,0.11895507995406514,5,0.01875,0.017116329922036443,-0.0025027306455705327,0.04000273064557053,5,0.1528463839484266,0.07272551080133051,0.06254573543543535,0.24314703246141783,5,1.0,0.0,1.0,1.0,5,5.145402608210494,1.107724156560809,3.7699814030683054,6.520823813352683,5
{},always_ofdm,139,3.4613064392100648,0.7178529755922997,2.569974243413659,4.35263863500647,5,0.01752006831167326,0.03917606371534138,-0.03112343959500302,0.06616357621834953,5,0.00625,0.008558164961018222,-0.004376365322785266,0.016876365322785268,5,0.08924301436867088,0.08313505023435457,-0.013982784496188783,0.19246881323353054,5,1.0,0.0,1.0,1.0,5,5.1782313204486625,1.1545097985297164,3.7447180680408296,6.611744572856495,5
{},always_ofdm,140,3.479064705573511,0.7281591829570377,2.5749356631342875,4.383193748012734,5,0.01775826636344574,0.03970869075121266,-0.03154658535814189,0.06706311808503337,5,0.003125,0.006987712429686844,-0.005551390953743122,0.011801390953743121,5,0.05647993126185765,0.07120534355122095,-0.03193318030542413,0.14489304282913942,5,1.0,0.0,1.0,1.0,5,5.196310297728345,1.1431069765941053,3.7769555187958885,6.6156650766608,5
{},always_ofdm,141,3.513752497241204,0.7305780859344366,2.6066199900597966,4.420885004422612,5,0.034687791667693056,0.04751847317259752,-0.02431418572033279,0.09368976905571891,5,0.0375,0.03240068961457457,-0.002730769811391913,0.0777307698113919,5,0.16573177101256092,0.08158723464941685,0.06442783903537713,0.2670357029897447,5,1.0,0.0,1.0,1.0,5,5.251087147535676,1.1701377630995782,3.798169214156242,6.70400508091511,5
{},always_ofdm,142,3.513752497241204,0.7305780859344366,2.6066199900597966,4.420885004422612,5,0.0,0.0,0.0,0.0,5,0.0,0.0,0.0,0.0,5,0.02603067510951096,0.004359136048007469,0.02061809281542784,0.03144325740359408,5,1.0,0.0,1.0,1.0,5,5.24992175174197,1.1684920392316416,3.799047254440337,6.700796249043602,5
{},always_ofdm,143,3.532941567528546,0.7455165209955864,2.607260543342204,4.458622591714888,5,0.01918907028734266,0.04290806558751961,-0.034088329985246385,0.0724664705599317,5,0.00625,0.013975424859373689,-0.011102781907486243,0.023602781907486242,5,0.06050948760331938,0.07213193043366294,-0.029054133537098473,0.15007310874373725,5,1.0,0.0,1.0,1.0,5,5.2841820148166665,1.1865837467002707,3.810843695685203,6.75752033394813,5
{},always_ofdm,144,3.5695764218455723,0.7158308092629517,2.6807550771786977,4.458397766512447,5,0.03663485431702562,0.050352934734682005,-0.025886571946932946,0.09915628058098419,5,0.009375,0.013975424859373685,-0.00797778190748624,0.026727781907486238,5,0.09015300747993282,0.08755343454959937,-0.018558940119394504,0.19886495507926016,5,1.0,0.0,1.0,1.0,5,5.336089505214463,1.1228439079910066,3.9418946490596074,6.730284361369318,5
{},always_ofdm,145,3.5695764218455723,0.7158308092629517,2.6807550771786977,4.458397766512447,5,0.0,0.0,0.0,0.0,5,0.0375,0.04501518840902479,-0.018393738819845566,0.09339373881984556,5,0.13758916981782154,0.10514748534220487,0.007031322766747505,0.2681470168688956,5,1.0,0.0,1.0,1.0,5,5.331379694487198,1.1169487448411906,3.9445046501790064,6.718254738795389,5
{},always_ofdm,146,3.5863958452884717,0.7071338997206777,2.7083731400958735,4.46441855048107,5,0.016819423442899762,0.037609374160677424,-0.029878782447388393,0.06351762933318791,5,0.003125,0.0069877124296868435,-0.005551390953743122,0.011801390953743121,5,0.05793005233387592,0.06909862458597803,-0.027867222139930634,0.14372732680768247,5,1.0,0.0,1.0,1.0,5,5.362073369823309,1.1187263137493884,3.9729911821974824,6.751155557449136,5
{},always_ofdm,147,3.5863958452884717,0.7071338997206777,2.7083731400958735,4.46441855048107,5,0.0,0.0,0.0,0.0,5,0.0,0.0,0.0,0.0,5,0.02296089953403608,0.0026751660746109096,0.019639242129975622,0.026282556938096537,5,1.0,0.0,1.0,1.0,5,5.361476961580037,1.1211347554444242,3.969404298609711,6.753549624550362,5
{},always_ofdm,148,3.6070456071602934,0.669884987238873,2.775273535568595,4.438817678751992,5,0.0206497618718218,0.04617427126457685,-0.03668316840069798,0.07798269214434157,5,0.0125,0.020372507516258277,-0.012795809136073536,0.03779580913607354,5,0.08839324746973717,0.09036828966816729,-0.02381380439047555,0.20060029932994988,5,1.0,0.0,1.0,1.0,5,5.367841009166145,1.0777884153927417,4.029589936091892,6.7060920822403975,5
{},always_ofdm,149,3.640366576205099,0.6434908931504387,2.8413671010082124,4.4393660514019855,5,0.03332096904480612,0.045741157029062576,-0.023474178874366036,0.09011611696397828,5,0.009375,0.013975424859373685,-0.00797778190748624,0.026727781907486238,5,0.08934795377649274,0.08442454086899416,-0.015478959185419847,0.19417486673840534,5,1.0,0.0,1.0,1.0,5,5.375272414436436,0.9960715775823926,4.1384861969183495,6.612058631954523,5
{},always_ofdm,150,3.6573044214182295,0.6573792428622377,2.841060282389739,4.47354856044672,5,0.01693784521313002,0.03751203479621171,-0.029639497892693017,0.06351518831895306,5,0.046875,0.06629126073623882,-0.03543647185172666,0.12918647185172666,5,0.14243743825077765,0.11218902293594801,0.003136367477554386,0.2817385090240009,5,1.0,0.0,1.0,1.0,5,5.426321365433102,1.031122194235797,4.146014059101642,6.7066286717645625,5
{},always_ofdm,151,3.673395640066327,0.6722013052365772,2.8387474798084877,4.508043800324166,5,0.0160912186480971,0.035981058737957386,-0.028585166604079636,0.06076760390027384,5,0.00625,0.008558164961018222,-0.004376365322785266,0.016876365322785268,5,0.08764622765220512,0.08134433667055685,-0.013356106649391755,0.18864856195380197,5,1.0,0.0,1.0,1.0,5,5.444884328342601,1.075775803679139,4.109132242775491,6.780636413909711,5
{},always_ofdm,152,3.7122487787015834,0.651116419428053,2.9037809620584265,4.52071659534474,5,0.038853138635256655,0.0541707796354099,-0.028408768192661575,0.10611504546317488,5,0.0375,0.052524175981161283,-0.027717378351126955,0.10271737835112696,5,0.13843222870493715,0.10776580237154018,0.0046233116626536175,0.2722411457472207,5,1.0,0.0,1.0,1.0,5,5.5179823024900445,1.026367661297971,4.243578528535757,6.792386076444332,5
{},always_ofdm,153,3.7552430322896035,0.6709645210717119,2.9221305424028263,4.58835552217638,5,0.04299425358802024,0.05948430164678853,-0.03086526222509009,0.11685376940113057,5,0.028125,0.02795084971874737,-0.0065805638149724795,0.06283056381497248,5,0.13184802950525204,0.0960579521290329,0.012576328605451048,0.25111973040505303,5,1.0,0.0,1.0,1.0,5,5.595027608824284,1.0604436776903454,4.278312872113384,6.911742345535185,5
{},always_ofdm,154,3.7734214689999197,0.6608051562047457,2.952923496713071,4.5939194412867685,5,0.01817843671031654,0.040648220208945436,-0.032292994914189785,0.06864986833482287,5,0.040625,0.04074501503251656,-0.009966618272147086,0.09121661827214708,5,0.19884930620008706,0.028739220809600684,0.1631648503843774,0.23453376201579673,5,1.0,0.0,1.0,1.0,5,5.611035934515429,1.064697392310126,4.289039513502514,6.9330323555283435,5
{},always_ofdm,155,3.8165588393607224,0.6105809410686127,3.0584224668464506,4.574695211874994,5,0.04313737036080238,0.05946614079732239,-0.030699595779349054,0.11697433650095382,5,0.025,0.028384222069663984,-0.010243666660922565,0.06024366666092257,5,0.12663968547165247,0.0960381841780904,0.007392529724855032,0.2458868412184499,5,1.0,0.0,1.0,1.0,5,5.681885192858333,0.991259247558181,4.451074272278785,6.912696113437882,5
{},always_ofdm,156,3.8165588393607224,0.6105809410686127,3.0584224668464506,4.574695211874994,5,0.0,0.0,0.0,0.0,5,0.021875,0.023696485762661097,-0.007548073255444411,0.05129807325544441,5,0.12596282680037288,0.09205804895471625,0.011657661668421831,0.24026799193232393,5,1.0,0.0,1.0,1.0,5,5.658277101029303,1.0229253488797472,4.388147522475293,6.928406679583313,5
{},always_ofdm,157,3.8847733396287736,0.5974422312534678,3.1429508300748132,4.626595849182734,5,0.06821450026805104,0.038197751426742754,0.020785727509128007,0.11564327302697407,5,0.03125,0.019136638615493577,0.007488724784505657,0.05501127521549434,5,0.1893926111828383,0.014454403752740326,0.1714450984275592,0.20734012393811738,5,1.0,0.0,1.0,1.0,5,5.754256429319114,0.9895836359795533,4.525526055311722,6.982986803326507,5
{},always_ofdm,158,3.9401901741854752,0.5871458272988285,3.211152338732954,4.669228009637997,5,0.05541683455670128,0.053588455718067286,-0.011122021627759632,0.12195569074116219,5,0.034375,0.020372507516258277,0.009079190863926466,0.05967080913607354,5,0.19082092667519518,0.01673834953027785,0.17003752067409825,0.2116043326762921,5,1.0,0.0,1.0,1.0,5,5.855120328347776,0.9839265802540977,4.633414116770513,7.0768265399250385,5
{},always_ofdm,159,3.9648459114276826,0.5821523902427567,3.242008246994982,4.687683575860383,5,0.0246557372422075,0.05513190450894917,-0.043799563738962585,0.09311103822337759,5,0.025,0.03423265984407289,-0.017505461291141063,0.06750546129114107,5,0.10189870242751616,0.10165742695109758,-0.024325664767691005,0.22812306962272333,5,1.0,0.0,1.0,1.0,5,5.896033666036086,0.9808071425196022,4.678200747988385,7.1138665840837865,5
{},always_ofdm,160,4.001273012759119,0.580964090241228,3.2799108176573823,4.722635207860856,5,0.03642710133143724,0.049901140981087014,-0.02553334889406908,0.09838755155694356,5,0.0375,0.03240068961457457,-0.002730769811391913,0.0777307698113919,5,0.1665536922517632,0.07728960035164807,0.07058597805956462,0.26252140644396177,5,1.0,0.0,1.0,1.0,5,5.950709932288381,0.9504440416918031,4.77057778341239,7.1308420811643725,5
{},always_ofdm,161,4.017076664417155,0.6079197381847301,3.2622446117157162,4.7719087171185945,5,0.0158036516580361,0.03533803940009598,-0.028074319632169303,0.0596816229482415,5,0.040625,0.04221642526908218,-0.011793615389479102,0.09304361538947911,5,0.1681644607483754,0.08374936339419696,0.06417589134931664,0.2721530301474342,5,1.0,0.0,1.0,1.0,5,5.981270030352474,0.9542006800503957,4.7964733988723465,7.166066661832601,5
{},always_ofdm,162,4.017076664417155,0.6079197381847301,3.2622446117157162,4.7719087171185945,5,0.0,0.0,0.0,0.0,5,0.034375,0.033874192794810624,-0.007685365661529775,0.07643536566152978,5,0.13418045868271525,0.10204574633638795,0.007473929286988451,0.260886988078442,5,1.0,0.0,1.0,1.0,5,5.984728735586233,0.9501614799853549,4.80494743340841,7.164510037764057,5
{},always_ofdm,163,4.017076664417155,0.6079197381847301,3.2622446117157162,4.7719087171185945,5,0.0,0.0,0.0,0.0,5,0.034375,0.020372507516258277,0.009079190863926466,0.05967080913607354,5,0.16462718069061713,0.08202606988905507,0.06277836279523143,0.26647599858600285,5,1.0,0.0,1.0,1.0,5,5.978209698550612,0.9413295584123194,4.809394675424985,7.147024721676238,5
{},always_ofdm,164,4.0595000146,0.6437494404265399,3.260179510558545,4.858820518641455,5,0.04242335018284502,0.05892266892830521,-0.03073880650351126,0.1155855068692013,5,0.05,0.01711632992203644,0.028747269354429474,0.07125273064557053,5,0.20409412025912882,0.013935141251316705,0.18679135705748467,0.22139688346077296,5,1.0,0.0,1.0,1.0,5,6.049369386294449,0.9706670894370513,4.844127007099227,7.254611765489671,5
{},always_ofdm,165,4.0595000146,0.6437494404265399,3.260179510558545,4.858820518641455,5,0.0,0.0,0.0,0.0,5,0.05625,0.03597145135381668,0.0115855438908277,0.1009144561091723,5,0.18157577358428442,0.0860290194553904,0.07475663732575476,0.2883949098428141,5,1.0,0.0,1.0,1.0,5,6.072295100866052,0.9808351700049007,4.854427382098896,7.290162819633208,5
{},always_ofdm,166,4.095274481763956,0.6468832081270891,3.292062891189995,4.898486072337916,5,0.03577446716395538,0.0495722442238574,-0.02577760379897296,0.09732653812688372,5,0.034375,0.01307281291459493,0.018142958848694227,0.05060704115130578,5,0.19072560387214252,0.008149570251502144,0.18060657589001988,0.20084463185426515,5,1.0,0.0,1.0,1.0,5,6.1102645978828996,1.0112300146534947,4.8546566947845875,7.365872500981212,5
{},always_ofdm,167,4.135647975896128,0.6384113263978088,3.342955615862455,4.928340335929801,5,0.04037349413217164,0.056427751749411136,-0.02969081371465177,0.11043780197899505,5,0.0375,0.028384222069663984,0.002256333339077432,0.07274366666092257,5,0.1650994403415556,0.07909729652389973,0.06688717489258139,0.2633117057905298,5,1.0,0.0,1.0,1.0,5,6.177763423134508,1.0254569757643517,4.904490414621001,7.451036431648016,5
{},always_ofdm,168,4.1697593133360575,0.6765999242535432,3.3296495462030373,5.009869080469078,5,0.034111337439929924,0.04707325001887737,-0.024337822386954873,0.09256049726681473,5,0.021875,0.02614562582918986,-0.010589082302611554,0.05433908230261155,5,0.12524549539445484,0.09143679233701137,0.011711722238353803,0.23877926855055587,5,1.0,0.0,1.0,1.0,5,6.232863777380184,1.0747617355173162,4.898370823741335,7.567356731019034,5
{},always_ofdm,169,4.205121868213308,0.6810938198947921,3.359432192650864,5.050811543775751,5,0.035362554877249444,0.04874522156906376,-0.025162631829522733,0.09588774158402162,5,0.046875,0.03125,0.008073000056132297,0.08567699994386771,5,0.2007897643728111,0.021233017697126065,0.17442549072506622,0.22715403802055598,5,1.0,0.0,1.0,1.0,5,6.290038238614257,1.0931328417394248,4.932734543772238,7.647341933456277,5
{},always_ofdm,170,4.281545230372627,0.6955613494996796,3.4178917441568477,5.145198716588407,5,0.07642336215932014,0.04413637297717048,0.021620816822273965,0.1312259074963663,5,0.03125,0.015625,0.011849000028066149,0.050650999971933855,5,0.18769941098799842,0.012513837003626318,0.17216143010120552,0.2032373918747913,5,1.0,0.0,1.0,1.0,5,6.392630330217465,1.1078297377270407,5.017078028742278,7.768182631692653,5
{},always_ofdm,171,4.357419416660919,0.683038785200612,3.5093147477004836,5.205524085621355,5,0.07587418628829046,0.042984831523907106,0.022501468516200662,0.12924690406038025,5,0.021875,0.017815241017174032,-0.0002455433903480464,0.043995543390348044,5,0.15676031229964216,0.07412469875247318,0.06472234248099656,0.24879828211828775,5,1.0,0.0,1.0,1.0,5,6.509640041512142,1.0938723117657487,5.151418173360685,7.867861909663599,5
{},always_ofdm,172,4.373777142871903,0.6795537956505422,3.5299996599699055,5.217554625773901,5,0.016357726210985,0.03657698776509253,-0.02905860265967004,0.061774055081640036,5,0.009375,0.013975424859373685,-0.00797778190748624,0.026727781907486238,5,0.09099874217580015,0.08714126124642495,-0.017201424671954776,0.19919890902355508,5,1.0,0.0,1.0,1.0,5,6.529247178944237,1.0948550748503751,5.169805049251837,7.888689308636637,5
{},always_ofdm,173,4.412471626393154,0.7053298568506032,3.536688936283544,5.288254316502765,5,0.03869448352125086,0.05395784234398341,-0.02830302673802807,0.10569199378052979,5,0.034375,0.01307281291459493,0.018142958848694227,0.05060704115130578,5,0.1918205361069008,0.010634169506156558,0.1786164706803099,0.20502460153349172,5,1.0,0.0,1.0,1.0,5,6.58140940520259,1.1676986916411234,5.131519979042166,8.031298831363015,5
{},always_ofdm,174,4.464687927198929,0.6811539701398999,3.618923565242652,5.310452289155206,5,0.05221630080577429,0.04817133664030034,-0.007596313645840624,0.1120289152573892,5,0.021875,0.017815241017174032,-0.0002455433903480464,0.043995543390348044,5,0.15693778384442877,0.0729654121109152,0.06633925851220428,0.24753630917665326,5,1.0,0.0,1.0,1.0,5,6.680881670110014,1.126365016845695,5.282314779856536,8.079448560363492,5
{},always_ofdm,175,4.5335172717054375,0.6824360334650925,3.686161017874851,5.380873525536024,5,0.06882934450650983,0.06308489516992656,-0.009500898656446655,0.14715958766946632,5,0.034375,0.033874192794810624,-0.007685365661529775,0.07643536566152978,5,0.1371329585810791,0.10100877004726705,0.011714005310544645,0.26255191185161353,5,1.0,0.0,1.0,1.0,5,6.778718591861656,1.1185534964424193,5.389850985264159,8.167586198459153,5
{},always_ofdm,176,4.55033190130236,0.6789314928603076,3.7073271093709783,5.393336693233741,5,0.01681462959692262,0.03759865479519887,-0.029870266443167218,0.06349952563701246,5,0.059375,0.04866378594499199,-0.001049071024191009,0.119799071024191,5,0.20997904184576327,0.03379857994210366,0.1680125619412412,0.25194552175028534,5,1.0,0.0,1.0,1.0,5,6.8231269274668405,1.144540906307802,5.401991689632933,8.244262165300748,5
{},always_ofdm,177,4.567690418000307,0.6792173085000933,3.72433073907888,5.411050096921734,5,0.017358516697946618,0.038814823325173824,-0.030836452021561527,0.06555348541745476,5,0.040625,0.05014627042462879,-0.021639818630451862,0.10288981863045187,5,0.14133779947986475,0.10767174993794443,0.007645663958320531,0.27502993500140893,5,1.0,0.0,1.0,1.0,5,6.826616824620342,1.1281829372148622,5.4257926880928675,8.227440961147817,5
{},always_ofdm,178,4.567690418000307,0.6792173085000933,3.72433073907888,5.411050096921734,5,0.0,0.0,0.0,0.0,5,0.053125,0.04635124054434789,-0.004427666655999522,0.11067766665599951,5,0.18126831273193275,0.08789075525047203,0.07213752616248297,0.2903990993013825,5,1.0,0.0,1.0,1.0,5,6.830671519969533,1.1204283089652154,5.439476026159099,8.221867013779967,5
{},always_ofdm,179,4.625724795669474,0.6841038529455581,3.776297670434491,5.475151920904457,5,0.058034377669166984,0.05310556124917514,-0.00790488583833883,0.1239736411766728,5,0.053125,0.023696485762661097,0.02370192674455559,0.08254807325544442,5,0.20463074716152335,0.018511348729753605,0.18164587188559328,0.22761562243745342,5,1.0,0.0,1.0,1.0,5,6.912646126612245,1.1600784275628084,5.472218508014669,8.35307374520982,5
