variant,selector,dynamic_regret_mean,dynamic_regret_std,dynamic_regret_ci_low,dynamic_regret_ci_high,dynamic_regret_n_seeds,final_cumulative_regret_mean,final_cumulative_regret_std,final_cumulative_regret_ci_low,final_cumulative_regret_ci_high,final_cumulative_regret_n_seeds,mean_ber_mean,mean_ber_std,mean_ber_ci_low,mean_ber_ci_high,mean_ber_n_seeds,mean_bler_mean,mean_bler_std,mean_bler_ci_low,mean_bler_ci_high,mean_bler_n_seeds,mean_objective_mean,mean_objective_std,mean_objective_ci_low,mean_objective_ci_high,mean_objective_n_seeds,total_switch_count_mean,total_switch_count_std,total_switch_count_ci_low,total_switch_count_ci_high,total_switch_count_n_seeds,average_dwell_time_mean,average_dwell_time_std,average_dwell_time_ci_low,average_dwell_time_ci_high,average_dwell_time_n_seeds
{},always_ofdm,4.8787273501853905,1.0641174389398393,2.2353130904165144,7.522141609954266,3,2.939635133816264,0.5933736388273162,1.4656133004650744,4.413656967167453,3,0.06085069444444444,0.011828431548451894,0.031467241564441875,0.09023414732444701,3,0.7111111111111111,0.05672382737961707,0.5702013123643347,0.8520209098578876,3,0.16968172673420312,0.009285156757343102,0.14661611867405955,0.1927473347943467,3,0.0,0.0,0.0,0.0,3,120.0,0.0,120.0,120.0,3
{},always_otfs,1.3060715631074356,0.6502103443148605,-0.3091404737552599,2.921283599970131,3,1.0348684069731444,0.4266038253327845,-0.024874243499843685,2.0946110574461327,3,0.053862847222222225,0.011999200111385706,0.024055181715059618,0.08367051272938483,3,0.5416666666666666,0.0866025403784439,0.32653403018185945,0.7567993031514738,3,0.13990959517522014,0.013209820224921618,0.10709458258945678,0.1727246077609835,3,0.0,0.0,0.0,0.0,3,120.0,0.0,120.0,120.0,3
{},always_afdm,1.7851808054528575,0.45666049412205006,0.6507732505517909,2.919588360353924,3,1.380971125361941,0.15068417617812044,1.00665088075848,1.755291369965402,3,0.05073784722222222,0.010716971139915099,0.024115415058149115,0.07736027938629533,3,0.5750000000000001,0.10833333333333334,0.3058850812303826,0.8441149187696175,3,0.14390217219476534,0.011040822595317896,0.11647524841733088,0.1713290959721998,3,0.0,0.0,0.0,0.0,3,120.0,0.0,120.0,120.0,3
{},random,8.278366991595234,0.410222533245652,7.2593177265625854,9.297416256627884,3,7.2761191407178245,0.18218451543364064,6.823547715437766,7.728690565997883,3,0.05438368055555556,0.012346011498765987,0.023714487802147816,0.0850528733089633,3,0.6,0.08457409637576849,0.3899062977583501,0.8100937022416499,3,0.19801205707928515,0.007514064969976675,0.1793460849190553,0.216678029239515,3,82.0,1.0,79.51586228828046,84.48413771171954,3,1.4459230650826302,0.017422024265949923,1.402644357589091,1.4892017725761695,3
{},rule,2.898540676200319,0.23413988643097736,2.3169049544993965,3.4801763979012414,3,2.212443504816098,0.4221972494776424,1.1636473956044213,3.261239614027775,3,0.053342013888888894,0.010384335676634458,0.02754589402340653,0.07913813375437126,3,0.6055555555555555,0.08347210667398176,0.3981993474900406,0.8129117636210704,3,0.15318017111766083,0.0115290847644132,0.12454033687277075,0.1818200053625509,3,5.666666666666667,2.0816659994661326,0.4955216541884866,10.837811679144847,3,19.11111111111111,5.388602512436507,5.725080396500891,32.49714182572133,3
{},ucb,9.084281780014244,0.9085508257408621,6.827316410777435,11.341247149251053,3,8.641175562828865,1.111487791694397,5.880086823364934,11.402264302292796,3,0.055338541666666664,0.012184745281626731,0.025069956404880904,0.08560712692845243,3,0.5916666666666667,0.11023963796102462,0.31781622468137577,0.8655171086519575,3,0.20472801364944357,0.017454071983746027,0.16136969521155248,0.24808633208733466,3,94.0,4.358898943540674,83.17189475277613,104.82810524722387,3,1.2649788437711853,0.05953226890093145,1.1170924895301528,1.4128651980122178,3
{},sliding_window_ucb,9.580136688369407,0.6206979148073007,8.038237590610905,11.12203578612791,3,8.802190774693328,0.8242050996177253,6.754751804541371,10.849629744845284,3,0.05425347222222223,0.011620197089396204,0.025387302414839417,0.08311964202960505,3,0.5972222222222222,0.08832285053102577,0.3778160984115324,0.816628346032912,3,0.20886013788573657,0.011932678335888406,0.17921772162973734,0.2385025541417358,3,100.66666666666667,9.29157324317757,77.58511917208499,123.74821416124836,3,1.1872893004968477,0.1142706127385634,0.9034253620516824,1.471153238942013,3
{},discounted_ucb,10.538556617860339,0.19472631226990084,10.054829642086602,11.022283593634075,3,9.798632860967873,0.6179049734294622,8.263671814212682,11.333593907723063,3,0.05360243055555556,0.011240481521752372,0.025679526509483783,0.08152533460162734,3,0.6111111111111112,0.08673608331108888,0.3956467355911869,0.8265754866310354,3,0.21684697063149436,0.011714139033168005,0.1877474360988758,0.24594650516411293,3,112.0,4.0,102.06344915312182,121.93655084687818,3,1.0628351198295178,0.03764606228419603,0.9693171168116036,1.156353122847432,3
{},thompson,7.699694849018878,0.5950426846905257,6.2215268758963,9.177862822141456,3,6.841334297952112,0.5321570433384981,5.519382918037776,8.163285677866448,3,0.054036458333333336,0.009924061985568349,0.029383721701540647,0.07868919496512602,3,0.6,0.0726483157256779,0.4195315792129354,0.7804684207870646,3,0.19318978922448216,0.005988935190110602,0.17831244946568414,0.20806712898328017,3,74.33333333333333,6.506407098647712,58.17052209178279,90.49614457488386,3,1.60084835630965,0.1378598580495626,1.2583854839964281,1.943311228622872,3
{},linucb,6.364536104282107,1.610255154059107,2.3644405505931116,10.364631657971103,3,5.9339649422280685,1.3730759704904085,2.5230551428769306,9.344874741579206,3,0.053862847222222225,0.011186050317956577,0.026075157782193874,0.08165053666225058,3,0.5777777777777778,0.07742977702647973,0.38543154865626383,0.7701240068992918,3,0.18206346635167572,0.01767665859927942,0.13815221210801412,0.22597472059533733,3,61.333333333333336,16.258331197676263,20.945399675559322,101.72126699110734,3,2.0112994350282487,0.5003828850948769,0.7682794398650368,3.254319430191461,3
{},sliding_window_linucb,7.858748237303142,0.5192299577897599,6.568909518103052,9.148586956503232,3,7.463631858516858,0.47595010717033226,6.281306248398076,8.64595746863564,3,0.05434027777777778,0.011287142502208525,0.026301461430489066,0.0823790941250665,3,0.6083333333333333,0.09610468828892332,0.36959605288176706,0.8470706137848996,3,0.19451523412685104,0.014502426447403644,0.15848920967741673,0.23054125857628535,3,74.0,3.4641016151377544,65.39469454060772,82.60530545939228,3,1.6022195248829547,0.07208118498639325,1.4231599349528226,1.7812791148130869,3
{},uncertainty_aware,5.807054429524807,0.3574660019813077,4.9190596533454265,6.695049205704187,3,5.033501702908915,0.3562329512051227,4.148569994663121,5.91843341115471,3,0.05381944444444444,0.010348354564952226,0.028112706615401502,0.07952618227348737,3,0.625,0.07637626158259735,0.43527084832251317,0.8147291516774868,3,0.17741778572869826,0.010978197001456077,0.1501464325506948,0.20468913890670173,3,41.666666666666664,4.163331998932266,31.324376641710302,52.00895669162303,3,2.8312877054295824,0.2889969643626439,2.113379447683869,3.5491959631752956,3
