seed,family,time,prediction,estimated_gain,error,scale,radius,covered,wrong_sign,probe
3104,fast_change,1,0.0694303592380561,0.03191301868934188,0.03751734054871422,0.08584661194721557,0.17169322389443115,True,False,True
3104,fast_change,2,0.1680433735717255,0.00763055797695944,0.16041281559476606,0.08027202437277846,0.16054404874555692,True,False,True
3104,fast_change,3,0.21073288786809716,0.021917373205477236,0.18881551466261992,0.016670257357896186,0.03334051471579237,False,False,True
3104,fast_change,4,0.2103355375006228,0.06388688066507117,0.14644865683555164,0.008880198592628978,0.017760397185257955,False,False,True
3104,fast_change,5,0.21297685084977722,0.05453755441409845,0.15843929643567878,0.008346556792371073,0.016693113584742146,False,False,True
3104,fast_change,6,0.21060191799267683,0.05746792209719431,0.15313399589548252,0.008318389189735646,0.016636778379471293,False,False,True
3104,fast_change,7,0.21201309020335488,0.020266681252976787,0.1917464089503781,0.0074079989631723525,0.014815997926344705,False,False,True
3104,fast_change,8,0.21669085950999104,0.03967343702579354,0.1770174224841975,0.006071874308686865,0.01214374861737373,False,False,True
3104,fast_change,9,0.08209933905795773,-0.020005310450059877,0.1021046495080176,0.08579049133276204,0.17158098266552407,True,True,True
3104,fast_change,10,0.06393547038004922,-0.020217129550882992,0.08415259993093221,0.06393012985843083,0.12786025971686166,True,True,True
3104,fast_change,11,0.05258351574529435,0.027458692238140802,0.02512482350715355,0.049410695834771264,0.09882139166954253,True,False,True
3104,fast_change,12,0.047562423981145,-0.0207085451882269,0.06827096916937189,0.028288249874820637,0.056576499749641275,False,True,True
3104,fast_change,13,0.04381328571904292,0.001436261804488581,0.04237702391455434,0.023267832906424916,0.04653566581284983,True,False,True
3104,fast_change,14,0.07293299698681457,0.0003185790879502992,0.07261441789886428,0.03545942299074446,0.07091884598148893,False,False,True
3104,fast_change,15,0.08812857809770686,0.029270546777343115,0.05885803132036374,0.030253219023613182,0.060506438047226364,True,False,True
3104,fast_change,16,0.07466463166841265,-0.010959862663060413,0.08562449433147307,0.03227124303742126,0.06454248607484252,False,True,True
3104,fast_change,19,0.013883138911725273,0.016001290140113533,-0.00211815122838826,0.05207968111340592,0.10415936222681184,True,False,True
3104,fast_change,20,0.03603554498730298,-0.018143148519900856,0.054178693507203834,0.04398089983372937,0.08796179966745873,True,True,True
3104,fast_change,21,0.05402309692826971,-0.011537212086500909,0.06556030901477061,0.042141391476815115,0.08428278295363023,True,True,True
3104,fast_change,22,0.06125968568677113,-0.00406724532978911,0.06532693101656023,0.04046887103508854,0.08093774207017708,True,True,True
3104,fast_change,23,0.05500801243354437,-0.018303134014771516,0.07331114644831588,0.03905143915246505,0.0781028783049301,True,True,True
3104,fast_change,24,0.058418367442519666,0.014117868854463811,0.044300498588055855,0.03699865784571658,0.07399731569143315,True,False,False
3104,fast_change,25,0.07043983664757834,0.0234201862451221,0.047019650402456245,0.03370895317513745,0.0674179063502749,True,False,False
3104,fast_change,26,0.0866790393160125,-0.014804234561957064,0.10148327387796956,0.03738426921693198,0.07476853843386395,False,True,False
3104,fast_change,27,0.09808773077410367,-0.008578823938390101,0.10666655471249377,0.03557914094831007,0.07115828189662014,False,True,False
3104,fast_change,28,0.12393711790072726,-0.0014960082921018358,0.1254331261928291,0.03431934690219265,0.0686386938043853,False,True,False
3104,fast_change,29,0.1343971433865447,0.007363688812398517,0.1270334545741462,0.03296635577997909,0.06593271155995818,False,False,False
3104,fast_change,30,0.18106370085421722,0.004911321650852507,0.1761523792033647,0.03853856986357756,0.07707713972715512,False,False,False
3104,fast_change,31,0.20499706559448286,0.002903276418929568,0.2020937891755533,0.04122161814827712,0.08244323629655424,False,False,False
3104,fast_change,32,0.24325226557934573,-0.012208548964469823,0.25546081454381553,0.045219414064221246,0.09043882812844249,False,True,False
3104,fast_change,33,0.016892246238180305,-0.0004332720925871447,0.01732551833076745,0.14871201937737016,0.2974240387547403,True,True,False
3104,fast_change,34,0.06469392219167548,-0.011983792203436594,0.07667771439511208,0.10776741292808054,0.21553482585616107,True,True,False
3104,fast_change,35,0.1604532200441017,-0.004733583593090118,0.16518680363719182,0.10496484226459046,0.20992968452918093,True,True,False
3104,fast_change,36,0.17487752357740008,-0.012599300469277597,0.18747682404667768,0.026215724626552514,0.05243144925310503,False,True,False
3104,fast_change,37,0.2062909752893888,0.0033480137863934334,0.20294296150299537,0.024221456665105213,0.048442913330210426,False,False,False
3104,fast_change,38,0.16653392442929313,-0.00451093435934663,0.17104485878863976,0.04444077403816788,0.08888154807633576,False,True,False
3104,fast_change,39,0.15247927584949847,-0.00989625529753746,0.16237553114703593,0.048966827185018824,0.09793365437003765,False,True,False
3104,fast_change,40,0.17269317673684817,-0.005239425412733173,0.17793260214958134,0.05425046526775861,0.10850093053551722,False,True,False
3104,fast_change,41,0.1118788356392283,0.001011832964377346,0.11086700267485096,0.033001303267009584,0.06600260653401917,False,False,False
3104,fast_change,42,0.1259853471015869,0.003593512973615487,0.12239183412797142,0.031096954685991367,0.062193909371982735,False,False,False
3104,fast_change,43,0.17390162785562324,-0.00484455852387361,0.17874618637949685,0.043237526884849664,0.08647505376969933,False,True,False
3104,fast_change,44,0.13347250011895045,-0.015682762122307903,0.14915526224125836,0.0316365193422537,0.0632730386845074,False,True,False
3104,fast_change,45,0.17053926682088175,-0.0290743775523713,0.19961364437325305,0.03798371888433474,0.07596743776866947,False,True,False
3104,fast_change,46,0.013229637101570066,-0.05225843741315567,0.06548807451472573,0.059840087296599134,0.11968017459319827,True,True,False
3104,fast_change,47,0.0012254620854239122,0.001851925084688677,-0.0006264629992647648,0.06629394906065171,0.13258789812130342,True,False,False
3104,fast_change,78,0.03561930023935193,0.003729516672422134,0.03188978356692979,0.0197653495364146,0.0395306990728292,True,False,False
3104,fast_change,80,0.03012938084353912,-0.001122351634885374,0.0312517324784245,0.016406771310535185,0.03281354262107037,True,True,False
3104,fast_change,84,0.0020826654450965937,-0.014100375310419133,0.016183040755515726,0.03508325949090158,0.07016651898180316,True,True,False
3104,fast_change,87,0.031171439088758524,0.024245919596051435,0.0069255194927070884,0.028145725672698515,0.05629145134539703,True,False,False
3104,fast_change,88,0.008377222525810649,0.01027208128882301,-0.001894858763012361,0.02708432122026775,0.0541686424405355,True,False,False
3104,fast_change,89,0.010510234734441891,-0.032814657951288184,0.043324892685730074,0.02985846680163032,0.05971693360326064,True,True,False
3104,fast_change,91,0.07174557459855824,0.01144848887225891,0.060297085726299327,0.025118922475961168,0.050237844951922336,False,False,False
3104,fast_change,94,0.024528164469840963,-0.0012178106247217046,0.025745975094562668,0.021444747569942,0.042889495139884,True,True,False
3104,fast_change,97,0.022875239563569266,0.00988549611597106,0.012989743447598207,0.022505027125126288,0.045010054250252576,True,False,False
3104,fast_change,101,0.012174298195713728,0.006726378972681912,0.005447919223031816,0.021747137718444713,0.043494275436889426,True,False,False
3104,fast_change,103,0.00497552543293428,0.001196269100876668,0.0037792563320576122,0.03527802467183006,0.07055604934366012,True,False,False
3104,fast_change,104,0.027459387235979026,-0.01907858555997427,0.0465379727959533,0.027116074746896413,0.054232149493792826,True,True,False
3104,fast_change,105,0.02027953330169417,0.06428888232129709,-0.04400934901960292,0.02324047015608599,0.04648094031217198,True,False,False
3104,fast_change,106,0.16065877720390212,0.04958047360442859,0.11107830359947353,0.04094035970566104,0.08188071941132208,False,False,False
3104,fast_change,107,0.11661816919463895,0.07665417792665499,0.03996399126798396,0.040394294698880874,0.08078858939776175,True,False,False
3102,fixed_region,1,0.013154390163428472,0.07703700718029208,-0.06388261701686361,0.007942198090329705,0.01588439618065941,False,False,True
3102,fixed_region,2,0.07381910934475731,0.01499996198903586,0.058819147355721454,0.0677830970657682,0.1355661941315364,True,False,True
3102,fixed_region,3,0.10854384917866071,0.014082880285367166,0.09446096889329354,0.07512707798578874,0.15025415597157749,True,False,True
3102,fixed_region,4,0.1285872041781394,0.055710500200504956,0.07287670397763445,0.0634689652097103,0.1269379304194206,True,False,True
3102,fixed_region,5,0.13156618850618138,0.04519467049129319,0.08637151801488818,0.06124750727452717,0.12249501454905434,True,False,True
3102,fixed_region,6,0.1551513580917708,0.05094228916123572,0.10420906893053508,0.027878473848496284,0.05575694769699257,False,False,True
3102,fixed_region,7,0.16447880123873634,0.035080264654092724,0.12939853658464362,0.02198419788872263,0.04396839577744526,False,False,True
3102,fixed_region,8,0.1750216105285857,0.05603172784854234,0.11898988268004336,0.018046294230450705,0.03609258846090141,False,False,True
3102,fixed_region,9,0.07993575086483123,-0.030221046053725248,0.11015679691855648,0.08353609522834816,0.16707219045669633,True,True,True
3102,fixed_region,10,0.1221439063185415,-0.0014951246780654792,0.12363903099660697,0.07377222335354802,0.14754444670709604,True,True,True
3102,fixed_region,11,0.10500602520564284,0.011183876940855875,0.09382214826478696,0.05908809903499533,0.11817619806999066,True,False,True
3102,fixed_region,12,0.11325704635625383,-0.01762834182147119,0.13088538817772502,0.047037498184312014,0.09407499636862403,False,True,True
3102,fixed_region,13,0.09969358320315903,-0.02217831796667384,0.12187190116983287,0.03927646144929125,0.0785529228985825,False,True,True
3102,fixed_region,14,0.13120175532507664,-0.0004674057774205487,0.13166916110249718,0.026790157329493653,0.053580314658987306,False,True,True
3102,fixed_region,15,0.10439742212705651,0.00949971984429715,0.09489770228275936,0.02559884386895521,0.05119768773791042,False,False,True
3102,fixed_region,16,0.09104919511800096,-0.01663073990062522,0.10767993501862617,0.029637707948704732,0.059275415897409464,False,True,True
3102,fixed_region,111,0.0015237514052344376,-0.059127810922226215,0.060651562327460655,0.03320187005912217,0.06640374011824433,True,True,False
3101,near_tie,1,0.015650416493618247,-0.0007836268428607837,0.01643404333647903,0.011565511312356148,0.023131022624712297,True,True,True
3101,near_tie,2,0.021331631650036337,0.00022546311244842077,0.021106168537587917,0.006731571967900277,0.013463143935800554,False,False,True
3101,near_tie,3,0.022815148404459838,-0.00042395326348770856,0.023239101667947546,0.001,0.002,False,True,True
3101,near_tie,4,0.02265800319770164,-0.00037091832556183923,0.02302892152326348,0.001,0.002,False,True,True
3101,near_tie,5,0.023916194606540472,-0.0010459702724960364,0.02496216487903651,0.001,0.002,False,True,True
3101,near_tie,6,0.023103420099663624,0.0016762216968922647,0.02142719840277136,0.001,0.002,False,False,True
3101,near_tie,7,0.023056728751046193,0.0008784427655473062,0.022178285985498886,0.001,0.002,False,False,True
3101,near_tie,8,0.023230282513373363,0.0002420034853260998,0.022988279028047263,0.001,0.002,False,False,True
3101,near_tie,9,0.015536136937485144,-0.0026210030701607143,0.01815714000764586,0.00937623191814185,0.0187524638362837,True,True,True
3101,near_tie,10,0.02024441469376863,-0.0020820581866043478,0.02232647288037298,0.001,0.002,False,True,True
3101,near_tie,11,0.02031432465722553,-0.002647221714294403,0.022961546371519932,0.001,0.002,False,True,True
3101,near_tie,12,0.021372871464665558,-0.001532632259394949,0.022905503724060507,0.001,0.002,False,True,True
3101,near_tie,13,0.02098590290778443,-0.001568756852841878,0.02255465976062631,0.001,0.002,False,True,True
3101,near_tie,14,0.022556547463026294,-0.0019193712706267463,0.02447591873365304,0.001,0.002,False,True,True
3101,near_tie,15,0.021579097428332628,0.00022769645938435987,0.02135140096894827,0.001,0.002,False,False,True
3101,near_tie,16,0.022327772770863365,-0.00037782527817350683,0.022705598049036872,0.001,0.002,False,True,True
3101,near_tie,19,0.0017419615333705378,0.0012264774128571063,0.0005154841205134316,0.00790971589573848,0.01581943179147696,True,False,True
3101,near_tie,20,0.004666225482209906,0.002083227764387137,0.002582997717822769,0.001153961780625943,0.002307923561251886,False,False,True
3101,near_tie,21,0.0037979597618615635,0.000734986091671188,0.0030629736701903755,0.0014273384168397138,0.0028546768336794276,False,False,True
3101,near_tie,22,0.0035487962103925574,0.001802170377161079,0.0017466258332314785,0.0013354461195084647,0.0026708922390169293,True,False,True
3101,near_tie,23,0.0027632995507969036,0.0011034931198796588,0.0016598064309172448,0.0014652398580502592,0.0029304797161005184,True,False,True
3101,near_tie,24,0.002235462907564803,0.001230848053663667,0.001004614853901136,0.0015827177054525687,0.0031654354109051375,True,False,False
3101,near_tie,25,0.002191529257998483,0.001619260043499205,0.000572269214499278,0.0014282271765433923,0.0028564543530867847,True,False,False
3101,near_tie,26,0.002494664501193855,-0.0007189736035745457,0.0032136381047684006,0.00139190027857365,0.0027838005571473,False,True,False
3101,near_tie,27,0.0026985852020902164,0.0010886861630006357,0.0016098990390895807,0.0012646506205582996,0.002529301241116599,True,False,False
3101,near_tie,28,0.002253831510968556,0.0022216401789403283,3.219133202822782e-05,0.001236428824550168,0.002472857649100336,True,False,False
3101,near_tie,29,0.0018078052717413276,0.00026448101780056354,0.001543324253940764,0.001305272581879232,0.002610545163758464,True,False,False
3101,near_tie,30,0.0021779996257602656,0.0007663607942077939,0.0014116388315524716,0.0012153362742732508,0.0024306725485465017,True,False,False
3101,near_tie,31,0.0024127048397733957,0.0016640538213738877,0.000748651018399508,0.001150693988150631,0.002301387976301262,True,False,False
3101,near_tie,32,0.0021608438618108405,0.0018508702285338803,0.00030997363327696023,0.0011824566198972257,0.0023649132397944514,True,False,False
3101,near_tie,33,0.0018906748538871764,0.0020888688574379685,-0.0001981940035507921,0.0011553319721432712,0.0023106639442865423,True,False,False
3101,near_tie,34,0.0017679397173457044,0.0010756624647887021,0.0006922772525570023,0.0011452329869325025,0.002290465973865005,True,False,False
3101,near_tie,35,0.0019650366700353448,0.0032447420466006315,-0.0012797053765652867,0.0011216978043525766,0.002243395608705153,True,False,False
3101,near_tie,36,0.0017465758803503085,0.0023495617540493473,-0.0006029858736990388,0.0010461582188785303,0.0020923164377570605,True,False,False
3101,near_tie,37,0.0014148148682963182,0.001370939863484428,4.387500481189033e-05,0.001030600529700953,0.002061201059401906,True,False,False
3101,near_tie,38,0.001159129597954373,0.000206998188347126,0.0009521314096072469,0.001031340133248881,0.002062680266497762,True,False,False
3101,near_tie,39,0.001653766627986519,0.00040711091378761374,0.0012466557141989053,0.0011625520802658299,0.0023251041605316597,True,False,False
3101,near_tie,40,0.0022123882382370443,0.001432657686120057,0.0007797305521169873,0.0010822984227457982,0.0021645968454915964,True,False,False
3101,near_tie,41,0.001802925385000539,0.00067767652948501,0.001125248855515529,0.001017035472915292,0.002034070945830584,True,False,False
3101,near_tie,42,0.0020389652611637918,0.002649903829539637,-0.0006109385683758452,0.0010709629867884573,0.0021419259735769147,True,False,False
3101,near_tie,43,0.002315296720848994,0.0031640937800676942,-0.0008487970592187003,0.0010974428392259681,0.0021948856784519363,True,False,False
3101,near_tie,44,0.002413438931470717,0.0005717219974759359,0.001841716933994781,0.001,0.002,True,False,False
3101,near_tie,45,0.00207725646402782,0.0018781652610715682,0.00019909120295625183,0.001,0.002,True,False,False
3101,near_tie,46,0.002066283951496594,0.0011075009571218757,0.0009587829943747185,0.001,0.002,True,False,False
3101,near_tie,47,0.0020245440091040284,0.002705849035780767,-0.0006813050266767386,0.001,0.002,True,False,False
3101,near_tie,48,0.002571187892067509,0.0004890496282268994,0.0020821382638406094,0.0010651237572722055,0.002130247514544411,True,False,False
3101,near_tie,49,0.0023239690091716118,0.0024618677266782935,-0.0001378987175066817,0.001,0.002,True,False,False
3101,near_tie,50,0.0018413918364054186,0.0019706964528626927,-0.00012930461645727412,0.001,0.002,True,False,False
3101,near_tie,51,0.002396571392056189,7.522185601082157e-05,0.0023213495360453673,0.001,0.002,False,False,False
3101,near_tie,52,0.0022154459544565823,0.0027870581900908027,-0.0005716122356342205,0.001,0.002,True,False,False
3101,near_tie,53,0.001890047201478942,0.0003811475379464843,0.0015088996635324577,0.001,0.002,True,False,False
3101,near_tie,54,0.0020394514829208776,0.0027743585780232796,-0.000734907095102402,0.001,0.002,True,False,False
3101,near_tie,55,0.0014485094578383024,0.002636612252801814,-0.0011881027949635118,0.001,0.002,True,False,False
3101,near_tie,56,0.0019248756333252633,0.003367168215635631,-0.0014422925823103679,0.001,0.002,True,False,False
3101,near_tie,57,0.0017125395203147827,0.0027517103329862402,-0.0010391708126714575,0.001,0.002,True,False,False
3101,near_tie,58,0.0014442275239155554,0.0018828056140219145,-0.000438578090106359,0.001,0.002,True,False,False
3101,near_tie,59,0.0015031777035879029,0.0021699610761501814,-0.0006667833725622786,0.001,0.002,True,False,False
3101,near_tie,60,0.0012863720566147349,0.001098793933145499,0.0001875781234692358,0.001,0.002,True,False,False
3101,near_tie,61,0.0018218408841749417,0.0008677675469762197,0.000954073337198722,0.001,0.002,True,False,False
3101,near_tie,62,0.0015729957196842631,0.0007271784727045788,0.0008458172469796843,0.001,0.002,True,False,False
3101,near_tie,63,0.0016630845541676373,0.0007166947946233154,0.0009463897595443219,0.001,0.002,True,False,False
3101,near_tie,64,0.0016687875447539268,0.0014262074902786498,0.000242580054475277,0.001026870477614889,0.002053740955229778,True,False,False
3101,near_tie,65,0.001449955294396488,0.0018341120725835006,-0.0003841567781870125,0.001,0.002,True,False,False
3101,near_tie,66,0.0015922462261258338,0.0011787335168505844,0.0004135127092752494,0.001,0.002,True,False,False
3101,near_tie,67,0.0017039040497714196,0.0007226875144999804,0.0009812165352714392,0.00111768717649288,0.00223537435298576,True,False,False
3101,near_tie,68,0.002092844963553005,-0.00023106645307391024,0.0023239114166269154,0.0011072305872639118,0.0022144611745278237,False,True,False
3101,near_tie,69,0.0011853635375088083,-0.0014945526559854462,0.0026799161934942545,0.001,0.002,False,True,False
3101,near_tie,70,0.0011348637938979134,0.0025600237516353215,-0.001425159957737408,0.001,0.002,True,False,False
3101,near_tie,71,0.0009849587816051473,0.00039004003703135837,0.000594918744573789,0.001,0.002,True,False,False
3101,near_tie,72,0.0013791382437188641,0.001880232510487849,-0.0005010942667689848,0.001,0.002,True,False,False
3101,near_tie,73,0.0013202918736122781,0.0010299010881086174,0.0002903907855036608,0.001,0.002,True,False,False
3101,near_tie,74,0.0019370717764938701,0.0022001244001756508,-0.00026305262368178065,0.001131588014498671,0.002263176028997342,True,False,False
3101,near_tie,75,0.002499804365243375,0.0011313639245577496,0.0013684404406856254,0.0014566631690005496,0.0029133263380010993,True,False,False
3101,near_tie,76,0.0024404891948657105,0.002578799334588794,-0.00013831013972308336,0.0012422063470391707,0.0024844126940783413,True,False,False
3101,near_tie,77,0.0012982990190227542,-0.00031607350212980653,0.0016143725211525608,0.001,0.002,True,True,False
3101,near_tie,78,0.001199636569108856,0.0007496201047848018,0.00045001646432405416,0.001,0.002,True,False,False
3101,near_tie,79,0.0014442442008695772,0.002348406361132649,-0.0009041621602630717,0.001078788920300093,0.002157577840600186,True,False,False
3101,near_tie,80,0.0006055367334218071,0.002014525726554632,-0.001408988993132825,0.001,0.002,True,False,False
3101,near_tie,81,0.0015367416095042582,0.0015922962544392093,-5.5554644934951124e-05,0.0010185536539299143,0.0020371073078598286,True,False,False
3101,near_tie,82,0.0011855530954983668,-0.001556619319768908,0.0027421724152672747,0.001,0.002,False,True,False
3101,near_tie,83,0.0016805138394647987,0.0019788665587921264,-0.00029835271932732773,0.0010270320728744725,0.002054064145748945,True,False,False
3101,near_tie,84,0.0022641758376199957,0.0007569818654900029,0.0015071939721299928,0.001,0.002,True,False,False
3101,near_tie,85,0.0017923422726631142,0.00020718060754994216,0.001585161665113172,0.0011249616847676931,0.0022499233695353863,True,False,False
3101,near_tie,86,0.0015738855868875693,0.0017384797335556444,-0.00016459414666807515,0.0011426035946226873,0.0022852071892453746,True,False,False
3101,near_tie,87,0.001792501333391705,0.0025169500706202393,-0.0007244487372285342,0.0010860691147191275,0.002172138229438255,True,False,False
3101,near_tie,88,0.0010169850350295459,0.0024162824919038463,-0.0013992974568743004,0.001,0.002,True,False,False
3101,near_tie,89,0.0011116664594771409,0.0007017185559443327,0.00040994790353280817,0.001,0.002,True,False,False
3101,near_tie,90,0.0014817388008535697,0.0012248339438215294,0.00025690485703204024,0.001,0.002,True,False,False
3101,near_tie,91,0.0018272012613613114,0.0018335578521776336,-6.356590816322194e-06,0.0010583702159546317,0.0021167404319092633,True,False,False
3101,near_tie,92,0.0015423545983887137,0.0026356315984754006,-0.0010932770000866869,0.001,0.002,True,False,False
3101,near_tie,93,0.0009039623952053648,-0.0002625265424594722,0.001166488937664837,0.001,0.002,True,True,False
3101,near_tie,94,0.0011594645602015887,0.001546762067290531,-0.0003872975070889422,0.001,0.002,True,False,False
3101,near_tie,95,0.0011371367522800286,0.0008315220630371045,0.0003056146892429241,0.001,0.002,True,False,False
3101,near_tie,96,0.0013639066555577656,0.0019005448586492425,-0.0005366382030914769,0.001,0.002,True,False,False
3101,near_tie,97,0.001189578354415649,0.0013641638816954474,-0.0001745855272797985,0.001,0.002,True,False,False
3101,near_tie,98,0.0012695778971923324,0.0008800368710272441,0.0003895410261650883,0.0010225284947700793,0.0020450569895401585,True,False,False
3101,near_tie,99,0.0014755208156139253,0.0017608416721725459,-0.0002853208565586206,0.0010416332574082,0.0020832665148164,True,False,False
3101,near_tie,100,0.0016280673968408807,0.0033789762659832585,-0.0017509088691423779,0.0011760992409867918,0.0023521984819735837,True,False,False
3101,near_tie,101,0.0015662166755695806,0.0002147244661566093,0.0013514922094129713,0.001068138885275063,0.002136277770550126,True,False,False
3101,near_tie,102,0.001328306165481895,0.0034058361653377736,-0.0020775299998558785,0.001044088908900018,0.002088177817800036,True,False,False
3101,near_tie,103,0.0011838661657973682,0.0011466007279936942,3.726543780367404e-05,0.001004125087866268,0.002008250175732536,True,False,False
3101,near_tie,104,0.0010576123166564763,0.001521351695930543,-0.0004637393792740667,0.0010206890608162296,0.0020413781216324593,True,False,False
3101,near_tie,105,0.001130307785342747,0.0010570331332845143,7.327465205823284e-05,0.001049140059160497,0.002098280118320994,True,False,False
3101,near_tie,106,0.0013112644815725712,-9.540233644725338e-05,0.0014066668180198246,0.0010142131391502063,0.0020284262783004125,True,True,False
3101,near_tie,107,0.0014329848840481392,0.002974518167098459,-0.0015415332830503198,0.0010511736497741304,0.002102347299548261,True,False,False
3101,near_tie,108,0.0022827992937623854,0.0012820394844781507,0.0010007598092842346,0.00162174593843311,0.00324349187686622,True,False,False
3101,near_tie,109,0.00252072153179841,0.0002675299202088144,0.0022531916115895957,0.001,0.002,False,False,False
3101,near_tie,110,0.0020666163920921308,0.0012104838360057768,0.000856132556086354,0.0014664402672345004,0.002932880534469001,True,False,False
3101,near_tie,111,0.0018688009770002926,0.001960510863454702,-9.170988645440959e-05,0.0011516447000882546,0.002303289400176509,True,False,False
3101,near_tie,112,0.0016479008612371605,0.001963243493974292,-0.0003153426327371315,0.0011681546164936686,0.0023363092329873373,True,False,False
3101,near_tie,113,0.0014222476073093417,0.0006432677950668937,0.000778979812242448,0.0010082178834269731,0.0020164357668539462,True,False,False
3101,near_tie,114,0.0013678037641105146,0.0009824291498620116,0.00038537461424850293,0.0010361441952857961,0.0020722883905715923,True,False,False
3101,near_tie,115,0.0016654512566961963,0.0014892648914345587,0.0001761863652616376,0.0011261888343327598,0.0022523776686655195,True,False,False
3101,near_tie,116,0.001298808298025334,0.001080580628630999,0.00021822766939433498,0.001,0.002,True,False,False
3101,near_tie,117,0.001351522209607601,0.0010427413042103373,0.0003087809053972637,0.001,0.002,True,False,False
3101,near_tie,118,0.0012780310360467615,0.002307306206161503,-0.0010292751701147416,0.001,0.002,True,False,False
3101,near_tie,119,0.0015716096338294066,-8.858377828744116e-05,0.0016601934121168477,0.0010908483812180104,0.002181696762436021,True,True,False
3103,slow_change,1,0.016035681310299584,0.06124416771199892,-0.04520848640169933,0.011855753044422691,0.023711506088845383,False,False,True
3103,slow_change,2,0.024120653489254174,0.092206920067657,-0.06808626657840283,0.001,0.002,False,False,True
3103,slow_change,3,0.025045163402273543,0.04378058050400166,-0.018735417101728116,0.001,0.002,False,False,True
3103,slow_change,4,0.024796030251584833,0.04585869613335308,-0.02106266588176825,0.001,0.002,False,False,True
3103,slow_change,5,0.050619705979426145,0.05613283770359517,-0.005513131724169028,0.03585334147195306,0.07170668294390611,True,False,True
3103,slow_change,6,0.06857207808130317,0.0401328228399184,0.02843925524138477,0.03941531652772774,0.07883063305545548,True,False,True
3103,slow_change,7,0.06535760001805319,0.03512717918940944,0.030230420828643745,0.03734872559163077,0.07469745118326154,True,False,True
3103,slow_change,8,0.08029184092276671,0.07290661568344686,0.007385225239319851,0.03294415233719532,0.06588830467439064,True,False,True
3103,slow_change,9,0.013414333258713015,-0.011224132696458,0.024638465955171017,0.008096948349545389,0.016193896699090778,False,True,True
3103,slow_change,10,0.11062377754116297,-0.0071772395997357075,0.11780101714089868,0.05683205065066113,0.11366410130132226,False,True,True
3103,slow_change,11,0.13001032093980008,0.0013690303046316465,0.12864129063516844,0.049730336409469264,0.09946067281893853,False,False,True
3103,slow_change,12,0.14736757003146045,0.009979191271948296,0.13738837875951215,0.03420728695709931,0.06841457391419863,False,False,True
3103,slow_change,13,0.1554603991568819,-0.007043544952916286,0.16250394410979818,0.03542511859824205,0.0708502371964841,False,True,True
3103,slow_change,14,0.1639196841590841,0.007153026049521033,0.15676665810956306,0.02348831350098127,0.04697662700196254,False,False,True
3103,slow_change,15,0.16580866535942798,-0.0008132316263073924,0.16662189698573537,0.021260994815127617,0.04252198963025523,False,True,True
3103,slow_change,16,0.17347808346482896,-0.0216084509547651,0.19508653441959406,0.016583475099257932,0.033166950198515864,False,True,True
3103,slow_change,17,0.01672769400265657,0.01568255577171146,0.0010451382309451113,0.07804542241119093,0.15609084482238186,True,False,True
3103,slow_change,18,0.08256415784643202,-0.035309551635423264,0.11787370948185528,0.0798174356774349,0.1596348713548698,True,True,True
3103,slow_change,19,0.0871785310952516,-0.015233763579805298,0.1024122946750569,0.07744902774235474,0.15489805548470947,True,True,True
3103,slow_change,20,0.11175717335620812,0.014934630312527508,0.09682254304368061,0.0334536146292787,0.0669072292585574,False,False,True
3103,slow_change,21,0.10049692075594456,-0.0011018293834929582,0.10159875013943752,0.03929856619536265,0.0785971323907253,False,True,True
3103,slow_change,22,0.10744678912865153,-0.03777617152123958,0.1452229606498911,0.03595838857010197,0.07191677714020395,False,True,True
3103,slow_change,23,0.10872765094837085,0.004366681451772048,0.1043609694965988,0.03747974012381515,0.0749594802476303,False,False,True
3103,slow_change,24,0.11161470484239498,-0.006689941543156552,0.11830464638555153,0.03352989712769405,0.0670597942553881,False,True,False
3103,slow_change,25,0.11699100088771469,0.017211489102830213,0.09977951178488448,0.033676721472649454,0.06735344294529891,False,False,False
3103,slow_change,26,0.11277869345002733,-0.005745032853248566,0.1185237263032759,0.03309053915459164,0.06618107830918328,False,True,False
3103,slow_change,27,0.11276585014193662,-0.007206162657995341,0.11997201279993196,0.03289199436389858,0.06578398872779716,False,True,False
3103,slow_change,28,0.10773876585093521,0.005522883232979198,0.10221588261795601,0.038262369155798476,0.07652473831159695,False,False,False
3103,slow_change,29,0.11876979411518988,-0.01205174535739667,0.13082153947258657,0.03288592034777148,0.06577184069554295,False,True,False
3103,slow_change,30,0.12530459745077616,-0.016840834194304932,0.1421454316450811,0.03762433553044283,0.07524867106088566,False,True,False
3103,slow_change,31,0.11183888570382396,-0.033771613056693295,0.14561049876051724,0.041786803339809324,0.08357360667961865,False,True,False
3103,slow_change,32,0.13448960334358548,-0.044944208854143464,0.17943381219772894,0.027134004149920073,0.054268008299840145,False,True,False
3103,slow_change,61,0.11143633787487045,-0.003626355960865857,0.11506269383573631,0.07457268672692575,0.1491453734538515,True,True,False
3103,slow_change,62,0.0035644409273929757,0.01404669234592082,-0.010482251418527844,0.047381535627583446,0.09476307125516689,True,False,False
3103,slow_change,63,0.019035775003130206,-0.009262646101976135,0.02829842110510634,0.04498800139517426,0.08997600279034852,True,True,False
3103,slow_change,64,0.06078560802574184,0.00943919672638982,0.05134641129935202,0.035503709786451294,0.07100741957290259,True,False,False
3103,slow_change,65,0.07294552343186649,-0.005677728891501532,0.07862325232336802,0.03456179832949752,0.06912359665899503,False,True,False
3103,slow_change,66,0.06336732564143847,0.005311760898100926,0.05805556474333755,0.027056906911701494,0.05411381382340299,False,False,False
3103,slow_change,68,0.03260430265265886,-0.007591011666834624,0.04019531431949348,0.03362024665397989,0.06724049330795978,True,True,False
3103,slow_change,69,0.03819752884609199,-0.015220247700888867,0.05341777654698086,0.04516189262174235,0.0903237852434847,True,True,False
3103,slow_change,70,0.05738578073386397,0.006278356698651288,0.05110742403521268,0.033467804866475354,0.06693560973295071,True,False,False
3103,slow_change,71,0.0708328379722796,-0.0007591447550934771,0.07159198272737308,0.01416250837393272,0.02832501674786544,False,True,False
3103,slow_change,72,0.03967741276673165,1.294044138955286e-06,0.0396761187225927,0.012932937420813095,0.02586587484162619,False,False,False
3103,slow_change,73,0.07690260790399957,0.024834843387789796,0.05206776451620977,0.013151251824490343,0.026302503648980687,False,False,False
3103,slow_change,74,0.08398359442529475,-0.006073521485898292,0.09005711591119304,0.01279489991560248,0.02558979983120496,False,True,False
3103,slow_change,75,0.07876736398107036,-0.017644931243017914,0.09641229522408827,0.009805458922932723,0.019610917845865446,False,True,False
3103,slow_change,76,0.07725634487919664,-0.002366948530053037,0.07962329340924967,0.016212053581787164,0.03242410716357433,False,True,False
3103,slow_change,77,0.06266330292048942,0.010478577259340538,0.05218472566114889,0.009112523060397369,0.018225046120794737,False,False,False
3103,slow_change,78,0.08954986298752854,0.02542077199436532,0.06412909099316322,0.010467725198653756,0.02093545039730751,False,False,False
3103,slow_change,79,0.10407391679745263,0.0031842139041198814,0.10088970289333275,0.012937455552554687,0.025874911105109373,False,False,False
3103,slow_change,80,0.12690081776075143,-0.003010286653933436,0.12991110441468487,0.020974120912497195,0.04194824182499439,False,True,False
3103,slow_change,81,0.12310187693741154,-0.0012881527084048217,0.12439002964581636,0.018290645235180092,0.036581290470360184,False,True,False
3103,slow_change,82,0.12247975581344372,-0.002320369216022855,0.12480012502946658,0.019608773493292254,0.03921754698658451,False,True,False
3103,slow_change,83,0.01452995376529627,-0.0031669419161319268,0.017696895681428196,0.021416262909167663,0.042832525818335326,True,True,False
3103,slow_change,84,0.04471277726845999,0.011000157688933698,0.033712619579526294,0.021490838708173227,0.04298167741634645,True,False,False
3103,slow_change,85,0.03948305025037153,0.0211793159657028,0.018303734284668728,0.022495738134167612,0.044991476268335225,True,False,False
3103,slow_change,86,0.039847569931353875,-0.007060368785043181,0.046907938716397056,0.021307693609378456,0.04261538721875691,False,True,False
3103,slow_change,87,0.04251140263997328,0.00491633671789507,0.03759506592207821,0.02070746495359773,0.04141492990719546,True,False,False
3103,slow_change,88,0.05149179677349034,0.01668898957831144,0.0348028071951789,0.018024426823467953,0.036048853646935906,True,False,False
3103,slow_change,89,0.06000082302642642,-0.0066672054808814,0.06666802850730782,0.018694385488404745,0.03738877097680949,False,True,False
3103,slow_change,90,0.034831659724899135,0.012446478792816879,0.022385180932082256,0.017091516533523452,0.034183033067046904,True,False,False
3103,slow_change,91,0.04109567635010979,0.00816702347743592,0.03292865287267387,0.017084966172825802,0.034169932345651605,True,False,False
3103,slow_change,92,0.04698736880064808,0.0035660774412611673,0.04342129135938691,0.01813126397686222,0.03626252795372444,False,False,False
3103,slow_change,93,0.03572602016041119,0.011631252362128225,0.024094767798282964,0.016277074101404953,0.032554148202809906,True,False,False
3103,slow_change,94,0.019325527870053948,-0.007350178867802787,0.026675706737856734,0.018211095705058283,0.036422191410116565,True,True,False
3103,slow_change,95,0.025133568174216848,-0.002956553117934413,0.02809012129215126,0.019293056737279306,0.03858611347455861,True,True,False
3103,slow_change,96,0.0321642563585384,0.02032992180443005,0.011834334554108351,0.01702239987473465,0.0340447997494693,True,False,False
3103,slow_change,97,0.04129279772015201,0.002942642303163684,0.03835015541698832,0.021830375800412614,0.04366075160082523,True,False,False
3103,slow_change,98,0.011378530159450425,-0.009216125008146114,0.020594655167596537,0.018101708432551072,0.036203416865102145,True,True,False
3103,slow_change,100,0.010458336103899533,-0.0019771080882861614,0.012435444192185695,0.0231505973900764,0.0463011947801528,True,True,False
3103,slow_change,101,0.0512127046715141,0.005329130003996541,0.04588357466751756,0.019274841376704818,0.038549682753409635,False,False,False
3103,slow_change,103,0.01953862065419046,-0.0034018192632284117,0.02294043991741887,0.02070902421430766,0.04141804842861532,True,True,False
3103,slow_change,105,0.009767974544999433,0.0027506655632781596,0.007017308981721274,0.019961723352145827,0.039923446704291654,True,False,False
3103,slow_change,107,0.006389140718573989,0.009460571441994081,-0.003071430723420092,0.009668338712305918,0.019336677424611835,True,False,False
3103,slow_change,110,0.012103382572010263,-0.007317185931475373,0.019420568503485634,0.011622812824349148,0.023245625648698295,True,True,False
