family,seed,weight,estimated_opportunity,reevaluated_difference,conditional_mc_se,optimal_switches,estimated_mean_gap
fast_change,10301,0.0,0.8537629643103237,-0.2579780554900033,0.06735646443623597,77,0.013161155586979391
fast_change,10301,0.05,0.15997065070261485,-0.3248519909570078,0.057403005011236505,4,0.012673705380054226
fast_change,10301,0.1,0.03944320594453643,-0.366063626121921,0.06215490068187719,2,0.01222107304505229
fast_change,10301,0.4,0.0,0.0,0.0,0,0.010064413095925418
fast_change,10302,0.0,0.9007516055734577,-0.42220114055686864,0.16120116198627876,73,0.0130469909099531
fast_change,10302,0.05,0.10142648875251581,0.047098575678614196,0.10754006805246025,3,0.012563769024399282
fast_change,10302,0.1,0.05729692905625683,0.05306398189606654,0.09458414589837671,1,0.012115062987813596
fast_change,10302,0.4,0.0,0.0,0.0,0,0.009977110695846487
fast_change,10303,0.0,1.084262498851004,-0.4328978943354329,0.16451640053123756,60,0.01645313642951475
fast_change,10303,0.05,0.2680118947238981,-0.5765858646327082,0.1292374955166204,8,0.01584376100619939
fast_change,10303,0.1,0.10370123050129365,-0.2823819152039455,0.11670546704408188,2,0.015277912398835128
fast_change,10303,0.4,0.0,0.0,0.0,0,0.0125818102108054
fast_change,10304,0.0,1.097954880347448,-0.04870215648632836,0.1568641584481041,65,0.012961012470663743
fast_change,10304,0.05,0.42929555704474076,0.08141196270340956,0.15779075545927276,3,0.01248097497175027
fast_change,10304,0.1,0.35896256573788676,0.03714783532589294,0.1436098028377597,1,0.012035225865616332
fast_change,10304,0.4,0.1191456423723789,-0.1458782532610332,0.11826689645462564,1,0.009911362477566391
fast_change,10305,0.0,0.9368686126398202,-0.4049388289572562,0.1543737164306933,69,0.014783243212954645
fast_change,10305,0.05,0.12513286954058245,-0.44107657288477853,0.11923457462851968,7,0.014235715686548916
fast_change,10305,0.1,0.0,0.0,0.0,0,0.013727297269172172
fast_change,10305,0.4,0.0,0.0,0.0,0,0.01130483304520061
fast_change,10306,0.0,0.6624726098169056,0.007349505456780037,0.1229338403482296,62,0.012751701080130988
fast_change,10306,0.05,0.03732470993364245,-0.19121757328469613,0.09615138163018969,4,0.01227941585494095
fast_change,10306,0.1,0.0,0.0,0.0,0,0.011840865288693063
fast_change,10306,0.4,0.0,0.0,0.0,0,0.009751300825982523
fast_change,10307,0.0,1.0775669931205627,-0.010379646703132295,0.16420673080881354,69,0.014328708586774586
fast_change,10307,0.05,0.30365866935719055,-0.22878326676005756,0.15114262077862628,5,0.013798015676153304
fast_change,10307,0.1,0.20815188449419963,-0.13795898811589424,0.126804133419994,1,0.013305229402004974
fast_change,10307,0.4,0.0,0.0,0.0,0,0.010957247742827626
fast_change,10308,0.0,0.8782423655733957,-0.07686836679441456,0.15149214409679046,67,0.013229127719863277
fast_change,10308,0.05,0.14618751347690306,-0.17878442557156404,0.10967175966758061,3,0.012739160026535004
fast_change,10308,0.1,0.04178919670542669,-0.17333875187947,0.060788457569800114,1,0.01228419002558733
fast_change,10308,0.4,0.0,0.0,0.0,0,0.0101163917857778
fast_change,10309,0.0,0.8107899378047136,-0.6738022468406228,0.14690516275902124,71,0.015072115233120796
fast_change,10309,0.05,0.06438594983971768,-0.2170773064447964,0.08832886702970948,2,0.014513888743005212
fast_change,10309,0.1,0.0,0.0,0.0,0,0.013995535573612168
fast_change,10309,0.4,0.0,0.0,0.0,0,0.011525735178268845
fast_change,10310,0.0,1.0622599599040363,0.033127454043292204,0.16066422096867533,81,0.012782273588093914
fast_change,10310,0.05,0.14737646074953759,-0.2715534072056087,0.13048639786804797,5,0.012308856047794142
fast_change,10310,0.1,0.06928423336137968,-0.15417707332216324,0.09420044207776293,1,0.011869254046087208
fast_change,10310,0.4,0.0,0.0,0.0,0,0.009774679802660054
fast_change,10311,0.0,0.8710490772874806,-0.2506241778989242,0.14069853082222747,74,0.013182333927328644
fast_change,10311,0.05,0.1046687271677591,-0.1429130515493533,0.11085911865851421,5,0.012694099337427584
fast_change,10311,0.1,0.027809753421081496,-0.0449223881441867,0.10632774331213948,1,0.01224073864680517
fast_change,10311,0.4,0.0,0.0,0.0,0,0.010080608297368964
fast_change,10312,0.0,0.9881633282598337,-0.22943464490386134,0.15610908107059698,70,0.014602621503935346
fast_change,10312,0.05,0.07547740127836988,-0.047295490013890884,0.12457171796902612,6,0.014061783670456261
fast_change,10312,0.1,0.0,0.0,0.0,0,0.013559577110797109
fast_change,10312,0.4,0.0,0.0,0.0,0,0.011166710561832912
fast_change,10313,0.0,0.7859852459270069,-0.016636704353963694,0.13297997826141678,69,0.009991067153607338
fast_change,10313,0.05,0.10729178374052495,-0.24736675909866435,0.08709816194797233,6,0.009621027629399656
fast_change,10313,0.1,0.0,0.0,0.0,0,0.009277419499778243
fast_change,10313,0.4,0.0,0.0,0.0,0,0.007640227823346788
fast_change,10314,0.0,0.9367642972244425,0.09501097968830408,0.18321982026456973,69,0.014302138498213974
fast_change,10314,0.05,0.273574769630585,0.04580029067566471,0.17248884478239349,5,0.013772429664946791
fast_change,10314,0.1,0.13655677455587067,0.023431119242548704,0.15771881242257765,3,0.013280557176912977
fast_change,10314,0.4,0.0,0.0,0.0,0,0.010936929439810688
fast_change,10315,0.0,0.9539872687841147,-0.24926704655632648,0.16373760601662424,73,0.015530364093808023
fast_change,10315,0.05,0.11349089314856187,-0.20328938294952792,0.15183440459333852,5,0.014955165423666983
fast_change,10315,0.1,0.04265851611514293,-0.00639612609096929,0.13943470052768436,1,0.014421052372821734
fast_change,10315,0.4,0.0,0.0,0.0,0,0.011876160777617903
fast_change,10316,0.0,0.8432138157062745,-0.26176607696231713,0.15998092145237683,62,0.013272077021827129
fast_change,10316,0.05,0.1676085017222455,-0.47914687649179655,0.1420124286530431,8,0.01278051861361131
fast_change,10316,0.1,0.060746939882319495,-0.4674194867043031,0.1571736215125858,1,0.01232407152026805
fast_change,10316,0.4,0.0,0.0,0.0,0,0.010149235369632513
fast_change,10317,0.0,0.9246930495961649,-0.045236182351700904,0.15264157546860163,67,0.012787518707084158
fast_change,10317,0.05,0.10758752119205184,-0.15496062533016186,0.09725636347752623,4,0.012313906903118076
fast_change,10317,0.1,0.029670286138117064,-0.11718790057860673,0.05880323749065914,1,0.011874124513721005
fast_change,10317,0.4,0.0,0.0,0.0,0,0.009778690776005532
fast_change,10318,0.0,0.6557009773536038,-0.12034216979856183,0.14755282881937742,47,0.016306352216826116
fast_change,10318,0.05,0.07162443375795036,-0.18742504737914345,0.10114529142039382,3,0.015702413245832554
fast_change,10318,0.1,0.0,0.0,0.0,0,0.015141612772767106
fast_change,10318,0.4,0.0,0.0,0.0,0,0.012469563459925852
fast_change,10319,0.0,0.881874289153739,0.00710194282644494,0.13096405088364907,73,0.009501050635182964
fast_change,10319,0.05,0.233297960948196,-0.17344597841376697,0.11830015763329814,3,0.009149159870916928
fast_change,10319,0.1,0.15877601389014373,-0.07513793719819972,0.1101411882280133,1,0.008822404161241323
fast_change,10319,0.4,0.0,0.0,0.0,0,0.007265509309257559
fast_change,10320,0.0,0.8427269979389607,-0.2470027293904593,0.15080858116587623,66,0.014078973998278631
fast_change,10320,0.05,0.0539212668420852,-0.3564751191436315,0.12480592634020814,6,0.013557530516860901
fast_change,10320,0.1,0.0,0.0,0.0,0,0.013073332998401585
fast_change,10320,0.4,0.0,0.0,0.0,0,0.010766274233977776
fixed_region,10101,0.0,0.8000077442464733,-0.18440699523199555,0.08837798453855335,54,0.021505576734427326
fixed_region,10101,0.05,0.1032469719218092,-0.33379437929273337,0.07743074766224417,6,0.0207090738924115
fixed_region,10101,0.1,0.02149595678017846,-0.31475108036533683,0.052633733180466595,2,0.01996946411053966
fixed_region,10101,0.4,0.0,0.0,0.0,0,0.016445441032209133
fixed_region,10102,0.0,0.7623327754746381,-0.2914227350589691,0.15079550336452305,51,0.020976606655928244
fixed_region,10102,0.05,0.1344654872534754,-0.010737099182435372,0.06126424324136728,3,0.020199695298301273
fixed_region,10102,0.1,0.0829674891474621,-0.006466287479446997,0.06776716070037814,1,0.01947827760907623
fixed_region,10102,0.4,0.0,0.0,0.0,0,0.016040934501592184
fixed_region,10103,0.0,0.20068815292065434,-0.1517524087139952,0.08613102789864056,44,0.016558831993761628
fixed_region,10103,0.05,0.0,0.0,0.0,0,0.015945541919918604
fixed_region,10103,0.1,0.0,0.0,0.0,0,0.015376058279921511
fixed_region,10103,0.4,0.0,0.0,0.0,0,0.012662636230523598
fixed_region,10104,0.0,0.6887799532362422,-0.197150529066759,0.12945457129089608,56,0.01029856687043857
fixed_region,10104,0.05,0.1363898878993126,-0.23097177624934062,0.09630178190783416,3,0.009917138467829737
fixed_region,10104,0.1,0.04215577977156748,-0.256856754432631,0.06951359631704843,2,0.009562954951121532
fixed_region,10104,0.4,0.0,0.0,0.0,0,0.007875374665629497
fixed_region,10105,0.0,0.5708713191772468,0.11183234992299873,0.1196088401431254,51,0.009947358006601261
fixed_region,10105,0.05,0.09842209855625228,-0.11123511627581006,0.0768009545002845,3,0.009578937339690103
fixed_region,10105,0.1,0.05159397167522073,-0.0557286967591617,0.049162476551472975,1,0.00923683243470117
fixed_region,10105,0.4,0.0,0.0,0.0,0,0.0076068031815186106
fixed_region,10106,0.0,0.5766298751483294,-0.25599429260187456,0.12426618001525658,54,0.011319988511253905
fixed_region,10106,0.05,0.09299191910463467,-0.039683886176661076,0.08846558390983697,2,0.010900729677503763
fixed_region,10106,0.1,0.018242207708039082,-0.10969517595606604,0.08530609877019996,2,0.010511417903307197
fixed_region,10106,0.4,0.0,0.0,0.0,0,0.008656461802723574
fixed_region,10107,0.0,0.11286980833619786,-0.20804208134533297,0.07650437371671255,14,0.0428562854363251
fixed_region,10107,0.05,0.008594079255267673,-0.17882036610284313,0.07571383379670182,1,0.041269015605350096
fixed_region,10107,0.1,0.0,0.0,0.0,0,0.0397951221908733
fixed_region,10107,0.4,0.0,0.0,0.0,0,0.03277245356895448
fixed_region,10108,0.0,1.0260008778419918,-0.280221493169476,0.1905098939430002,50,0.017786717124762253
fixed_region,10108,0.05,0.32253307019090016,-0.2783941097574445,0.17364172546349338,5,0.017127949823845134
fixed_region,10108,0.1,0.16048545502875644,-0.37247726767544,0.15935246551036147,3,0.016516237330136376
fixed_region,10108,0.4,0.0,0.0,0.0,0,0.013601607213053486
fixed_region,10109,0.0,0.7699769844911977,-0.17167341679613468,0.1383476054166161,48,0.014622928872810966
fixed_region,10109,0.05,0.17029574119124824,-0.3011209022162209,0.12773551783634018,5,0.014081338914558709
fixed_region,10109,0.1,0.06777594511296048,-0.09909648819292372,0.09572249639078119,2,0.013578433953324472
fixed_region,10109,0.4,0.0,0.0,0.0,0,0.011182239726267211
fixed_region,10110,0.0,0.9995653239898559,0.013960135565099563,0.16954355523179232,57,0.017442492688287747
fixed_region,10110,0.05,0.18640791550488345,-0.3041506596871475,0.12699968370836234,6,0.016796474440573386
fixed_region,10110,0.1,0.06463989718950636,-0.1761897358300928,0.10801725854005315,2,0.01619660035341005
fixed_region,10110,0.4,0.0,0.0,0.0,0,0.013338376761631804
fixed_region,10111,0.0,0.899355596598916,0.08908178135943245,0.15070737822787034,58,0.015862164386599188
fixed_region,10111,0.05,0.16998534339263216,-0.20804930597361704,0.13605307720194776,7,0.015274676816725142
fixed_region,10111,0.1,0.030574200534317697,-0.00479641000908515,0.15931824340738102,1,0.014729152644699244
fixed_region,10111,0.4,0.0,0.0,0.0,0,0.01212989041328173
fixed_region,10112,0.0,0.5655278178600991,-0.4326881551329418,0.1471329248617181,41,0.027305531789969764
fixed_region,10112,0.05,0.047144103962375894,-0.05503847499821468,0.048555521235666164,2,0.026294215797748658
fixed_region,10112,0.1,0.0,0.0,0.0,0,0.025355136662114783
fixed_region,10112,0.4,0.0,0.0,0.0,0,0.02088070078056511
fixed_region,10113,0.0,0.43354147178996705,-0.20614600567569674,0.11572665359335192,62,0.013599309024729648
fixed_region,10113,0.05,0.0,0.0,0.0,0,0.013095630912702624
fixed_region,10113,0.1,0.0,0.0,0.0,0,0.012627929808677529
fixed_region,10113,0.4,0.0,0.0,0.0,0,0.0103994716071462
fixed_region,10114,0.0,0.46675284598425826,0.1359756056357213,0.08904757339374489,58,0.007087914270163412
fixed_region,10114,0.05,0.07924872911906533,0.0290552608503738,0.06347977462145676,2,0.006825398926824025
fixed_region,10114,0.1,0.0305577630711511,-0.004070596201504628,0.05409842496262885,1,0.006581634679437454
fixed_region,10114,0.4,0.0,0.0,0.0,0,0.005420169736007315
fixed_region,10115,0.0,1.0934127703466494,-0.27186509867376074,0.20513584849215905,61,0.020411495812856305
fixed_region,10115,0.05,0.19093833343652733,-0.6725086600962449,0.17711033608215512,9,0.01965551448645422
fixed_region,10115,0.1,0.039655644702408566,-0.3057414166439951,0.12872146668213785,3,0.018953531826223717
fixed_region,10115,0.4,0.0,0.0,0.0,0,0.015608790915713648
fixed_region,10116,0.0,0.22165532844281355,-0.3938356679293893,0.10588677460860448,46,0.018469642051122843
fixed_region,10116,0.05,0.0,0.0,0.0,0,0.01778558123441459
fixed_region,10116,0.1,0.0,0.0,0.0,0,0.017150381904614074
fixed_region,10116,0.4,0.0,0.0,0.0,0,0.014123843921446881
fixed_region,10117,0.0,0.8468953072220753,-0.5188518028626703,0.18109309540347934,57,0.02247842077679433
fixed_region,10117,0.05,0.04188485730693081,-0.4335062438346071,0.12566249526193826,6,0.02164588667395009
fixed_region,10117,0.1,0.0,0.0,0.0,0,0.020872819292737592
fixed_region,10117,0.4,0.0,0.0,0.0,0,0.017189380594019192
fixed_region,10118,0.0,0.8480585068854474,-0.17055241751753059,0.15685108854395172,49,0.0165802721057102
fixed_region,10118,0.05,0.13184516628346543,-0.2837792271907347,0.1182806685293863,7,0.01596618795364686
fixed_region,10118,0.1,0.015819660315838036,-0.06735779018190513,0.04894637697750211,1,0.015395966955302327
fixed_region,10118,0.4,0.0,0.0,0.0,0,0.012679031610248977
fixed_region,10119,0.0,0.6747812777038558,-0.44534354138878385,0.16719710648482752,54,0.015891190514507967
fixed_region,10119,0.05,0.0650029453165537,-0.13290650040226026,0.08524262391730072,2,0.015302627902859522
fixed_region,10119,0.1,0.024745810682606617,-0.10448536487133175,0.09568109814700965,1,0.014756105477757398
fixed_region,10119,0.4,0.0,0.0,0.0,0,0.012152086864035504
fixed_region,10120,0.0,0.5831812136531092,-0.15415809267800995,0.10275662211135295,68,0.009624278244987816
fixed_region,10120,0.05,0.06966382688154127,-0.16178671425672775,0.0655865548607997,3,0.00926782349517345
fixed_region,10120,0.1,0.0,0.0,0.0,0,0.008936829798917256
fixed_region,10120,0.4,0.0,0.0,0.0,0,0.007359742187343623
near_tie,10001,0.0,0.5650503304997514,-0.08149583028870921,0.0394295066421557,74,0.005553272606858108
near_tie,10001,0.05,0.008058250517574805,-0.08797501461801716,0.03315849645554297,1,0.005347595843641139
near_tie,10001,0.1,0.0,0.0,0.0,0,0.005156610277796815
near_tie,10001,0.4,0.0,0.0,0.0,0,0.0042466202287738475
near_tie,10002,0.0,0.503446822674233,-0.02719436017019561,0.07525031426020691,70,0.0036116320993728386
near_tie,10002,0.05,0.09777763865782552,-0.2753879375227237,0.07271042087366626,3,0.0034778679475442136
near_tie,10002,0.1,0.03566544686961848,-0.20636990179585535,0.07462875716051995,1,0.0033536583779890643
near_tie,10002,0.4,0.0,0.0,0.0,0,0.0027618363112851116
near_tie,10003,0.0,0.021898879948430316,-0.039736234882331356,0.006518928918536178,56,0.0009962218548873571
near_tie,10003,0.05,0.0,0.0,0.0,0,0.0009593247491507885
near_tie,10003,0.1,0.0,0.0,0.0,0,0.0009250631509668316
near_tie,10003,0.4,0.0,0.0,0.0,0,0.0007618167125609201
near_tie,10004,0.0,0.023017236258124907,-0.029401858506973078,0.006194008719282337,55,0.0009046669831589119
near_tie,10004,0.05,0.0,0.0,0.0,0,0.0008711607985974705
near_tie,10004,0.1,0.0,0.0,0.0,0,0.0008400479129332753
near_tie,10004,0.4,0.0,0.0,0.0,0,0.0006918041635921089
near_tie,10005,0.0,0.5506083730749793,0.025987787020426367,0.07260779879715866,77,0.005470138231349146
near_tie,10005,0.05,0.0,0.0,0.0,0,0.005267540519076955
near_tie,10005,0.1,0.0,0.0,0.0,0,0.005079414071967064
near_tie,10005,0.4,0.0,0.0,0.0,0,0.004183046882796406
near_tie,10006,0.0,0.025101084530950057,-0.01676094720719945,0.006080315212031194,52,0.0008857385976035071
near_tie,10006,0.05,0.0,0.0,0.0,0,0.0008529334643589329
near_tie,10006,0.1,0.0,0.0,0.0,0,0.0008224715549175425
near_tie,10006,0.4,0.0,0.0,0.0,0,0.0006773295158144466
near_tie,10007,0.0,1.1461792618279567,-0.004903079566133783,0.15402612959013096,79,0.012289680727168207
near_tie,10007,0.05,0.09681244680963275,-0.3048626257044553,0.1365534023340862,10,0.011834507366902718
near_tie,10007,0.1,0.0,0.0,0.0,0,0.011411846389513336
near_tie,10007,0.4,0.0,0.0,0.0,0,0.009397991144305099
near_tie,10008,0.0,0.031167713042278944,-0.01303880288178183,0.01195321360075853,48,0.000874997773901043
near_tie,10008,0.05,0.0,0.0,0.0,0,0.0008425904489417453
near_tie,10008,0.1,0.0,0.0,0.0,0,0.0008124979329081117
near_tie,10008,0.4,0.0,0.0,0.0,0,0.0006691159447478565
near_tie,10009,0.0,1.1699531774022311,-0.08644492659453551,0.16671146109245605,78,0.010815487269633299
near_tie,10009,0.05,0.17058554999464004,-0.23227449211691908,0.1324700138064115,7,0.010414913667054288
near_tie,10009,0.1,0.09335842169350261,-0.030415646784672568,0.08342717604002993,1,0.01004295246465949
near_tie,10009,0.4,0.0,0.0,0.0,0,0.008270666735601933
near_tie,10010,0.0,1.912539416803778,-0.4831123359393743,0.24564611775908451,89,0.016311952847336664
near_tie,10010,0.05,0.49037968492288186,-0.2922550927933134,0.20021422509621142,9,0.015707806445583453
near_tie,10010,0.1,0.29033387529968024,-0.3818991875119906,0.15740472645635947,3,0.015146813358241187
near_tie,10010,0.4,0.0,0.0,0.0,0,0.012473846295022155
near_tie,10011,0.0,0.7520160425299087,-0.018908903233119112,0.13605768505120708,74,0.0072104605379195745
near_tie,10011,0.05,0.07794385825467742,-0.1676536875897794,0.08855506408811854,3,0.006943406443922552
near_tie,10011,0.1,0.010648977714130758,-0.14468112896556562,0.04770400340421302,1,0.006695427642353891
near_tie,10011,0.4,0.0,0.0,0.0,0,0.005513881587820851
near_tie,10012,0.0,0.020041608006744926,-0.01663480531201955,0.006282151815018695,48,0.000842184115453936
near_tie,10012,0.05,0.0,0.0,0.0,0,0.0008109921111778641
near_tie,10012,0.1,0.0,0.0,0.0,0,0.0007820281072072262
near_tie,10012,0.4,0.0,0.0,0.0,0,0.0006440231471118333
near_tie,10013,0.0,1.3587323925334243,0.0024123977847745337,0.15967763905833102,76,0.01185070168254826
near_tie,10013,0.05,0.23392778431568217,-0.10115220761394728,0.15062194969004322,4,0.011411786805416843
near_tie,10013,0.1,0.0863590416568405,-0.23146867750643274,0.1447626302834329,3,0.01100422299093767
near_tie,10013,0.4,0.0,0.0,0.0,0,0.009062301286654553
near_tie,10014,0.0,0.040494757094174716,-0.024443746046219683,0.005718854567507719,48,0.0009061993431845728
near_tie,10014,0.05,0.0,0.0,0.0,0,0.0008726364045481069
near_tie,10014,0.1,0.0,0.0,0.0,0,0.000841470818671389
near_tie,10014,0.4,0.0,0.0,0.0,0,0.0006929759683176141
near_tie,10015,0.0,1.4627955056841255,0.013900286864732436,0.18478633136513334,77,0.014056870540488335
near_tie,10015,0.05,0.22192155626388477,-0.30586082004451676,0.15260887630509018,5,0.013536245705655434
near_tie,10015,0.1,0.07622478284749601,-0.15587909607620265,0.08664907661436906,1,0.013052808359024884
near_tie,10015,0.4,0.0,0.0,0.0,0,0.010749371589785197
near_tie,10016,0.0,1.292497707584527,-0.06308319478237934,0.17142695839483743,84,0.012738465786967367
near_tie,10016,0.05,0.29810486704148076,0.016454940792755224,0.15553756667435584,5,0.01226667075782043
near_tie,10016,0.1,0.1756453850625732,-0.024405149386304004,0.1519422637371419,3,0.011828575373612557
near_tie,10016,0.4,0.0,0.0,0.0,0,0.009741179719445632
near_tie,10017,0.0,0.024322632423561696,-0.029086585541176824,0.006541245410524448,59,0.0009445960378875439
near_tie,10017,0.05,0.0,0.0,0.0,0,0.0009096109994472645
near_tie,10017,0.1,0.0,0.0,0.0,0,0.000877124892324148
near_tie,10017,0.4,0.0,0.0,0.0,0,0.0007223381466198865
near_tie,10018,0.0,0.0162321087860251,-0.016790532918884438,0.005519132112400788,51,0.0008309360303493504
near_tie,10018,0.05,0.0,0.0,0.0,0,0.0008001606218178932
near_tie,10018,0.1,0.0,0.0,0.0,0,0.0007715834567529684
near_tie,10018,0.4,0.0,0.0,0.0,0,0.0006354216702671504
near_tie,10019,0.0,1.9459326126416752,-0.825618729344324,0.24747241574357254,73,0.01877185749466954
near_tie,10019,0.05,0.5087459961104841,-1.0822598233593403,0.20732629608564573,12,0.018076603513385484
near_tie,10019,0.1,0.18478562579545965,-1.0824016589954937,0.21913006236283347,5,0.017431010530764575
near_tie,10019,0.4,0.0,0.0,0.0,0,0.014354949848864944
near_tie,10020,0.0,0.905491962640383,-0.03675120692281553,0.12844741638831148,68,0.00857705347205429
near_tie,10020,0.05,0.1066173548120446,-0.16934628962815168,0.09676922690735258,6,0.008259384824941169
near_tie,10020,0.1,0.0,0.0,0.0,0,0.007964406795478983
near_tie,10020,0.4,0.0,0.0,0.0,0,0.006558923243335633
slow_change,10201,0.0,0.7502746829341937,-0.11744756366091025,0.05828136201885964,68,0.009033329344840873
slow_change,10201,0.05,0.11655466845498097,-0.038046779011082776,0.06191447847305225,2,0.008698761591328248
slow_change,10201,0.1,0.040963430295875014,-0.10811653690353396,0.05970324709901468,2,0.008388091534495098
slow_change,10201,0.4,0.0,0.0,0.0,0,0.006907840087231256
slow_change,10202,0.0,0.29667430190836086,-0.11914855005563396,0.08016594483452902,56,0.006042063878259411
slow_change,10202,0.05,0.0,0.0,0.0,0,0.005818283734620174
slow_change,10202,0.1,0.0,0.0,0.0,0,0.005610487886955168
slow_change,10202,0.4,0.0,0.0,0.0,0,0.004620401789257197
slow_change,10203,0.0,1.0537502226047586,-0.09894425845910249,0.15755768789342764,65,0.014053722112345408
slow_change,10203,0.05,0.29341503862339025,-0.35039613409530546,0.1462170717019229,8,0.013533213885962245
slow_change,10203,0.1,0.11903263619659654,-0.12545793973827912,0.156260720910388,1,0.013049884818606453
slow_change,10203,0.4,0.0,0.0,0.0,0,0.010746963968264136
slow_change,10204,0.0,0.6824404689464671,0.017432575378183657,0.11727149000497004,62,0.011196038426463828
slow_change,10204,0.05,0.01644343468973375,-0.044788667973730156,0.06947116887230112,2,0.010781370336594797
slow_change,10204,0.1,0.0,0.0,0.0,0,0.010396321396002125
slow_change,10204,0.4,0.0,0.0,0.0,0,0.008561676443766457
slow_change,10205,0.0,0.7816245380945794,-0.3384576572950202,0.1612374132753534,69,0.013443275137668142
slow_change,10205,0.05,0.13409715846454873,-0.10939595995252205,0.07917561070066745,2,0.01294537605849525
slow_change,10205,0.1,0.05787940280509574,-0.17691753281136258,0.07634791031850076,2,0.012483041199263278
slow_change,10205,0.4,0.0,0.0,0.0,0,0.010280151575863875
slow_change,10206,0.0,0.6533902136019414,-0.12245380759086899,0.15172134551242233,67,0.012677219482180348
slow_change,10206,0.05,0.03967810402593486,-0.2140441144610925,0.08751582428723775,3,0.012207692834692188
slow_change,10206,0.1,0.0,0.0,0.0,0,0.011771703804881751
slow_change,10206,0.4,0.0,0.0,0.0,0,0.009694344309902621
slow_change,10207,0.0,1.0661752170961911,-0.27339193353667923,0.18284311080688465,78,0.01498453845120575
slow_change,10207,0.05,0.10963684044522637,-0.08045635691845021,0.1505057462145065,6,0.014429555545605537
slow_change,10207,0.1,0.006774055661260547,0.06473913785794494,0.15125594783756624,1,0.013914214276119627
slow_change,10207,0.4,0.0,0.0,0.0,0,0.011458764697980869
slow_change,10208,0.0,0.6364169565089455,-0.24825409580018487,0.10710967649218543,56,0.008852626310107732
slow_change,10208,0.05,0.03760804758681502,-0.19238496123079685,0.0788013058277179,3,0.008524751261585223
slow_change,10208,0.1,0.0,0.0,0.0,0,0.008220295859385753
slow_change,10208,0.4,0.0,0.0,0.0,0,0.006769655413611795
slow_change,10209,0.0,1.0122279016626656,-0.22375295224783898,0.14843446441793123,71,0.01698823883756603
slow_change,10209,0.05,0.17008670291886574,-0.3747054092084383,0.1469365753803376,7,0.016359044806545067
slow_change,10209,0.1,0.0,0.0,0.0,0,0.015774793206311314
slow_change,10209,0.4,0.0,0.0,0.0,0,0.012991006169903434
slow_change,10210,0.0,0.6625137585507694,-0.14665702734910724,0.12196163306010949,71,0.009038352542475746
slow_change,10210,0.05,0.029516204764686194,-0.07383629329831365,0.0756112905358657,2,0.008703598744606274
slow_change,10210,0.1,0.0,0.0,0.0,0,0.008392755932298908
slow_change,10210,0.4,0.0,0.0,0.0,0,0.006911681356010865
slow_change,10211,0.0,0.7173461061071045,0.028812945711699456,0.12161607715981397,68,0.008779502306130723
slow_change,10211,0.05,0.05754156920582787,-0.22432208215311533,0.10053533721948335,3,0.008454335554051806
slow_change,10211,0.1,0.0,0.0,0.0,0,0.008152394998549957
slow_change,10211,0.4,0.0,0.0,0.0,0,0.006713737057629374
slow_change,10212,0.0,1.0475165769722317,-0.42496347607322704,0.17097494173381497,73,0.014558362823323675
slow_change,10212,0.05,0.1103957486871252,-0.31471275591975,0.1281251417436384,5,0.014019164200237612
slow_change,10212,0.1,0.004946239120364737,-0.1009138068771378,0.06895340444307604,1,0.013518479764514839
slow_change,10212,0.4,0.0,0.0,0.0,0,0.011132865688423985
slow_change,10213,0.0,0.46667119318050254,0.01159481998859846,0.09155207590715973,71,0.0068929478289091305
slow_change,10213,0.05,0.0,0.0,0.0,0,0.0066376534648754605
slow_change,10213,0.1,0.0,0.0,0.0,0,0.0064005944125584795
slow_change,10213,0.4,0.0,0.0,0.0,0,0.005271077751518747
slow_change,10214,0.0,0.3791999822152956,-0.040158196690471826,0.08212848474473339,68,0.00566677225737821
slow_change,10214,0.05,0.02398572381322417,0.12227570244382413,0.0671546230012147,1,0.005456891803401239
slow_change,10214,0.1,0.0,0.0,0.0,0,0.005262002810422622
slow_change,10214,0.4,0.0,0.0,0.0,0,0.004333414079171569
slow_change,10215,0.0,1.0048756117701956,-0.12948690461497847,0.1423438773929318,72,0.014882050963110408
slow_change,10215,0.05,0.21215782315567466,-0.42316514525832716,0.15937991834790738,6,0.014330863890402615
slow_change,10215,0.1,0.05978528769987079,-0.35700324720087906,0.19279784032547512,2,0.013819047322888238
slow_change,10215,0.4,0.0,0.0,0.0,0,0.01138039191296678
slow_change,10216,0.0,0.6341447657122856,-0.10352366675721925,0.13192764542466953,70,0.008685475053664151
slow_change,10216,0.05,0.03837950969614923,-0.1403540435319819,0.07482414116304717,2,0.008363790792417333
slow_change,10216,0.1,0.0,0.0,0.0,0,0.008065083978402427
slow_change,10216,0.4,0.0,0.0,0.0,0,0.006641833864566702
slow_change,10217,0.0,0.4753331101474174,0.040613729335269966,0.07926083101169258,55,0.005175978564297478
slow_change,10217,0.05,0.10908880855961911,-0.039867130422674535,0.0672157247676825,2,0.0049842756545086814
slow_change,10217,0.1,0.03376420825392046,-0.10987187576472479,0.06481516316883669,2,0.004806265809704798
slow_change,10217,0.4,0.0,0.0,0.0,0,0.00395810125505101
slow_change,10218,0.0,1.1705937982775367,-0.25667524110049555,0.1748488878810855,77,0.01382654766964325
slow_change,10218,0.05,0.16023671916276783,-0.4003632965255335,0.18062957377567276,9,0.01331445331150832
slow_change,10218,0.1,0.02886337676189399,-0.1871402925359611,0.11288826355103053,2,0.012838937121811592
slow_change,10218,0.4,0.0,0.0,0.0,0,0.010573242335609545
slow_change,10219,0.0,0.8060512420059496,-0.2613690139884355,0.11423385997247111,78,0.00772708858587725
slow_change,10219,0.05,0.03506057378511329,-0.11966352986307172,0.08687180653487322,3,0.007440900119733644
slow_change,10219,0.1,0.0,0.0,0.0,0,0.007175153686886018
slow_change,10219,0.4,0.0,0.0,0.0,0,0.005908950095082602
slow_change,10220,0.0,0.5398493563038436,-0.2914762710911418,0.10410283349373646,70,0.006558492304407413
slow_change,10220,0.05,0.06526481535522066,-0.14699259785118812,0.07778685756565144,3,0.006315585182021954
slow_change,10220,0.1,0.009789469771849468,-0.10396499382697044,0.0450680270691643,1,0.006090028568378314
slow_change,10220,0.4,0.0,0.0,0.0,0,0.0050153176445468465
