policy,expected_objective,realized_objective,ber,bler,switches,switch_cost,base_loss,policy_runtime_s,ber_term,bler_term,papr_term,realized_regret,approximate_reference_gap,same_table_expected_regret,family,seed,epochs,noise,delay,csi_nmse
always_afdm,0.1448504635817563,0.1441110671116119,0.0475260416666666,0.5933333333333334,0,0.0,86.46664026696715,0.0103985996247502,20.368303571428573,50.85714285714286,12.03711612411,10.889305083916156,2.2012533389238484,4.139548936573362,fast_change,20002,600,1.0,1,0.0
always_ofdm,0.1571546598244401,0.1587842813162247,0.0531770833333333,0.6733333333333333,0,0.0,95.27056878973488,0.0209446999360807,22.790178571428573,57.71428571428573,12.105112504020566,19.69323360668388,9.583771084534147,12.195520879316334,fast_change,20002,600,1.0,1,0.0
always_otfs,0.1394619479080046,0.140164209493786,0.04671875,0.58,0,0.0,84.09852569627162,0.0123888001980958,20.02232142857143,49.71428571428572,11.022069410557332,8.521190513220631,-1.0318560653271334,0.2488487519808302,fast_change,20002,600,1.0,1,0.0
block,0.1569706239402657,0.1570546133866627,0.0493229166666666,0.62,74,5.285714285714287,88.94705374628337,0.0199864002206595,21.138392857142858,53.14285714285715,11.63189288914051,18.655432848946678,9.47334955402954,11.273958745689072,fast_change,20002,600,1.0,1,0.0
cadc,0.1450667556331293,0.144409240317156,0.04765625,0.5933333333333334,2,0.1428571428571428,86.5026870474365,0.0665997998585226,20.424107142857142,50.85714285714286,12.022790190293623,11.068209007242643,2.331028569747673,4.06070786224295,fast_change,20002,600,1.0,1,0.0
cadc_drift_margin,0.1450667556331293,0.144409240317156,0.04765625,0.5933333333333334,2,0.1428571428571428,86.5026870474365,0.0439047004038002,20.424107142857142,50.85714285714286,12.022790190293623,11.068209007242643,2.331028569747673,4.06070786224295,fast_change,20002,600,1.0,1,0.0
cadc_no_margin,0.1410730388972432,0.1408544160320717,0.0474739583333333,0.5683333333333334,12,0.8571428571428572,83.65550676210015,0.0510184998711338,20.345982142857142,48.71428571428572,11.320107476385846,8.935314436192016,-0.065201471783979,1.684020143554278,fast_change,20002,600,1.0,1,0.0
cadc_no_probe,0.1462909563771507,0.1465683317346798,0.0484375,0.605,2,0.1428571428571428,87.79814189795076,0.0460789001808734,20.758928571428573,51.85714285714287,11.99722704080789,12.363663857756904,3.0655490161605314,4.745687383443567,fast_change,20002,600,1.0,1,0.0
linucb,0.1671591803755671,0.1691768118951816,0.0485416666666666,0.5816666666666667,227,16.21428571428572,85.29180142282327,0.0680451001098845,20.80357142857143,49.85714285714286,11.403928279966124,25.928751954057983,15.586483415210369,17.738687266998383,fast_change,20002,600,1.0,1,0.0
offline_historical,0.1486883395005297,0.1482517797020017,0.0460677083333333,0.575,75,5.357142857142858,83.59392496405819,0.0328267001314088,19.743303571428573,49.28571428571429,11.277103678343902,13.373732638150074,4.503978890187909,5.896038778403167,fast_change,20002,600,1.0,1,0.0
sticky,0.1601940237443423,0.1629916944943416,0.05046875,0.62,114,8.142857142857144,89.65215955374781,0.0524635995534481,21.62946428571429,53.14285714285715,11.79637069660493,22.21768151355396,11.407389436475484,13.375410907922271,fast_change,20002,600,1.0,1,0.0
uncertainty_aware,0.1706628762233682,0.1703368591546316,0.0479427083333333,0.6133333333333333,199,14.214285714285715,87.98782977849328,0.067508399952203,20.546875,52.57142857142858,11.759357064207556,26.62478030972801,17.68870092389099,19.449868949739567,fast_change,20002,600,1.0,1,0.0
always_afdm,0.1691384404236059,0.1617835879152082,0.055078125,0.675,0,0.0,19.414030549824982,0.0020471001189434,4.720982142857143,11.571428571428571,2.432120406967841,1.6294001809277106,0.4113229544731922,0.7426768396898886,fast_change,21001,120,0.0,4,0.0
always_ofdm,0.1860250275515643,0.1859492870200067,0.0669270833333333,0.7916666666666666,0,0.0,22.31391444240081,0.0043718001252273,5.736607142857143,13.571428571428571,2.424996442400812,4.529284073503536,2.4377134098281914,2.739718533001959,fast_change,21001,120,0.0,4,0.0
always_otfs,0.1649233401981217,0.1650701407352557,0.06015625,0.6833333333333333,0,0.0,19.80841688823069,0.0023658999416511,5.15625,11.714285714285715,2.2212274596592607,2.0237865193334166,-0.0944890725849134,0.0402477001646524,fast_change,21001,120,0.0,4,0.0
block,0.182313603560925,0.1821556166410426,0.0596354166666666,0.7416666666666667,14,1.0,20.858673996925116,0.0039812999748392,5.111607142857143,12.714285714285715,2.3704359969251105,4.074043628027837,1.992342530951479,2.333237717943849,fast_change,21001,120,0.0,4,0.0
cadc,0.1737013607968071,0.1687544443207833,0.056640625,0.7083333333333334,2,0.1428571428571428,20.10767617563685,0.0134571001399308,4.854910714285714,12.142857142857144,2.4258397470654227,2.465902949596721,0.9588733992573316,1.390440098622758,fast_change,21001,120,0.0,4,0.0
cadc_drift_margin,0.1737013607968071,0.1687544443207833,0.056640625,0.7083333333333334,2,0.1428571428571428,20.10767617563685,0.0086705001012887,4.854910714285714,12.142857142857144,2.4258397470654227,2.465902949596721,0.9588733992573316,1.390440098622758,fast_change,21001,120,0.0,4,0.0
cadc_no_margin,0.1765079665161718,0.1768873242918154,0.0619791666666666,0.725,7,0.5000000000000001,20.726478915017857,0.010192700108746,5.3125,12.42857142857143,2.317631486446428,3.441848546120582,1.2956660855810895,1.549625324297054,fast_change,21001,120,0.0,4,0.0
cadc_no_probe,0.1815800409678102,0.1773392043804195,0.0634114583333333,0.7416666666666667,2,0.1428571428571428,21.13784738279321,0.0090757000143639,5.435267857142858,12.714285714285715,2.37573152565035,3.496074156753074,1.904315019777698,2.1716268444881983,fast_change,21001,120,0.0,4,0.0
linucb,0.2104203383229279,0.2056055750466085,0.0627604166666666,0.6583333333333333,70,5.0,19.672669005593026,0.0135564997908659,5.379464285714287,11.285714285714286,2.331794434164449,6.888038636695747,5.36515070239183,5.718364064879008,fast_change,21001,120,0.0,4,0.0
offline_historical,0.1714073357788024,0.1716451359898911,0.05859375,0.6916666666666667,10,0.7142857142857144,19.88313060450122,0.0066269999952055,5.022321428571429,11.85714285714286,2.293122318786932,2.8127859498896584,0.6835903970967685,0.9135580484128348,fast_change,21001,120,0.0,4,0.0
sticky,0.189970390464108,0.1848969042102307,0.061328125,0.6666666666666666,35,2.5000000000000004,19.68762850522769,0.0102675000234739,5.256696428571429,11.428571428571429,2.3336795052276806,4.402998136330407,2.9111569593334394,3.2942233295236285,fast_change,21001,120,0.0,4,0.0
uncertainty_aware,0.1943307199228142,0.1901037751888256,0.0639322916666666,0.6666666666666666,40,2.8571428571428577,19.955310165516213,0.0128886998572852,5.479910714285714,11.428571428571429,2.378373165516215,5.027822653761799,3.4343964943781917,3.632564473952879,fast_change,21001,120,0.0,4,0.0
always_afdm,0.1691384404236059,0.1617835879152082,0.055078125,0.675,0,0.0,19.414030549824982,0.0020992001082049,4.720982142857143,11.571428571428571,2.432120406967841,1.6294001809277106,0.4113229544731922,0.7426768396898886,fast_change,21001,120,0.0,1,0.0
always_ofdm,0.1860250275515643,0.1859492870200067,0.0669270833333333,0.7916666666666666,0,0.0,22.31391444240081,0.0043801000138046,5.736607142857143,13.571428571428571,2.424996442400812,4.529284073503536,2.4377134098281914,2.739718533001959,fast_change,21001,120,0.0,1,0.0
always_otfs,0.1649233401981217,0.1650701407352557,0.06015625,0.6833333333333333,0,0.0,19.80841688823069,0.002473100030329,5.15625,11.714285714285715,2.2212274596592607,2.0237865193334166,-0.0944890725849134,0.0402477001646524,fast_change,21001,120,0.0,1,0.0
block,0.1830229485487756,0.1786801224380119,0.0579427083333333,0.725,14,1.0,20.44161469256143,0.00400199998694,4.966517857142858,12.42857142857143,2.384180263989998,3.6569843236641546,2.077463929493554,2.567399747732644,fast_change,21001,120,0.0,1,0.0
cadc,0.1737013607968071,0.1687544443207833,0.056640625,0.7083333333333334,2,0.1428571428571428,20.10767617563685,0.0137928999902214,4.854910714285714,12.142857142857144,2.4258397470654227,2.465902949596721,0.9588733992573316,1.390440098622758,fast_change,21001,120,0.0,1,0.0
cadc_drift_margin,0.1737013607968071,0.1687544443207833,0.056640625,0.7083333333333334,2,0.1428571428571428,20.10767617563685,0.008881700123311,4.854910714285714,12.142857142857144,2.4258397470654227,2.465902949596721,0.9588733992573316,1.390440098622758,fast_change,21001,120,0.0,1,0.0
cadc_no_margin,0.1762798670266457,0.1760306884400072,0.0608072916666666,0.725,7,0.5,20.62368261280087,0.0101709000155096,5.212053571428572,12.42857142857143,2.315281612800869,3.339052243903595,1.2682941468379667,1.4132534848586822,fast_change,21001,120,0.0,1,0.0
cadc_no_probe,0.1735036672786827,0.1720277904803649,0.0626302083333333,0.7083333333333334,2,0.1428571428571428,20.50047771478665,0.0092362000868888,5.368303571428572,12.142857142857144,2.308869000500936,2.858704488746522,0.9351501770824058,1.2099054457817964,fast_change,21001,120,0.0,1,0.0
linucb,0.2133596131214805,0.2078587661441867,0.0588541666666666,0.6833333333333333,72,5.142857142857143,19.80019479444527,0.0138591999129857,5.044642857142858,11.714285714285715,2.370322223016699,7.158421568405139,5.717863678218137,6.003087082914298,fast_change,21001,120,0.0,1,0.0
offline_historical,0.172305041487474,0.1710135577213315,0.0579427083333333,0.6916666666666667,10,0.7142857142857144,19.807341212274068,0.0068188998993719,4.966517857142858,11.85714285714286,2.2731364979883484,2.736996557662504,0.7913150821373662,0.680484742270071,fast_change,21001,120,0.0,1,0.0
sticky,0.1919302872275151,0.1842785965617522,0.0615885416666666,0.65,37,2.6428571428571432,19.47057444455312,0.010332899808418,5.279017857142858,11.142857142857144,2.384317730267408,4.328801218512993,3.146344570942293,3.509640251575565,fast_change,21001,120,0.0,1,0.0
uncertainty_aware,0.1964391474231551,0.1923545797462884,0.0595052083333333,0.7,41,2.928571428571429,20.15397814098317,0.0132970999547978,5.100446428571429,12.000000000000002,2.3893762838403165,5.297919200657333,3.6874077944190944,3.9219813794324025,fast_change,21001,120,0.0,1,0.0
always_afdm,0.1691384404236059,0.1617835879152082,0.055078125,0.675,0,0.0,19.414030549824982,0.0019697000534506,4.720982142857143,11.571428571428571,2.432120406967841,1.6294001809277106,0.4113229544731922,0.7426768396898886,fast_change,21001,120,1.0,1,0.0
always_ofdm,0.1860250275515643,0.1859492870200067,0.0669270833333333,0.7916666666666666,0,0.0,22.31391444240081,0.0040154999878723,5.736607142857143,13.571428571428571,2.424996442400812,4.529284073503536,2.4377134098281914,2.739718533001959,fast_change,21001,120,1.0,1,0.0
always_otfs,0.1649233401981217,0.1650701407352557,0.06015625,0.6833333333333333,0,0.0,19.80841688823069,0.0022993000020505,5.15625,11.714285714285715,2.2212274596592607,2.0237865193334166,-0.0944890725849134,0.0402477001646524,fast_change,21001,120,1.0,1,0.0
block,0.1830229485487756,0.1786801224380119,0.0579427083333333,0.725,14,1.0,20.44161469256143,0.0037555999442702,4.966517857142858,12.42857142857143,2.384180263989998,3.6569843236641546,2.077463929493554,2.567399747732644,fast_change,21001,120,1.0,1,0.0
cadc,0.1737013607968071,0.1687544443207833,0.056640625,0.7083333333333334,2,0.1428571428571428,20.10767617563685,0.0128982999740401,4.854910714285714,12.142857142857144,2.4258397470654227,2.465902949596721,0.9588733992573316,1.390440098622758,fast_change,21001,120,1.0,1,0.0
cadc_drift_margin,0.1737013607968071,0.1687544443207833,0.056640625,0.7083333333333334,2,0.1428571428571428,20.10767617563685,0.0089957000600406,4.854910714285714,12.142857142857144,2.4258397470654227,2.465902949596721,0.9588733992573316,1.390440098622758,fast_change,21001,120,1.0,1,0.0
cadc_no_margin,0.1763222180224386,0.1754378008971202,0.0598958333333333,0.725,7,0.5,20.552536107654436,0.0099445999076124,5.133928571428572,12.42857142857143,2.3233915362258606,3.267905738757157,1.2733762663331092,1.449407720337362,fast_change,21001,120,1.0,1,0.0
cadc_no_probe,0.181021757201474,0.1767767604799264,0.0626302083333333,0.7416666666666667,2,0.1428571428571428,21.07035411473403,0.00880009989487,5.368303571428572,12.714285714285715,2.371355686162597,3.4285808886938938,1.8373209678173623,2.089228148106802,fast_change,21001,120,1.0,1,0.0
linucb,0.2163858594983321,0.2131916941405206,0.0606770833333333,0.7,75,5.357142857142858,20.22586043971961,0.0129578000633046,5.200892857142858,12.000000000000002,2.3587755825767567,7.798372927965197,6.081013243440332,6.338733490390116,fast_change,21001,120,1.0,1,0.0
offline_historical,0.1767507216598504,0.1761667142332722,0.05859375,0.6916666666666667,18,1.285714285714286,19.85429142227838,0.0065576999913901,5.022321428571429,11.85714285714286,2.262699136564091,3.3553753390953887,1.3247967028225354,1.2766536652573066,fast_change,21001,120,1.0,1,0.0
sticky,0.1960646239727514,0.1903713440571966,0.0640625,0.6583333333333333,42,3.000000000000001,19.844561286863588,0.0098401999275665,5.491071428571429,11.285714285714286,2.4110875725778755,5.059930917966316,3.6424649803706473,4.1752887123982525,fast_change,21001,120,1.0,1,0.0
uncertainty_aware,0.1982322342665695,0.1868893086471765,0.0619791666666666,0.6416666666666667,43,3.071428571428572,19.35528846623261,0.0126282001438084,5.3125,11.000000000000002,2.3797644662326145,4.642086668763913,3.9025782156288154,4.03573204698327,fast_change,21001,120,1.0,1,0.0
always_afdm,0.1691384404236059,0.1617835879152082,0.055078125,0.675,0,0.0,19.414030549824982,0.002024700079346,4.720982142857143,11.571428571428571,2.432120406967841,1.6294001809277106,0.4113229544731922,0.7426768396898886,fast_change,21001,120,1.0,4,0.0
always_ofdm,0.1860250275515643,0.1859492870200067,0.0669270833333333,0.7916666666666666,0,0.0,22.31391444240081,0.0039960000285645,5.736607142857143,13.571428571428571,2.424996442400812,4.529284073503536,2.4377134098281914,2.739718533001959,fast_change,21001,120,1.0,4,0.0
always_otfs,0.1649233401981217,0.1650701407352557,0.06015625,0.6833333333333333,0,0.0,19.80841688823069,0.0022449000389315,5.15625,11.714285714285715,2.2212274596592607,2.0237865193334166,-0.0944890725849134,0.0402477001646524,fast_change,21001,120,1.0,4,0.0
block,0.1850069728900565,0.1792071576294426,0.057421875,0.7333333333333333,14,1.0,20.50485891553312,0.0039487998728873,4.921875,12.571428571428571,2.356451344104543,3.7202285466358447,2.3155468504472587,2.853603872561916,fast_change,21001,120,1.0,4,0.0
cadc,0.1737013607968071,0.1687544443207833,0.056640625,0.7083333333333334,2,0.1428571428571428,20.10767617563685,0.0127416000323137,4.854910714285714,12.142857142857144,2.4258397470654227,2.465902949596721,0.9588733992573316,1.390440098622758,fast_change,21001,120,1.0,4,0.0
cadc_drift_margin,0.1737013607968071,0.1687544443207833,0.056640625,0.7083333333333334,2,0.1428571428571428,20.10767617563685,0.0082152998656965,4.854910714285714,12.142857142857144,2.4258397470654227,2.465902949596721,0.9588733992573316,1.390440098622758,fast_change,21001,120,1.0,4,0.0
cadc_no_margin,0.1765178446872181,0.1770254064309577,0.062109375,0.725,7,0.5000000000000001,20.74304877171493,0.0095893999096006,5.323660714285714,12.42857142857143,2.324172057429215,3.458418402817657,1.2968514661066592,1.565988546812246,fast_change,21001,120,1.0,4,0.0
cadc_no_probe,0.180587822514894,0.178390516838767,0.065625,0.7416666666666667,1,0.0714285714285714,21.33543344922347,0.0088150002266047,5.625,12.714285714285715,2.3948997349377543,3.622231651754767,1.7852488054277629,2.0216502521429014,fast_change,21001,120,1.0,4,0.0
linucb,0.2077570783406141,0.2069559861322999,0.0619791666666666,0.7083333333333334,61,4.357142857142858,20.477575478733137,0.0130912997556151,5.3125,12.142857142857144,2.353763478733136,7.050087966978722,5.0455595045141735,5.19312997294649,fast_change,21001,120,1.0,4,0.0
offline_historical,0.1758571677318285,0.175983627912436,0.0580729166666666,0.6916666666666667,18,1.2857142857142858,19.832321063778043,0.0063571999198757,4.977678571428572,11.85714285714286,2.285371635206612,3.333404980595052,1.2175702314599022,1.4687940838946432,fast_change,21001,120,1.0,4,0.0
sticky,0.187890660354189,0.1822767156700468,0.0602864583333333,0.6583333333333333,34,2.428571428571429,19.44463445183419,0.0099064000096404,5.167410714285714,11.285714285714286,2.313324308977046,4.088575511508342,2.66158934614316,3.1914253323913933,fast_change,21001,120,1.0,4,0.0
uncertainty_aware,0.1978121891635219,0.1909744038793848,0.0610677083333333,0.6583333333333333,47,3.3571428571428577,19.55978560838332,0.0126130998833104,5.234375,11.285714285714286,2.3787088940976053,5.1322980966289045,3.8521728032631017,4.178359013968176,fast_change,21001,120,1.0,4,0.0
always_afdm,0.1691384404236059,0.1617835879152082,0.055078125,0.675,0,0.0,19.414030549824982,0.0019902999047189,4.720982142857143,11.571428571428571,2.432120406967841,1.6294001809277106,0.4113229544731922,0.7426768396898886,fast_change,21001,120,1.0,0,0.0
always_ofdm,0.1860250275515643,0.1859492870200067,0.0669270833333333,0.7916666666666666,0,0.0,22.31391444240081,0.0043163999507669,5.736607142857143,13.571428571428571,2.424996442400812,4.529284073503536,2.4377134098281914,2.739718533001959,fast_change,21001,120,1.0,0,0.0
always_otfs,0.1649233401981217,0.1650701407352557,0.06015625,0.6833333333333333,0,0.0,19.80841688823069,0.0022592000314034,5.15625,11.714285714285715,2.2212274596592607,2.0237865193334166,-0.0944890725849134,0.0402477001646524,fast_change,21001,120,1.0,0,0.0
block,0.1830229485487756,0.1786801224380119,0.0579427083333333,0.725,14,1.0,20.44161469256143,0.00439520002692,4.966517857142858,12.42857142857143,2.384180263989998,3.6569843236641546,2.077463929493554,2.567399747732644,fast_change,21001,120,1.0,0,0.0
cadc,0.1737013607968071,0.1687544443207833,0.056640625,0.7083333333333334,2,0.1428571428571428,20.10767617563685,0.0128975001134676,4.854910714285714,12.142857142857144,2.4258397470654227,2.465902949596721,0.9588733992573316,1.390440098622758,fast_change,21001,120,1.0,0,0.0
cadc_drift_margin,0.1737013607968071,0.1687544443207833,0.056640625,0.7083333333333334,2,0.1428571428571428,20.10767617563685,0.0083354998205322,4.854910714285714,12.142857142857144,2.4258397470654227,2.465902949596721,0.9588733992573316,1.390440098622758,fast_change,21001,120,1.0,0,0.0
cadc_no_margin,0.1756967475206055,0.1754787950171666,0.0598958333333333,0.725,7,0.5,20.557455402059997,0.0096122000541072,5.133928571428572,12.42857142857143,2.327179402059991,3.272825033162718,1.1983198061131368,1.4197875372340611,fast_change,21001,120,1.0,0,0.0
cadc_no_probe,0.1743485621861352,0.1684979401527013,0.0622395833333333,0.6833333333333333,2,0.1428571428571428,20.076895675467014,0.0086908000084804,5.334821428571429,11.714285714285715,2.35277138975273,2.435122449426885,1.036537565976701,1.2864262661871848,fast_change,21001,120,1.0,0,0.0
linucb,0.2150733260640342,0.2088711886670471,0.0602864583333333,0.675,74,5.285714285714287,19.778828354331363,0.0128049000777537,5.167410714285714,11.571428571428571,2.374475925759932,7.279912271148376,5.923509231324584,6.234921269221271,fast_change,21001,120,1.0,0,0.0
offline_historical,0.1768221056979485,0.1742982447831614,0.0576822916666666,0.6833333333333333,18,1.2857142857142858,19.63007508826508,0.0064699000795371,4.944196428571429,11.714285714285715,2.2594649454079363,3.131159005082093,1.3333627873943037,1.3222394485762656,fast_change,21001,120,1.0,0,0.0
sticky,0.1940880743190359,0.1869148577000533,0.058203125,0.6666666666666666,42,3.0000000000000004,19.4297829240064,0.0100961998250568,4.988839285714286,11.428571428571429,2.3280773525778264,4.645152555109128,3.405279021924791,3.631972018849499,fast_change,21001,120,1.0,0,0.0
uncertainty_aware,0.19696605281775,0.1984823402123461,0.0608072916666666,0.725,44,3.1428571428571432,20.67502368262439,0.0124971999030094,5.212053571428572,12.42857142857143,2.370016968338673,6.033250456584256,3.7506364417704816,4.1608186102700095,fast_change,21001,120,1.0,0,0.0
always_afdm,0.1691384404236059,0.1617835879152082,0.055078125,0.675,0,0.0,19.414030549824982,0.0020320000621723,4.720982142857143,11.571428571428571,2.432120406967841,1.6294001809277106,0.4113229544731922,0.7426768396898886,fast_change,21001,120,0.0,0,0.0
always_ofdm,0.1860250275515643,0.1859492870200067,0.0669270833333333,0.7916666666666666,0,0.0,22.31391444240081,0.0038290000375127,5.736607142857143,13.571428571428571,2.424996442400812,4.529284073503536,2.4377134098281914,2.739718533001959,fast_change,21001,120,0.0,0,0.0
always_otfs,0.1649233401981217,0.1650701407352557,0.06015625,0.6833333333333333,0,0.0,19.80841688823069,0.0024604001082479,5.15625,11.714285714285715,2.2212274596592607,2.0237865193334166,-0.0944890725849134,0.0402477001646524,fast_change,21001,120,0.0,0,0.0
block,0.1830229485487756,0.1786801224380119,0.0579427083333333,0.725,14,1.0,20.44161469256143,0.0037303998979041,4.966517857142858,12.42857142857143,2.384180263989998,3.6569843236641546,2.077463929493554,2.567399747732644,fast_change,21001,120,0.0,0,0.0
cadc,0.1737013607968071,0.1687544443207833,0.056640625,0.7083333333333334,2,0.1428571428571428,20.10767617563685,0.0124640999711118,4.854910714285714,12.142857142857144,2.4258397470654227,2.465902949596721,0.9588733992573316,1.390440098622758,fast_change,21001,120,0.0,0,0.0
cadc_drift_margin,0.1737013607968071,0.1687544443207833,0.056640625,0.7083333333333334,2,0.1428571428571428,20.10767617563685,0.0082730999420164,4.854910714285714,12.142857142857144,2.4258397470654227,2.465902949596721,0.9588733992573316,1.390440098622758,fast_change,21001,120,0.0,0,0.0
cadc_no_margin,0.1762798670266457,0.1760306884400072,0.0608072916666666,0.725,7,0.5,20.62368261280087,0.0095688001165399,5.212053571428572,12.42857142857143,2.315281612800869,3.339052243903595,1.2682941468379667,1.4132534848586822,fast_change,21001,120,0.0,0,0.0
cadc_no_probe,0.1737333316673388,0.1711881197372436,0.0614583333333333,0.7083333333333334,2,0.1428571428571428,20.399717225612093,0.0088251999695785,5.267857142857143,12.142857142857144,2.309460082754946,2.757943999571957,0.9627099037211336,1.2125948144134426,fast_change,21001,120,0.0,0,0.0
linucb,0.2114439223962903,0.2100505805487492,0.0595052083333333,0.7,71,5.071428571428571,20.134641094421333,0.0123853998520644,5.100446428571429,12.000000000000002,2.357140951564188,7.421439296952627,5.487980791195312,5.741829263093056,fast_change,21001,120,0.0,0,0.0
offline_historical,0.1717131131243755,0.1697617461205117,0.0580729166666666,0.6833333333333333,10,0.7142857142857144,19.65712382017569,0.0061816000525141,4.977678571428572,11.714285714285715,2.2546155344614043,2.5867791655641312,0.7202836785655364,0.7377728753198234,fast_change,21001,120,0.0,0,0.0
sticky,0.1895213515394926,0.1870186549083004,0.0563802083333333,0.6916666666666667,39,2.785714285714286,19.656524303281763,0.0096840001497184,4.832589285714286,11.85714285714286,2.278876731853191,4.657608220098776,2.8572722883795976,3.606468345673921,fast_change,21001,120,0.0,0,0.0
uncertainty_aware,0.1945952925542196,0.1900613403279693,0.0587239583333333,0.6916666666666667,40,2.8571428571428577,19.95021798221346,0.0124222999002086,5.033482142857143,11.85714285714286,2.387517553642029,5.022730470459042,3.46614521014683,3.925162255273122,fast_change,21001,120,0.0,0,0.0
always_afdm,0.1691384404236059,0.1617835879152082,0.055078125,0.675,0,0.0,19.414030549824982,0.0020701999455923,4.720982142857143,11.571428571428571,2.432120406967841,1.6294001809277106,0.4113229544731922,0.7426768396898886,fast_change,21001,120,2.0,1,0.0
always_ofdm,0.1860250275515643,0.1859492870200067,0.0669270833333333,0.7916666666666666,0,0.0,22.31391444240081,0.0045910999760963,5.736607142857143,13.571428571428571,2.424996442400812,4.529284073503536,2.4377134098281914,2.739718533001959,fast_change,21001,120,2.0,1,0.0
always_otfs,0.1649233401981217,0.1650701407352557,0.06015625,0.6833333333333333,0,0.0,19.80841688823069,0.0024868000473361,5.15625,11.714285714285715,2.2212274596592607,2.0237865193334166,-0.0944890725849134,0.0402477001646524,fast_change,21001,120,2.0,1,0.0
block,0.182313603560925,0.1821556166410426,0.0596354166666666,0.7416666666666667,14,1.0,20.858673996925116,0.0040131999994628,5.111607142857143,12.714285714285715,2.3704359969251105,4.074043628027837,1.992342530951479,2.333237717943849,fast_change,21001,120,2.0,1,0.0
cadc,0.1737013607968071,0.1687544443207833,0.056640625,0.7083333333333334,2,0.1428571428571428,20.10767617563685,0.0138258999795652,4.854910714285714,12.142857142857144,2.4258397470654227,2.465902949596721,0.9588733992573316,1.390440098622758,fast_change,21001,120,2.0,1,0.0
cadc_drift_margin,0.1737013607968071,0.1687544443207833,0.056640625,0.7083333333333334,2,0.1428571428571428,20.10767617563685,0.0086417999700643,4.854910714285714,12.142857142857144,2.4258397470654227,2.465902949596721,0.9588733992573316,1.390440098622758,fast_change,21001,120,2.0,1,0.0
cadc_no_margin,0.1764125605307909,0.1761031342161082,0.0608072916666666,0.725,7,0.5,20.632376105932988,0.0097767999977804,5.212053571428572,12.42857142857143,2.3262379630758443,3.347745737035716,1.284217367335387,1.448972950625688,fast_change,21001,120,2.0,1,0.0
cadc_no_probe,0.1808537701781528,0.1766604596926555,0.0623697916666666,0.7416666666666667,2,0.1428571428571428,21.05639802026152,0.0092965999938314,5.345982142857143,12.714285714285715,2.377005591690084,3.414624794221385,1.817162525018812,2.056700368745595,fast_change,21001,120,2.0,1,0.0
linucb,0.2031600753829078,0.2022211095976467,0.0579427083333333,0.7,60,4.285714285714287,19.98081886600332,0.0142184998840093,4.966517857142858,12.000000000000002,2.337021008860457,6.481902782820328,4.493919149589416,5.005641635432273,fast_change,21001,120,2.0,1,0.0
offline_historical,0.1792369651059422,0.1783712427454392,0.0584635416666666,0.6916666666666667,22,1.5714285714285716,19.83312055802413,0.0066874999902211,5.011160714285714,11.85714285714286,2.252462700881273,3.6199187605554286,1.623145916353543,1.5687556306941808,fast_change,21001,120,2.0,1,0.0
sticky,0.1946972541784093,0.1866963261955776,0.0619791666666666,0.6416666666666667,43,3.071428571428572,19.332130572040747,0.0104159998591057,5.3125,11.000000000000002,2.343482000612171,4.618928774572041,3.478380605049594,3.8994926732142874,fast_change,21001,120,2.0,1,0.0
uncertainty_aware,0.2010309801164526,0.2004014431517365,0.0615885416666666,0.725,46,3.2857142857142865,20.762458892494102,0.0134632000117562,5.279017857142858,12.42857142857143,2.38958274963696,6.263542809311115,4.2384277176147975,4.214314090956787,fast_change,21001,120,2.0,1,0.0
always_afdm,0.1623552303275919,0.1622682573955377,0.0569010416666666,0.6666666666666666,0,0.0,19.472190887464528,0.002049499831628,4.877232142857143,11.428571428571429,2.4461678874645254,1.7511627769196991,0.4471817120113819,0.3903431145988314,fast_change,21002,120,1.0,1,0.0
always_ofdm,0.177500096145407,0.1708366961914194,0.058984375,0.725,0,0.0,20.50040354297033,0.0041399999026907,5.055803571428572,12.42857142857143,2.404426257256044,2.779375432425504,2.264565610149188,2.1771140389574377,fast_change,21002,120,1.0,1,0.0
always_otfs,0.1586287160608304,0.1552739718585473,0.055078125,0.6416666666666667,0,0.0,18.632876623025684,0.0024034000525716,4.720982142857143,11.000000000000002,2.1645207658828225,0.9118485124808552,0.0,0.0,fast_change,21002,120,1.0,1,0.0
block,0.1765871785552396,0.17410010263143,0.0584635416666666,0.6916666666666667,14,1.0,19.8920123157716,0.004199300034088,5.011160714285714,11.85714285714286,2.3396950300573094,3.1709842052267696,2.1550154993290995,2.0274868393995824,fast_change,21002,120,1.0,1,0.0
cadc,0.1740351498347488,0.1667181861308359,0.0553385416666666,0.7,3,0.2142857142857143,19.791896621414597,0.0135146999673452,4.743303571428572,12.000000000000002,2.40440562141459,2.285154225155477,1.8487720528702132,1.775713784031307,fast_change,21002,120,1.0,1,0.0
linucb,0.2111050380661076,0.2071218422400026,0.052734375,0.675,80,5.7142857142857135,19.140335354514608,0.0133204001031117,4.520089285714286,11.571428571428571,2.3496426402288906,7.133592958255495,6.297158640633271,6.091453648652742,fast_change,21002,120,1.0,1,0.0
offline_historical,0.1672432848097621,0.1661082972720032,0.0584635416666666,0.6416666666666667,14,1.0,18.932995672640384,0.0063928000745363,5.011160714285714,11.000000000000002,2.179213244068956,2.211967562095559,1.0337482498718025,1.042130645043322,fast_change,21002,120,1.0,1,0.0
sticky,0.1917362743190519,0.1889390156517643,0.05703125,0.6833333333333333,42,3.0000000000000004,19.672681878211726,0.0101581000053556,4.888392857142858,11.714285714285715,2.376033021068866,4.9516537676668975,3.972906990986584,3.983993692294153,fast_change,21002,120,1.0,1,0.0
uncertainty_aware,0.1962635702064873,0.1914492660703725,0.057421875,0.6583333333333333,52,3.714285714285715,19.259626214158985,0.0128011997585417,4.921875,11.285714285714286,2.3458472141589843,5.252883817899871,4.516182497478834,4.5941244354139,fast_change,21002,120,1.0,1,0.0
always_afdm,0.1693574159674729,0.1688158764431567,0.0610677083333333,0.6916666666666667,0,0.0,20.257905173178813,0.0020738999737659,5.234375,11.85714285714286,2.4461678874645254,2.5318184344427515,0.3171215928807953,0.4076976591977299,fast_change,21002,120,1.0,1,0.01
always_ofdm,0.1841093316364784,0.1780167557152289,0.0623697916666666,0.7583333333333333,0,0.0,21.362010685827475,0.0042820000235224,5.345982142857143,13.0,2.404426257256044,3.635923947091413,2.087351473161455,2.181354744270621,fast_change,21002,120,1.0,1,0.01
always_otfs,0.1657308830995209,0.162082007572833,0.0579427083333333,0.675,0,0.0,19.44984090873997,0.002295599959325,4.966517857142858,11.571428571428571,2.1645207658828225,1.7237541700039074,-0.1180623512734442,0.1345420445988985,fast_change,21002,120,1.0,1,0.01
block,0.1800663522107466,0.1703052713613636,0.059765625,0.6583333333333333,14,1.0,19.43663256336364,0.0040547999087721,5.122767857142858,11.285714285714286,2.342326420506493,2.7105458246275766,1.6021939420736402,1.560973221728755,fast_change,21002,120,1.0,1,0.01
cadc,0.1724700389640648,0.174198436776567,0.0622395833333333,0.7166666666666667,2,0.1428571428571428,20.760955270330903,0.0139343998453114,5.334821428571429,12.285714285714286,2.425630984616616,3.1777256744519846,0.6906363524718202,0.604369814323924,fast_change,21002,120,1.0,1,0.01
linucb,0.2147416962601914,0.2115159107463962,0.0625,0.6916666666666667,72,5.142857142857143,20.239052146710407,0.0135187000414589,5.357142857142858,11.85714285714286,2.320613289567546,7.655822550831488,5.763235228007016,5.694907551398149,fast_change,21002,120,1.0,1,0.01
offline_historical,0.1745884298990478,0.1733813627481936,0.0619791666666666,0.675,14,1.0,19.80576352978324,0.0065702999709174,5.3125,11.571428571428571,2.179213244068956,3.0796767910471807,0.9448432646697852,1.2257798324993594,fast_change,21002,120,1.0,1,0.01
sticky,0.2007751155444292,0.2008327504782084,0.0614583333333333,0.7083333333333334,51,3.6428571428571432,20.457072914527867,0.0232067000324605,5.267857142857143,12.142857142857144,2.3462786288135806,6.373843318648948,4.087245542115561,4.555129831604504,fast_change,21002,120,1.0,1,0.01
uncertainty_aware,0.203350178647721,0.2054186234578941,0.0598958333333333,0.75,50,3.571428571428572,21.078806243518724,0.0123981998622184,5.133928571428572,12.857142857142858,2.38788110066158,6.924148076211235,4.396253114510575,4.737732757242068,fast_change,21002,120,1.0,1,0.01
always_afdm,0.2196515472918776,0.2216990609669663,0.0901041666666666,0.9166666666666666,0,0.0,26.603887316035955,0.0021274999598972,7.7232142857142865,15.714285714285715,2.4461678874645254,1.7304193337620255,0.0838221901150966,0.1184038219038399,fast_change,21002,120,1.0,1,0.1
always_ofdm,0.2271048208477879,0.2248173509533241,0.0962239583333333,0.9166666666666666,0,0.0,26.9780821143989,0.0044011001009494,8.247767857142858,15.714285714285715,2.404426257256044,2.104614132124972,0.9782150168243328,1.1748455051910156,fast_change,21002,120,1.0,1,0.1
always_otfs,0.2182466941114256,0.2158952516204521,0.08828125,0.9,0,0.0,25.907430194454253,0.0024319000658579,7.5669642857142865,15.42857142857143,2.1645207658828225,1.0339622121803238,-0.0847601915391429,0.1594223144478661,fast_change,21002,120,1.0,1,0.1
block,0.2330938141502505,0.2308093344854316,0.098046875,0.8916666666666667,14,1.0,26.69712013825179,0.0039439001120626,8.404017857142858,15.285714285714288,2.321563995394643,2.823652155977861,1.6968942131198368,1.7756622095618155,fast_change,21002,120,1.0,1,0.1
cadc,0.2238290884432314,0.2259655498718051,0.0897135416666666,0.9416666666666668,2,0.1428571428571428,26.97300884175948,0.014327900003991,7.689732142857143,16.142857142857146,2.425630984616616,2.2423980023426893,0.5851271282775521,0.5607512002443187,fast_change,21002,120,1.0,1,0.1
linucb,0.2688004118830521,0.2759762030036761,0.0947916666666666,0.9416666666666668,81,5.785714285714287,27.33143007472684,0.0143610001105116,8.125,16.142857142857146,2.367113503298265,8.243676378167201,5.981685941056032,6.014557539723505,fast_change,21002,120,1.0,1,0.1
offline_historical,0.2267484931430954,0.2257065115577175,0.090234375,0.9,14,1.0,26.0847813869261,0.0070171999104786,7.734375000000001,15.42857142857143,2.179213244068956,2.21131340465217,0.9354556922612324,1.2321054148483237,fast_change,21002,120,1.0,1,0.1
sticky,0.2324291226743765,0.2278341254146868,0.085546875,0.9,21,1.5000000000000004,25.840095049762414,0.0103560999268665,7.3325892857142865,15.42857142857143,2.367540049762415,2.4666270674884885,1.6171312360149663,1.765032474746377,fast_change,21002,120,1.0,1,0.1
uncertainty_aware,0.2493153500606204,0.2466351040480899,0.0912760416666666,0.8916666666666667,48,3.428571428571429,26.167641057199354,0.0131435999210225,7.823660714285714,15.285714285714288,2.3498134857707798,4.722744503496855,3.64347852236423,3.56741615816804,fast_change,21002,120,1.0,1,0.1
always_afdm,0.1601672845609379,0.1602914178195719,0.0575260416666666,0.6616666666666666,0,0.0,96.17485069174316,0.0105225998122477,24.654017857142858,56.71428571428572,11.903232834600267,8.231892678129682,0.2604557359076267,1.2584213008495055,slow_change,20001,600,1.0,1,0.0
always_ofdm,0.1731902049317851,0.1735722609456837,0.06109375,0.74,0,0.0,104.14335656741022,0.0201078001991845,26.183035714285715,63.42857142857144,12.171520853124504,16.20039855379676,8.07420795841594,8.999660164829791,slow_change,20001,600,1.0,1,0.0
always_otfs,0.1580207952720268,0.1524563988797586,0.0540625,0.6316666666666667,0,0.0,91.4738393278552,0.0118726000655442,23.169642857142858,54.142857142857146,11.122253613569471,3.530881314241725,-1.027437837439038,0.3289017806908418,slow_change,20001,600,1.0,1,0.0
block,0.1713060190115148,0.1711005473400097,0.0582291666666666,0.6766666666666666,74,5.285714285714287,97.37461411829156,0.0200138002983294,24.955357142857142,58.00000000000001,11.64809354686296,14.717370390392375,6.943696406253764,8.183322553028745,slow_change,20001,600,1.0,1,0.0
cadc,0.1584661649792151,0.1538070282020261,0.053984375,0.6366666666666667,4,0.2857142857142857,91.99850263550138,0.0682489999453537,23.136160714285715,54.57142857142858,11.303873349787072,4.341258907602196,-0.7602160131260689,0.8544879006745134,slow_change,20001,600,1.0,1,0.0
cadc_drift_margin,0.1584661649792151,0.1538070282020261,0.053984375,0.6366666666666667,4,0.2857142857142857,91.99850263550138,0.045870199901401,23.136160714285715,54.57142857142858,11.303873349787072,4.341258907602196,-0.7602160131260689,0.8544879006745134,slow_change,20001,600,1.0,1,0.0
cadc_no_margin,0.1632874065426033,0.1595049795752633,0.0549739583333333,0.655,23,1.6428571428571432,94.06013060230087,0.0514760999649297,23.560267857142858,56.14285714285715,11.478582745158011,7.760029731544563,2.132528924906893,2.9839393139773023,slow_change,20001,600,1.0,1,0.0
cadc_no_probe,0.1610371438322503,0.1614797383447313,0.058046875,0.6666666666666666,2,0.1428571428571428,96.74498586398164,0.0476165997679345,24.877232142857142,57.142857142857146,11.883810863981626,8.944884993225315,0.7823712986950682,1.8306240640185365,slow_change,20001,600,1.0,1,0.0
linucb,0.197208494906174,0.1928508239655579,0.0557291666666666,0.65,305,21.78571428571429,93.92478009362046,0.0666157000086968,23.883928571428573,55.71428571428572,11.485480093620446,27.76753636572127,22.485181943049284,22.764146207151825,slow_change,20001,600,1.0,1,0.0
offline_historical,0.1781446430972268,0.1747383609158155,0.056875,0.635,163,11.642857142857146,93.20015940663215,0.0325892994151217,24.375,54.42857142857143,11.428555978060713,16.90005853587583,11.046870857680972,12.38746071215006,slow_change,20001,600,1.0,1,0.0
sticky,0.1837060820694451,0.181019943707514,0.0582291666666666,0.6683333333333333,166,11.857142857142858,96.75482336736552,0.0523464004509151,24.955357142857142,57.28571428571429,11.765217081651253,20.669008210894944,14.383734241011922,14.96758790310716,slow_change,20001,600,1.0,1,0.0
uncertainty_aware,0.1805999741848564,0.180216370623378,0.05703125,0.675,159,11.357142857142858,96.77267951688395,0.0664693997241556,24.44196428571429,57.85714285714286,11.640180374026814,20.186864360413352,12.520069510258736,14.007782558608524,slow_change,20001,600,1.0,1,0.0
always_afdm,0.1608633736661879,0.1610986014881992,0.055703125,0.6745,0,0.0,322.19720297639856,0.0334735998912947,79.57589285714286,192.7142857142857,40.22931011925563,14.068006438970372,-0.8310436695471708,3.966898432874132,slow_change,20003,2000,1.0,1,0.0
always_ofdm,0.1859545348430981,0.1834378221017188,0.0653984375,0.789,0,0.0,366.8756442034378,0.0667015998187707,93.42633928571428,225.42857142857147,40.153304917723446,58.7464476660096,49.35127868427321,48.89795094800854,slow_change,20003,2000,1.0,1,0.0
always_otfs,0.1609643754366211,0.162716690352157,0.0579453125,0.6845,0,0.0,325.433380704314,0.0390727995691122,82.77901785714286,195.57142857142856,36.95264856145684,17.30418416688582,-0.6290401286807423,0.7234098836206613,slow_change,20003,2000,1.0,1,0.0
block,0.1766180788606376,0.1770388489632224,0.0598125,0.7095,249,17.785714285714285,336.2919836407307,0.0651474000042071,85.44642857142858,202.7142857142857,38.96224535501633,45.94850138901677,30.67836671935214,33.05650563640006,slow_change,20003,2000,1.0,1,0.0
cadc,0.1611813702190185,0.1615784507299964,0.0557734375,0.677,2,0.1428571428571428,323.01404431713576,0.2200129003758775,79.67633928571429,193.42857142857144,40.23685017427857,15.027704922564736,-0.1950505638859567,4.521613314153683,slow_change,20003,2000,1.0,1,0.0
cadc_drift_margin,0.1611813702190185,0.1615784507299964,0.0557734375,0.677,2,0.1428571428571428,323.01404431713576,0.1418843006249517,79.67633928571429,193.42857142857144,40.23685017427857,15.027704922564736,-0.1950505638859567,4.521613314153683,slow_change,20003,2000,1.0,1,0.0
cadc_no_margin,0.1672901666163953,0.1668966461089659,0.0591953125,0.6855,66,4.714285714285715,329.07900650364616,0.1642634994641412,84.56473214285715,195.8571428571429,39.47407778936044,25.66409568050375,12.0225422308676,14.714942800444078,slow_change,20003,2000,1.0,1,0.0
cadc_no_probe,0.1627328371387562,0.1626854958356992,0.0561875,0.683,2,0.1428571428571428,325.2281345285413,0.1499662999995052,80.26785714285715,195.14285714285717,40.20216081425558,17.2417951339703,2.907883275589427,7.466687042225658,slow_change,20003,2000,1.0,1,0.0
linucb,0.2112732123415981,0.2107916350819206,0.0575078125,0.6845,1340,95.71428571428572,325.8689844495556,0.2171475000795908,82.15401785714286,195.57142857142856,38.66133459241266,113.45407362641303,99.98863368127331,102.33888771913144,slow_change,20003,2000,1.0,1,0.0
offline_historical,0.1748932014596021,0.1767101842904996,0.0566796875,0.6875,391,27.92857142857143,325.4917971524279,0.1063946002541342,80.97098214285715,196.42857142857144,38.170819580999314,45.29117204357118,27.228611917281228,28.93523959074037,slow_change,20003,2000,1.0,1,0.0
sticky,0.1776013370609243,0.1787071883234789,0.0587421875,0.693,389,27.78571428571429,329.6286623612437,0.1705844004172831,83.91741071428572,198.0,38.11658421838652,49.28518010952979,32.64488311992568,33.99890647559289,slow_change,20003,2000,1.0,1,0.0
uncertainty_aware,0.1863498950371901,0.1864823746494563,0.058390625,0.712,526,37.57142857142858,335.39332072748414,0.2163490000530146,83.41517857142858,203.42857142857144,39.17711587034127,64.83555276148456,50.14199907245728,52.54182302365285,slow_change,20003,2000,1.0,1,0.0
always_afdm,0.0253340802682269,0.0240701771964783,0.0,0.0,0,0.0,0.2888421263577396,0.0001894000015454,0.0,0.0,0.2307758406434539,0.0060470421058675,0.0167817834181744,0.0101060557859758,slow_change,22001,12,1.0,1,0.0
always_ofdm,0.0387849243096256,0.0373223343805155,0.0013020833333333,0.0833333333333333,0,0.0,0.4478680125661861,0.0004269999772077,0.0111607142857142,0.1428571428571428,0.2466455839947575,0.165072928314314,0.1781919119149596,0.184944092908209,slow_change,22001,12,1.0,1,0.0
always_otfs,0.0239355983167123,0.0235662570209893,0.0,0.0,0,0.0,0.282795084251872,0.0002271999983349,0.0,0.0,0.2220133699661577,0.0,0.0,0.0,slow_change,22001,12,1.0,1,0.0
block,0.0423504102585046,0.042745421912024,0.0013020833333333,0.0833333333333333,1,0.0714285714285714,0.4415164915157166,0.000361700047506,0.0111607142857142,0.1428571428571428,0.2357683486585738,0.2301499786924161,0.2209777433015067,0.2196701298497269,slow_change,22001,12,1.0,1,0.0
cadc,0.0423504102585046,0.042745421912024,0.0013020833333333,0.0833333333333333,1,0.0714285714285714,0.4415164915157166,0.001395399987814,0.0111607142857142,0.1428571428571428,0.2357683486585738,0.2301499786924161,0.2209777433015067,0.2196701298497269,slow_change,22001,12,1.0,1,0.0
linucb,0.0782119380285761,0.0713564368962846,0.0,0.0,8,0.5714285714285714,0.2848486713268445,0.0013966000115033,0.0,0.0,0.2294978141839873,0.573482158503544,0.6513160765423649,0.6522525091078424,slow_change,22001,12,1.0,1,0.0
offline_historical,0.0239355983167123,0.0235662570209893,0.0,0.0,0,0.0,0.282795084251872,0.0006661999505013,0.0,0.0,0.2220133699661577,0.0,0.0,0.0,slow_change,22001,12,1.0,1,0.0
sticky,0.0395870131680217,0.0354972318438226,0.0,0.0,2,0.1428571428571428,0.2831096392687294,0.0010819000308401,0.0,0.0,0.2257222106973008,0.1431716978740002,0.1878169782157129,0.179909575820567,slow_change,22001,12,1.0,1,0.0
uncertainty_aware,0.0395870131680217,0.0354972318438226,0.0,0.0,2,0.1428571428571428,0.2831096392687294,0.0012310999882174,0.0,0.0,0.2257222106973008,0.1431716978740002,0.1878169782157129,0.179909575820567,slow_change,22001,12,1.0,1,0.0
