policy,expected_objective,ber,bler,switches,switch_cost,base_loss
always_afdm,0.12381281202054036,0.03888346354166664,0.49916666666666665,0.0,0.0,14.876809430438556
always_ofdm,0.14598891438999523,0.04548177083333331,0.6226041666666666,0.0,0.0,17.458232476372995
always_otfs,0.12318442196631348,0.039098307291666634,0.5007291666666667,0.0,0.0,14.75223686872348
block,0.13919509365323085,0.04129394531249996,0.5385416666666667,14.0,1.0,15.664619480262164
cadc,0.1275825810432307,0.03963867187499997,0.5109375,2.1,0.14999999999999994,15.123024145454462
linucb,0.1718530142202645,0.0405501302083333,0.5183333333333333,74.3,5.307142857142858,15.255796965830447
offline_historical,0.1353660620432387,0.038769531249999975,0.4973958333333333,21.2,1.5142857142857147,14.711393788211291
sticky,0.14396277656022058,0.040294596354166635,0.5228125,27.6125,1.9723214285714288,15.320034513682208
uncertainty_aware,0.14657098955709327,0.04043294270833331,0.5337500000000001,29.2875,2.091964285714286,15.521867442999419
