seed,family,policy,expected_objective,switches
10301,fast_change,sticky_legacy_hold20,0.18811351350991948,40
10301,fast_change,block16_exploratory,0.1681687887173157,7
10302,fast_change,sticky_legacy_hold20,0.19151925471664105,39
10302,fast_change,block16_exploratory,0.17714344425700518,7
10303,fast_change,sticky_legacy_hold20,0.17535706663718742,42
10303,fast_change,block16_exploratory,0.1592167412164184,7
10304,fast_change,sticky_legacy_hold20,0.14246213161657065,33
10304,fast_change,block16_exploratory,0.13768451195426643,7
10305,fast_change,sticky_legacy_hold20,0.14969024408793466,30
10305,fast_change,block16_exploratory,0.1543913543795804,7
10306,fast_change,sticky_legacy_hold20,0.15829570346827357,45
10306,fast_change,block16_exploratory,0.13619827181668195,7
10307,fast_change,sticky_legacy_hold20,0.2054671560805726,36
10307,fast_change,block16_exploratory,0.18875671420783954,7
10308,fast_change,sticky_legacy_hold20,0.1745902025104966,27
10308,fast_change,block16_exploratory,0.1659192971987193,7
10309,fast_change,sticky_legacy_hold20,0.17263201038287485,29
10309,fast_change,block16_exploratory,0.16861165392818003,7
10310,fast_change,sticky_legacy_hold20,0.17863117216554722,28
10310,fast_change,block16_exploratory,0.16485788597573756,7
10311,fast_change,sticky_legacy_hold20,0.1693221975424457,27
10311,fast_change,block16_exploratory,0.15766208759192113,7
10312,fast_change,sticky_legacy_hold20,0.16847644935354297,40
10312,fast_change,block16_exploratory,0.1519439590422871,7
10313,fast_change,sticky_legacy_hold20,0.15448168838207052,38
10313,fast_change,block16_exploratory,0.1463384986352772,7
10314,fast_change,sticky_legacy_hold20,0.16406765654979602,38
10314,fast_change,block16_exploratory,0.16125246216457007,7
10315,fast_change,sticky_legacy_hold20,0.17873931450130684,29
10315,fast_change,block16_exploratory,0.17410301526193664,7
10316,fast_change,sticky_legacy_hold20,0.173409541203002,47
10316,fast_change,block16_exploratory,0.15039727288014895,7
10317,fast_change,sticky_legacy_hold20,0.1858886229856525,51
10317,fast_change,block16_exploratory,0.16105586745496758,7
10318,fast_change,sticky_legacy_hold20,0.18559383114647163,40
10318,fast_change,block16_exploratory,0.17646646543231576,7
10319,fast_change,sticky_legacy_hold20,0.13777944294144312,40
10319,fast_change,block16_exploratory,0.11912616790556643,7
10320,fast_change,sticky_legacy_hold20,0.1946361394062333,26
10320,fast_change,block16_exploratory,0.19213400209680148,7
10101,fixed_region,sticky_legacy_hold20,0.07983762668579672,10
10101,fixed_region,block16_exploratory,0.10651957526916092,7
10102,fixed_region,sticky_legacy_hold20,0.08427229698043585,27
10102,fixed_region,block16_exploratory,0.10218112515363682,7
10103,fixed_region,sticky_legacy_hold20,0.06435636233328497,20
10103,fixed_region,block16_exploratory,0.06675962669762409,7
10104,fixed_region,sticky_legacy_hold20,0.11472757661681839,25
10104,fixed_region,block16_exploratory,0.10665156507023443,7
10105,fixed_region,sticky_legacy_hold20,0.05758564362833762,21
10105,fixed_region,block16_exploratory,0.06598168035910276,7
10106,fixed_region,sticky_legacy_hold20,0.08146572478014734,39
10106,fixed_region,block16_exploratory,0.07487383912109097,7
10107,fixed_region,sticky_legacy_hold20,0.11786535906411949,49
10107,fixed_region,block16_exploratory,0.11818472631711892,7
10108,fixed_region,sticky_legacy_hold20,0.07538212019249221,17
10108,fixed_region,block16_exploratory,0.10192737222862418,7
10109,fixed_region,sticky_legacy_hold20,0.07387787762902027,15
10109,fixed_region,block16_exploratory,0.07970884146680104,7
10110,fixed_region,sticky_legacy_hold20,0.1509872323443184,46
10110,fixed_region,block16_exploratory,0.13724211819361085,7
10111,fixed_region,sticky_legacy_hold20,0.20769748273824531,17
10111,fixed_region,block16_exploratory,0.19562096333420242,7
10112,fixed_region,sticky_legacy_hold20,0.12776250186092186,35
10112,fixed_region,block16_exploratory,0.12684194652793207,7
10113,fixed_region,sticky_legacy_hold20,0.12303915812388173,20
10113,fixed_region,block16_exploratory,0.10439202826525411,7
10114,fixed_region,sticky_legacy_hold20,0.09156349862723244,29
10114,fixed_region,block16_exploratory,0.08179313212197205,7
10115,fixed_region,sticky_legacy_hold20,0.1577281970810955,46
10115,fixed_region,block16_exploratory,0.1418490478155414,7
10116,fixed_region,sticky_legacy_hold20,0.053244836941367765,10
10116,fixed_region,block16_exploratory,0.07304459963738068,7
10117,fixed_region,sticky_legacy_hold20,0.08997502522671993,11
10117,fixed_region,block16_exploratory,0.1199335052681539,7
10118,fixed_region,sticky_legacy_hold20,0.16756424645510856,23
10118,fixed_region,block16_exploratory,0.15619413063426837,7
10119,fixed_region,sticky_legacy_hold20,0.10326901010741821,23
10119,fixed_region,block16_exploratory,0.11141592529549518,7
10120,fixed_region,sticky_legacy_hold20,0.23020156862184843,17
10120,fixed_region,block16_exploratory,0.22283344426382634,7
10001,near_tie,sticky_legacy_hold20,0.2442305538555738,13
10001,near_tie,block16_exploratory,0.24043301740706652,7
10002,near_tie,sticky_legacy_hold20,0.03466185298723613,10
10002,near_tie,block16_exploratory,0.03198951102792709,7
10003,near_tie,sticky_legacy_hold20,0.02841126916919945,8
10003,near_tie,block16_exploratory,0.02780037648053258,7
10004,near_tie,sticky_legacy_hold20,0.027707745049256098,7
10004,near_tie,block16_exploratory,0.02776411575056931,7
10005,near_tie,sticky_legacy_hold20,0.243936145475216,11
10005,near_tie,block16_exploratory,0.2423538584461775,7
10006,near_tie,sticky_legacy_hold20,0.02782043061444064,7
10006,near_tie,block16_exploratory,0.02778942061041282,7
10007,near_tie,sticky_legacy_hold20,0.1873006146516442,11
10007,near_tie,block16_exploratory,0.18476898892589588,7
10008,near_tie,sticky_legacy_hold20,0.030298973928037962,11
10008,near_tie,block16_exploratory,0.027688341435710227,7
10009,near_tie,sticky_legacy_hold20,0.05781021984128382,17
10009,near_tie,block16_exploratory,0.05314830873937255,7
10010,near_tie,sticky_legacy_hold20,0.1437902736523868,46
10010,near_tie,block16_exploratory,0.11982999355656569,7
10011,near_tie,sticky_legacy_hold20,0.04188858009675212,12
10011,near_tie,block16_exploratory,0.03913789907892133,7
10012,near_tie,sticky_legacy_hold20,0.029688679341525838,10
10012,near_tie,block16_exploratory,0.02769420561830113,7
10013,near_tie,sticky_legacy_hold20,0.05591959847605589,17
10013,near_tie,block16_exploratory,0.048489524386648476,7
10014,near_tie,sticky_legacy_hold20,0.03211272699147445,14
10014,near_tie,block16_exploratory,0.027658077431450115,7
10015,near_tie,sticky_legacy_hold20,0.06461244025500702,15
10015,near_tie,block16_exploratory,0.06207961435246312,7
10016,near_tie,sticky_legacy_hold20,0.18093204496393056,19
10016,near_tie,block16_exploratory,0.17447869437923752,7
10017,near_tie,sticky_legacy_hold20,0.028650874160764676,8
10017,near_tie,block16_exploratory,0.027778291780923444,7
10018,near_tie,sticky_legacy_hold20,0.02906953895640863,9
10018,near_tie,block16_exploratory,0.02771779049187344,7
10019,near_tie,sticky_legacy_hold20,0.12034379533609728,20
10019,near_tie,block16_exploratory,0.11037496011275195,7
10020,near_tie,sticky_legacy_hold20,0.3712745995335821,14
10020,near_tie,block16_exploratory,0.36736424417216884,7
10201,slow_change,sticky_legacy_hold20,0.20529639512382172,39
10201,slow_change,block16_exploratory,0.18559758893264403,7
10202,slow_change,sticky_legacy_hold20,0.14877791894793388,16
10202,slow_change,block16_exploratory,0.14198266927595118,7
10203,slow_change,sticky_legacy_hold20,0.20664761591078148,21
10203,slow_change,block16_exploratory,0.20085416119263125,7
10204,slow_change,sticky_legacy_hold20,0.22222898571533173,16
10204,slow_change,block16_exploratory,0.22190527038288688,7
10205,slow_change,sticky_legacy_hold20,0.20817355780041905,32
10205,slow_change,block16_exploratory,0.19378522479761434,7
10206,slow_change,sticky_legacy_hold20,0.20424601107138982,26
10206,slow_change,block16_exploratory,0.19974234434131535,7
10207,slow_change,sticky_legacy_hold20,0.19221053313212685,20
10207,slow_change,block16_exploratory,0.19462474877940306,7
10208,slow_change,sticky_legacy_hold20,0.178117580686068,19
10208,slow_change,block16_exploratory,0.16896853213427157,7
10209,slow_change,sticky_legacy_hold20,0.1731067981020992,23
10209,slow_change,block16_exploratory,0.17267875473801658,7
10210,slow_change,sticky_legacy_hold20,0.16154841926056768,32
10210,slow_change,block16_exploratory,0.15258459682155928,7
10211,slow_change,sticky_legacy_hold20,0.155290371026697,26
10211,slow_change,block16_exploratory,0.1468986175059376,7
10212,slow_change,sticky_legacy_hold20,0.1847722366360089,23
10212,slow_change,block16_exploratory,0.17895094834452283,7
10213,slow_change,sticky_legacy_hold20,0.1500989813661539,20
10213,slow_change,block16_exploratory,0.1551173958733886,7
10214,slow_change,sticky_legacy_hold20,0.13840109557634275,21
10214,slow_change,block16_exploratory,0.1304020652614247,7
10215,slow_change,sticky_legacy_hold20,0.21042176028611717,32
10215,slow_change,block16_exploratory,0.1979762131148006,7
10216,slow_change,sticky_legacy_hold20,0.19350606255798855,50
10216,slow_change,block16_exploratory,0.17139397341742377,7
10217,slow_change,sticky_legacy_hold20,0.1598610468501344,35
10217,slow_change,block16_exploratory,0.1461445648773068,7
10218,slow_change,sticky_legacy_hold20,0.19847050238904085,23
10218,slow_change,block16_exploratory,0.18985609826523245,7
10219,slow_change,sticky_legacy_hold20,0.25210449566456244,16
10219,slow_change,block16_exploratory,0.2437442403057629,7
10220,slow_change,sticky_legacy_hold20,0.18611113235109353,31
10220,slow_change,block16_exploratory,0.17210761237063876,7
