condition,ratio,minimum_cluster_ratio,maximum_cluster_ratio,completion,gate_rate,mean_cpu_ms
A_500_12,1.0000008480296447,1.0000007805273354,1.0000008824050473,1.0,0.0,105.46875
A_500_28,1.0000027373710882,1.0000024171861548,1.0000030527510186,1.0,0.0,41.015625
A_5_12,1.0000037380214168,1.000003626787949,1.0000038790330275,1.0,0.0,64.453125
A_5_28,1.0000007253709906,1.0000006131631938,1.0000009282647002,1.0,0.0,201.171875
C_500_12,1.000003636470436,1.0000035952012705,1.000003682246286,1.0,0.0,20.833333333333332
C_500_28,1.0000008192149668,1.0000007942458724,1.0000008475116422,1.0,0.0,56.640625
C_5_12,1.0000007718500359,1.0000007482207158,1.0000008090213361,1.0,0.0,132.16145833333334
C_5_28,0.8973202166011531,0.8768990843664282,0.9284270988267729,1.0,1.0,22.786458333333332
E_500_12,1.0000012601532597,1.0000012332875612,1.0000012883925355,1.0,0.0,34.505208333333336
E_500_28,1.0000043567416859,1.0000037469297312,1.0000047855268257,1.0,0.0,13.020833333333334
E_5_12,1.000006040623162,1.000005922283328,1.00000642582837,1.0,0.0,11.067708333333334
E_5_28,1.000001345784858,1.0000012978367991,1.0000014243501232,1.0,0.0,33.854166666666664
