engine,family,method,count,min,median,p05
synthetic,abrupt,merged_absolute,1089,0.2536486282260221,0.6439944207680306,0.2960514550047467
synthetic,abrupt,phase_absolute,1176,0.25120924689750274,0.7508330760197023,0.34203035722543484
synthetic,abrupt,phase_relative,2016,0.25320159247351226,0.6097264615587359,0.2880005090205531
synthetic,abrupt,r6_deep,1089,0.25364862822588974,0.6439944207679164,0.2960514550046279
synthetic,abrupt,relative_radau,2016,0.25320159247351226,0.6097264615587359,0.2880005090205531
synthetic,moderate,merged_absolute,150,0.2944317787801701,0.3318927528212881,0.30021500289573616
synthetic,moderate,phase_absolute,348,0.43238402346979016,0.48734975524467467,0.43733290156813986
synthetic,moderate,phase_relative,348,0.43238402346979016,0.48734975524467467,0.43733290156813986
synthetic,moderate,r6_deep,150,0.2944317787801084,0.3318927528212302,0.30021500289567543
synthetic,moderate,relative_radau,348,0.43238402346979016,0.48734975524467467,0.43733290156813986
synthetic,slow,merged_absolute,1443,0.25155279425322896,0.69620418317568,0.3182103524811719
synthetic,slow,phase_absolute,1491,0.2507001728048716,0.7769934285329481,0.30720594947735913
synthetic,slow,phase_relative,2328,0.2504783631072461,0.7073524340347922,0.27852575005542446
synthetic,slow,r6_deep,1443,0.2515527942531346,0.6962041831755854,0.31821035248100354
synthetic,slow,relative_radau,2328,0.2504783631072461,0.7073524340347922,0.27852575005542446
tdl,abrupt,merged_absolute,1464,0.2541451013811561,0.753939205005325,0.31377996304672046
tdl,abrupt,phase_absolute,1548,0.25226913654887595,0.7616868351731572,0.3138398789236496
tdl,abrupt,phase_relative,2295,0.25038706148050105,0.7527145196006321,0.3534528295001052
tdl,abrupt,r6_deep,312,0.2990342534413812,0.5049279672307977,0.3121141885810704
tdl,abrupt,relative_radau,2295,0.25038706148050105,0.7527145196006321,0.3534528295001052
tdl,moderate,merged_absolute,411,0.25409258624581443,0.565516975651011,0.2809786302802338
tdl,moderate,phase_absolute,453,0.2501616305711003,0.552147597749929,0.2775839929170397
tdl,moderate,phase_relative,1548,0.25057463174429684,0.4143665390381682,0.2741388458932771
tdl,moderate,relative_radau,1548,0.25057463174429684,0.4143665390381682,0.2741388458932771
tdl,slow,merged_absolute,2301,0.25036569750129234,0.7520709095088244,0.3071674963036369
tdl,slow,phase_absolute,2301,0.25051326541681823,0.7679053056949393,0.3045044321036632
tdl,slow,phase_relative,2373,0.2520029482385852,0.7892710620383399,0.40866467712580096
tdl,slow,r6_deep,459,0.25610164606211766,0.580190950366865,0.26533418573326367
tdl,slow,relative_radau,2373,0.2520029482385852,0.7892710620383399,0.40866467712580096
