condition,noise_anchor,noise_current,direction,amplitude,alignment,epsilon,gamma,optimal_gamma,minimum_loewner
1.0,0.01,0.01,parallel,0.0001,none,0.2989751424284822,0.09219634264547817,0.9999999999999998,0.01815607314709044
1.0,0.01,0.01,parallel,0.0001,common,5.637273236471366e-05,0.9994364315481788,0.9999999999999998,1.1271369036423146e-05
1.0,0.01,0.01,parallel,0.0001,row,2.9556583886452886e-05,0.9997044778374621,0.9999999999999998,5.910443250756875e-06
1.0,0.01,0.01,parallel,0.01,none,0.3087675920203191,0.08736387507897489,0.9999999999999998,0.018252722498420505
1.0,0.01,0.01,parallel,0.01,common,0.005649048983663767,0.9450825684938995,0.9999999999999998,0.0010983486301220091
1.0,0.01,0.01,parallel,0.01,row,0.0030006999664850733,0.9704398331766707,0.9999999999999998,0.0005912033364665857
1.0,0.01,0.01,parallel,0.1,none,0.39803399739352885,0.05622119858776054,0.9999999999999998,0.018875576028244793
1.0,0.01,0.01,parallel,0.1,common,0.057578414133222074,0.5665934475356579,0.9999999999999998,0.008668131049286844
1.0,0.01,0.01,parallel,0.1,row,0.033974874613644596,0.7130986071302156,0.9999999999999998,0.005738027857395691
1.0,0.01,0.01,weak,0.0001,none,0.2989751424284822,0.09219634264547817,0.9999999999999998,0.01815607314709044
1.0,0.01,0.01,weak,0.0001,common,5.637273236471366e-05,0.9994364315481788,0.9999999999999998,1.1271369036423146e-05
1.0,0.01,0.01,weak,0.0001,row,2.9556583886452886e-05,0.9997044778374621,0.9999999999999998,5.910443250756875e-06
1.0,0.01,0.01,weak,0.01,none,0.3087675920203191,0.08736387507897489,0.9999999999999998,0.018252722498420505
1.0,0.01,0.01,weak,0.01,common,0.005649048983663767,0.9450825684938995,0.9999999999999998,0.0010983486301220091
1.0,0.01,0.01,weak,0.01,row,0.0030006999664850733,0.9704398331766707,0.9999999999999998,0.0005912033364665857
1.0,0.01,0.01,weak,0.1,none,0.39803399739352885,0.05622119858776054,0.9999999999999998,0.018875576028244793
1.0,0.01,0.01,weak,0.1,common,0.057578414133222074,0.5665934475356579,0.9999999999999998,0.008668131049286844
1.0,0.01,0.01,weak,0.1,row,0.033974874613644596,0.7130986071302156,0.9999999999999998,0.005738027857395691
1.0,0.01,0.01,transverse,0.0001,none,0.2989762649472169,0.09219576721680695,0.9992788276367371,0.018156083417341755
1.0,0.01,0.01,transverse,0.0001,common,0.00010000000001611278,0.9990004998748108,0.9992788276367371,9.638305521979708e-06
1.0,0.01,0.01,transverse,0.0001,row,0.00010000000001643956,0.9990004998748074,0.9992788276367371,9.638305522080254e-06
1.0,0.01,0.01,transverse,0.01,none,0.30887626494721704,0.08731228191171217,0.9302935588460008,0.01824178268962603
1.0,0.01,0.01,transverse,0.01,common,0.010000000000016256,0.9048750780273233,0.9302935588460008,0.0009130089226174157
1.0,0.01,0.01,transverse,0.01,row,0.01000000000001658,0.9048750780273205,0.9302935588460008,0.0009130089226174777
1.0,0.01,0.01,transverse,0.1,none,0.39887626494721834,0.05600917291062778,0.48448871109425584,0.01789993688091635
1.0,0.01,0.01,transverse,0.1,common,0.10000000000001755,0.3819660112500344,0.48448871109425584,0.005473339636062473
1.0,0.01,0.01,transverse,0.1,row,0.10000000000001784,0.3819660112500333,0.48448871109425584,0.005473339636062473
1.0,1e-06,1e-06,parallel,0.0001,none,0.2989751424284822,1.1187166968924838e-05,0.9999999999999998,0.010000888117143145
1.0,1e-06,1e-06,parallel,0.0001,common,5.637273236471366e-05,0.9451938213010735,0.9999999999999998,0.0005481165931679639
1.0,1e-06,1e-06,parallel,0.0001,row,2.9556583886452886e-05,0.9708769845671267,0.9999999999999998,0.0002912592773441653
1.0,1e-06,1e-06,parallel,0.01,none,0.3087675920203191,1.0488840171403962e-05,0.9999999999999998,0.010000895101109446
1.0,1e-06,1e-06,parallel,0.01,common,0.005649048983663767,0.029513986891721418,0.9999999999999998,0.009705830617095896
1.0,1e-06,1e-06,parallel,0.01,row,0.0030006999664850733,0.09163750253541082,0.9999999999999998,0.009084533337143357
1.0,1e-06,1e-06,parallel,0.1,none,0.39803399739352885,6.311813838555282e-06,0.9999999999999998,0.010000936875549801
1.0,1e-06,1e-06,parallel,0.1,common,0.057578414133222074,0.00030145238499218403,0.9999999999999998,0.009997985174697695
1.0,1e-06,1e-06,parallel,0.1,row,0.033974874613644596,0.0008648340186727465,0.9999999999999998,0.009992350794979255
1.0,1e-06,1e-06,weak,0.0001,none,0.2989751424284822,1.1187166968924838e-05,0.9999999999999998,0.010000888117143145
1.0,1e-06,1e-06,weak,0.0001,common,5.637273236471366e-05,0.9451938213010735,0.9999999999999998,0.0005481165931679639
1.0,1e-06,1e-06,weak,0.0001,row,2.9556583886452886e-05,0.9708769845671267,0.9999999999999998,0.0002912592773441653
1.0,1e-06,1e-06,weak,0.01,none,0.3087675920203191,1.0488840171403962e-05,0.9999999999999998,0.010000895101109446
1.0,1e-06,1e-06,weak,0.01,common,0.005649048983663767,0.029513986891721418,0.9999999999999998,0.009705830617095896
1.0,1e-06,1e-06,weak,0.01,row,0.0030006999664850733,0.09163750253541082,0.9999999999999998,0.009084533337143357
1.0,1e-06,1e-06,weak,0.1,none,0.39803399739352885,6.311813838555282e-06,0.9999999999999998,0.010000936875549801
1.0,1e-06,1e-06,weak,0.1,common,0.057578414133222074,0.00030145238499218403,0.9999999999999998,0.009997985174697695
1.0,1e-06,1e-06,weak,0.1,row,0.033974874613644596,0.0008648340186727465,0.9999999999999998,0.009992350794979255
1.0,1e-06,1e-06,transverse,0.0001,none,0.2989762649472169,1.1187082965601218e-05,0.9989830026477252,0.010000887915688969
1.0,1e-06,1e-06,transverse,0.0001,common,0.00010000000001611278,0.9048750780129085,0.9989830026477252,0.0009512470784713722
1.0,1e-06,1e-06,transverse,0.0001,row,0.00010000000001643956,0.9048750780126132,0.9989830026477252,0.0009512470784743081
1.0,1e-06,1e-06,transverse,0.01,none,0.30887626494721704,1.0481460979920086e-05,0.903092822851666,0.009998714192197241
1.0,1e-06,1e-06,transverse,0.01,common,0.010000000000016256,0.009804864072120162,0.903092822851666,0.009899748268559336
1.0,1e-06,1e-06,transverse,0.01,row,0.01000000000001658,0.00980486407211954,0.903092822851666,0.009899748268559442
1.0,1e-06,1e-06,transverse,0.1,none,0.39887626494721834,6.28518625087015e-06,0.3628570805189771,0.009644425542798618
1.0,1e-06,1e-06,transverse,0.1,common,0.10000000000001755,9.998000499856249e-05,0.3628570805189771,0.009642504592776109
1.0,1e-06,1e-06,transverse,0.1,row,0.10000000000001784,9.998000499856194e-05,0.3628570805189771,0.009642504592776109
1.0,0.01,0.1,parallel,0.0001,none,0.2989751424284822,0.5148328293487622,1.0891089108910894,0.09970334341302477
1.0,0.01,0.1,parallel,0.0001,common,5.637273236471366e-05,0.99999996469014,1.0891089108910894,0.09000000070619721
1.0,0.01,0.1,parallel,0.0001,row,2.9556583886452886e-05,0.9999999902933977,1.0891089108910894,0.09000000019413205
1.0,0.01,0.1,parallel,0.01,none,0.3087675920203191,0.49913633815365244,1.0891089108910894,0.10001727323692697
1.0,0.01,0.1,parallel,0.01,common,0.005649048983663767,0.9996455645830915,1.0891089108910894,0.09000708870833818
1.0,0.01,0.1,parallel,0.01,row,0.0030006999664850733,0.99989996445022,1.0891089108910894,0.09000200071099561
1.0,0.01,0.1,parallel,0.1,none,0.39803399739352885,0.3778539445852059,1.0891089108910894,0.10244292110829589
1.0,0.01,0.1,parallel,0.1,common,0.057578414133222074,0.964606578349291,1.0891089108910894,0.09070786843301419
1.0,0.01,0.1,parallel,0.1,row,0.033974874613644596,0.9873544844924801,1.0891089108910894,0.09025291031015041
1.0,0.01,0.1,weak,0.0001,none,0.2989751424284822,0.5148328293487622,1.0891089108910894,0.09970334341302477
1.0,0.01,0.1,weak,0.0001,common,5.637273236471366e-05,0.99999996469014,1.0891089108910894,0.09000000070619721
1.0,0.01,0.1,weak,0.0001,row,2.9556583886452886e-05,0.9999999902933977,1.0891089108910894,0.09000000019413205
1.0,0.01,0.1,weak,0.01,none,0.3087675920203191,0.49913633815365244,1.0891089108910894,0.10001727323692697
1.0,0.01,0.1,weak,0.01,common,0.005649048983663767,0.9996455645830915,1.0891089108910894,0.09000708870833818
1.0,0.01,0.1,weak,0.01,row,0.0030006999664850733,0.99989996445022,1.0891089108910894,0.09000200071099561
1.0,0.01,0.1,weak,0.1,none,0.39803399739352885,0.3778539445852059,1.0891089108910894,0.10244292110829589
1.0,0.01,0.1,weak,0.1,common,0.057578414133222074,0.964606578349291,1.0891089108910894,0.09070786843301419
1.0,0.01,0.1,weak,0.1,row,0.033974874613644596,0.9873544844924801,1.0891089108910894,0.09025291031015041
1.0,0.01,0.1,transverse,0.0001,none,0.2989762649472169,0.5148310018513361,1.0890098454072994,0.09970336893452804
1.0,0.01,0.1,transverse,0.0001,common,0.00010000000001611278,0.999999888888874,1.0890098454072994,0.08985457215990794
1.0,0.01,0.1,transverse,0.0001,row,0.00010000000001643956,0.999999888888874,1.0890098454072994,0.08985457215990794
1.0,0.01,0.1,transverse,0.01,none,0.30887626494721704,0.4989649022366339,1.0786389527348237,0.09991644772397723
1.0,0.01,0.1,transverse,0.01,common,0.010000000000016256,0.9988902587708443,1.0786389527348237,0.07637278427040237
1.0,0.01,0.1,transverse,0.01,row,0.01000000000001658,0.9988902587708443,1.0786389527348237,0.07637278427040237
1.0,0.01,0.1,transverse,0.1,none,0.39887626494721834,0.3768842820798813,0.9324078228527015,0.09571511908375964
1.0,0.01,0.1,transverse,0.1,common,0.10000000000001755,0.9009804864071583,0.9324078228527015,0.016805828263425884
1.0,0.01,0.1,transverse,0.1,row,0.10000000000001784,0.900980486407158,0.9324078228527015,0.016805828263426064
1.0,0.1,0.01,parallel,0.0001,none,0.2989751424284822,0.051483282934876216,0.1818181818181818,0.01433683887716362
1.0,0.1,0.01,parallel,0.0001,common,5.637273236471366e-05,0.099999996469014,0.1818181818181818,0.009000000388408463
1.0,0.1,0.01,parallel,0.0001,row,2.9556583886452886e-05,0.09999999902933977,0.1818181818181818,0.009000000106772628
1.0,0.1,0.01,parallel,0.01,none,0.3087675920203191,0.04991363381536525,0.1818181818181818,0.014509500280309826
1.0,0.1,0.01,parallel,0.01,common,0.005649048983663767,0.09996455645830915,0.1818181818181818,0.009003898789585995
1.0,0.1,0.01,parallel,0.01,row,0.0030006999664850733,0.099989996445022,0.1818181818181818,0.009001100391047583
1.0,0.1,0.01,parallel,0.1,none,0.39803399739352885,0.037785394458520596,0.1818181818181818,0.015843606609562737
1.0,0.1,0.01,parallel,0.1,common,0.057578414133222074,0.0964606578349291,0.1818181818181818,0.0093893276381578
1.0,0.1,0.01,parallel,0.1,row,0.033974874613644596,0.09873544844924802,0.1818181818181818,0.00913910067058272
1.0,0.1,0.01,weak,0.0001,none,0.2989751424284822,0.051483282934876216,0.1818181818181818,0.01433683887716362
1.0,0.1,0.01,weak,0.0001,common,5.637273236471366e-05,0.099999996469014,0.1818181818181818,0.009000000388408463
1.0,0.1,0.01,weak,0.0001,row,2.9556583886452886e-05,0.09999999902933977,0.1818181818181818,0.009000000106772628
1.0,0.1,0.01,weak,0.01,none,0.3087675920203191,0.04991363381536525,0.1818181818181818,0.014509500280309826
1.0,0.1,0.01,weak,0.01,common,0.005649048983663767,0.09996455645830915,0.1818181818181818,0.009003898789585995
1.0,0.1,0.01,weak,0.01,row,0.0030006999664850733,0.099989996445022,0.1818181818181818,0.009001100391047583
1.0,0.1,0.01,weak,0.1,none,0.39803399739352885,0.037785394458520596,0.1818181818181818,0.015843606609562737
1.0,0.1,0.01,weak,0.1,common,0.057578414133222074,0.0964606578349291,0.1818181818181818,0.0093893276381578
1.0,0.1,0.01,weak,0.1,row,0.033974874613644596,0.09873544844924802,0.1818181818181818,0.00913910067058272
1.0,0.1,0.01,transverse,0.0001,none,0.2989762649472169,0.051483100185133614,0.181818159369325,0.014336858223697554
1.0,0.1,0.01,transverse,0.0001,common,0.00010000000001611278,0.0999999888888874,0.181818159369325,0.008999999886447197
1.0,0.1,0.01,transverse,0.0001,row,0.00010000000001643956,0.0999999888888874,0.181818159369325,0.008999999886447197
1.0,0.1,0.01,transverse,0.01,none,0.30887626494721704,0.049896490223663395,0.18159186127086582,0.014503831175696204
1.0,0.1,0.01,transverse,0.01,common,0.010000000000016256,0.09988902587708443,0.18159186127086582,0.008998668251629358
1.0,0.1,0.01,transverse,0.01,row,0.01000000000001658,0.09988902587708443,0.18159186127086582,0.008998668251629358
1.0,0.1,0.01,transverse,0.1,none,0.39887626494721834,0.03768842820798813,0.16031313346864332,0.015086404845503073
1.0,0.1,0.01,transverse,0.1,common,0.10000000000001755,0.09009804864071584,0.16031313346864332,0.008691840417512642
1.0,0.1,0.01,transverse,0.1,row,0.10000000000001784,0.0900980486407158,0.16031313346864332,0.00869184041751267
10000.0,0.01,0.01,parallel,0.0001,none,0.2989751424284822,0.09219634264547817,0.9999999999999998,0.009078045651581792
10000.0,0.01,0.01,parallel,0.0001,common,2.9571713826706446e-05,0.999704326582785,0.9999999999999998,2.9567371288841127e-06
10000.0,0.01,0.01,parallel,0.0001,row,2.955658388623084e-05,0.9997044778374643,0.9999999999999998,2.955224580578758e-06
10000.0,0.01,0.01,parallel,0.01,none,0.3087675920203191,0.08736387507897489,0.9999999999999998,0.009126370375571501
10000.0,0.01,0.01,parallel,0.01,common,0.00300217714777436,0.9704254997408645,0.9999999999999998,0.0002957452983363574
10000.0,0.01,0.01,parallel,0.01,row,0.0030006999664848513,0.970439833176673,0.9999999999999998,0.00029560196383493845
10000.0,0.01,0.01,parallel,0.1,none,0.39803399739352885,0.05622119858776054,0.9999999999999998,0.00943779745191041
10000.0,0.01,0.01,parallel,0.1,common,0.03398679237885366,0.7130148273549216,0.9999999999999998,0.0028698545963025106
10000.0,0.01,0.01,parallel,0.1,row,0.033974874613644374,0.7130986071302172,0.9999999999999998,0.0028690167977117563
10000.0,0.01,0.01,weak,0.0001,none,0.2988762649472169,0.09224704944850523,0.9999999999999998,0.009077554493448586
10000.0,0.01,0.01,weak,0.0001,common,9.999999911246819e-05,0.9990004998838379,0.9999999999999998,1.0010921560756059e-05
10000.0,0.01,0.01,weak,0.0001,row,6.096709023413881e-05,0.9993905149186079,0.9999999999999998,6.110767312906065e-06
10000.0,0.01,0.01,weak,0.01,none,0.2988762649472169,0.09224704944850523,0.9999999999999998,0.009178129623457775
10000.0,0.01,0.01,weak,0.01,common,0.009999999909653019,0.9048750788439776,0.9999999999999998,0.0010518412032227593
10000.0,0.01,0.01,weak,0.01,row,0.009930006999681041,0.9055078636989755,0.9999999999999998,0.0010455133483449307
10000.0,0.01,0.01,weak,0.1,none,0.2988762649472169,0.09224704944850523,0.9999999999999998,0.0181550590110299
10000.0,0.01,0.01,weak,0.1,common,0.09999999909638989,0.381966014337195,0.9999999999999998,0.012360679713256103
10000.0,0.01,0.01,weak,0.1,row,0.09992959764058214,0.38220662711135844,0.9999999999999998,0.012355867457772833
10000.0,0.01,0.01,transverse,0.0001,none,0.2989762649472169,0.09219576721680695,0.999002943178486,0.009078050390270383
10000.0,0.01,0.01,transverse,0.0001,common,0.00010000000001598864,0.9990004998748121,0.999002943178486,4.847285754662277e-08
10000.0,0.01,0.01,transverse,0.0001,row,0.00010000000001643956,0.9990004998748074,0.999002943178486,4.847285763877318e-08
10000.0,0.01,0.01,transverse,0.01,none,0.30086590511315364,0.09123425786515947,0.9051582930212755,0.00907762532519772
10000.0,0.01,0.01,transverse,0.01,common,0.010000000000016131,0.9048750780273246,0.9051582930212755,5.90153738240509e-06
10000.0,0.01,0.01,transverse,0.01,row,0.01000000000001658,0.9048750780273205,0.9051582930212755,5.9015373824896575e-06
10000.0,0.01,0.01,transverse,0.1,none,0.3467279810738662,0.07168280741544664,0.390309796218376,0.00857595130260902
10000.0,0.01,0.01,transverse,0.1,common,0.10000000000001741,0.3819660112500348,0.390309796218376,0.00029087378594228736
10000.0,0.01,0.01,transverse,0.1,row,0.10000000000001784,0.3819660112500333,0.390309796218376,0.00029087378594233593
10000.0,1e-06,1e-06,parallel,0.0001,none,0.2989751424284822,1.1187166968924838e-05,0.9999999999999998,1.0099887009613612e-06
10000.0,1e-06,1e-06,parallel,0.0001,common,2.9571713826706446e-05,0.9708622969720717,0.9999999999999998,2.9429080058207592e-08
10000.0,1e-06,1e-06,parallel,0.0001,row,2.955658388623084e-05,0.9708769845673422,0.9999999999999998,2.9414245586984505e-08
10000.0,1e-06,1e-06,parallel,0.01,none,0.3087675920203191,1.0488840171403962e-05,0.9999999999999998,1.0099894062714268e-06
10000.0,1e-06,1e-06,parallel,0.01,common,0.00300217714777436,0.09156247108423811,0.9999999999999998,9.175219042049193e-07
10000.0,1e-06,1e-06,parallel,0.01,row,0.0030006999664848513,0.09163750253542209,0.9999999999999998,9.174461224392235e-07
10000.0,1e-06,1e-06,parallel,0.1,none,0.39803399739352885,6.311813838555282e-06,0.9999999999999998,1.009993625068023e-06
10000.0,1e-06,1e-06,parallel,0.1,common,0.03398679237885366,0.0008642286490893825,0.9999999999999998,1.0091271290644197e-06
10000.0,1e-06,1e-06,parallel,0.1,row,0.033974874613644374,0.0008648340186727575,0.9999999999999998,1.0091265176411404e-06
10000.0,1e-06,1e-06,weak,0.0001,none,0.2988762649472169,1.1194570146949297e-05,0.9999999999999998,1.0258990976173782e-06
10000.0,1e-06,1e-06,weak,0.0001,common,9.999999911246819e-05,0.9048750788295737,0.9999999999999998,1.1198657451535734e-07
10000.0,1e-06,1e-06,weak,0.0001,row,6.096709023413881e-05,0.9408630826609101,0.9999999999999998,7.563869064570764e-08
10000.0,1e-06,1e-06,weak,0.01,none,0.2988762649472169,1.1194570146949297e-05,0.9999999999999998,0.00010160102910680683
10000.0,1e-06,1e-06,weak,0.01,common,0.009999999909653019,0.009804864245878914,0.9999999999999998,0.00010159113750043433
10000.0,1e-06,1e-06,weak,0.01,row,0.009930006999681041,0.009940842229660815,0.9999999999999998,0.00010159100016267072
10000.0,1e-06,1e-06,weak,0.1,none,0.2988762649472169,1.1194570146949297e-05,0.9999999999999998,0.01000088804310396
10000.0,1e-06,1e-06,weak,0.1,common,0.09999999909638989,9.998000680509521e-05,0.9999999999999998,0.010000000099951943
10000.0,1e-06,1e-06,weak,0.1,row,0.09992959764058214,0.00010012090215190991,0.9999999999999998,0.00999999869085758
10000.0,1e-06,1e-06,transverse,0.0001,none,0.2989762649472169,1.1187082965601218e-05,0.9053235715814104,1.0099885775042917e-06
10000.0,1e-06,1e-06,transverse,0.0001,common,0.00010000000001598864,0.9048750780130207,0.9053235715814104,9.509699826441275e-10
10000.0,1e-06,1e-06,transverse,0.0001,row,0.00010000000001643956,0.9048750780126132,0.9053235715814104,9.509699832946488e-10
10000.0,1e-06,1e-06,transverse,0.01,none,0.30086590511315364,1.1047002550780285e-05,0.009885664962526802,1.007332095272409e-06
10000.0,1e-06,1e-06,transverse,0.01,common,0.010000000000016131,0.009804864072120403,0.009885664962526802,8.32340132490107e-09
10000.0,1e-06,1e-06,transverse,0.01,row,0.01000000000001658,0.00980486407211954,0.009885664962526802,8.32340132490107e-09
10000.0,1e-06,1e-06,transverse,0.1,none,0.3467279810738662,8.317924873029448e-06,0.005010150732184821,4.9294242385192185e-05
10000.0,1e-06,1e-06,transverse,0.1,common,0.10000000000001741,9.998000499856278e-05,0.005010150732184821,4.839520775090319e-05
10000.0,1e-06,1e-06,transverse,0.1,row,0.10000000000001784,9.998000499856194e-05,0.005010150732184821,4.839520775090319e-05
10000.0,0.01,0.1,parallel,0.0001,none,0.2989751424284822,0.5148328293487622,1.0891674396448836,0.09485167655818408
10000.0,0.01,0.1,parallel,0.0001,common,2.9571713826706446e-05,0.9999999902834577,1.0891674396448836,0.09000000009716552
10000.0,0.01,0.1,parallel,0.0001,row,2.955658388623084e-05,0.9999999902933977,1.0891674396448836,0.09000000009706612
10000.0,0.01,0.1,parallel,0.01,none,0.3087675920203191,0.49913633815365244,1.095059806072502,0.0950086416271001
10000.0,0.01,0.1,parallel,0.01,common,0.00300217714777436,0.9998998659461568,1.095059806072502,0.09000100134153977
10000.0,0.01,0.1,parallel,0.01,row,0.0030006999664848513,0.99989996445022,1.095059806072502,0.09000100035649816
10000.0,0.01,0.1,parallel,0.1,none,0.39803399739352885,0.3778539445852059,1.157528753794325,0.0962214667756085
10000.0,0.01,0.1,parallel,0.1,common,0.03398679237885366,0.9873457357170284,1.157528753794325,0.09012654276937236
10000.0,0.01,0.1,parallel,0.1,row,0.033974874613644374,0.9873544844924803,1.157528753794325,0.09012645528153035
10000.0,0.01,0.1,weak,0.0001,none,0.2988762649472169,0.5149938305103533,1.0891089108910894,0.09485008245536229
10000.0,0.01,0.1,weak,0.0001,common,9.999999911246819e-05,0.999999888888876,1.0891089108910894,0.09000000222222249
10000.0,0.01,0.1,weak,0.0001,row,6.096709023413881e-05,0.9999999587001279,1.0891089108910894,0.09000000082599745
10000.0,0.01,0.1,weak,0.01,none,0.2988762649472169,0.5149938305103533,1.0891089108910894,0.09495065758537148
10000.0,0.01,0.1,weak,0.01,common,0.009999999909653019,0.9988902587908755,1.0891089108910894,0.0900221948241825
10000.0,0.01,0.1,weak,0.01,row,0.009930006999681041,0.9989057204104838,1.0891089108910894,0.09002188559179033
10000.0,0.01,0.1,weak,0.1,none,0.2988762649472169,0.5149938305103533,1.0891089108910894,0.09970012338979295
10000.0,0.01,0.1,weak,0.1,common,0.09999999909638989,0.9009804880038397,1.0891089108910894,0.09198039023992322
10000.0,0.01,0.1,weak,0.1,row,0.09992959764058214,0.9011048600243197,1.0891089108910894,0.09197790279951362
10000.0,0.01,0.1,transverse,0.0001,none,0.2989762649472169,0.5148310018513361,1.0891088085586447,0.0948516842217745
10000.0,0.01,0.1,transverse,0.0001,common,0.00010000000001598864,0.999999888888874,1.0891088085586447,0.08989956712413108
10000.0,0.01,0.1,transverse,0.0001,row,0.00010000000001643956,0.999999888888874,1.0891088085586447,0.08989956712413108
10000.0,0.01,0.1,transverse,0.01,none,0.30086590511315364,0.5117637727723271,1.0880869723015867,0.09477754522336346
10000.0,0.01,0.1,transverse,0.01,common,0.010000000000016131,0.9988902587708443,1.0880869723015867,0.08060076250111803
10000.0,0.01,0.1,transverse,0.01,row,0.01000000000001658,0.9988902587708443,1.0880869723015867,0.08060076250111803
10000.0,0.01,0.1,transverse,0.1,none,0.3467279810738662,0.44288661196687595,0.9990182628949495,0.0880359532379953
10000.0,0.01,0.1,transverse,0.1,common,0.10000000000001741,0.9009804864071587,0.9990182628949495,0.03847359963484588
10000.0,0.01,0.1,transverse,0.1,row,0.10000000000001784,0.900980486407158,0.9990182628949495,0.03847359963484607
10000.0,0.1,0.01,parallel,0.0001,none,0.2989751424284822,0.051483282934876216,0.100000089999991,0.004851681191679549
10000.0,0.1,0.01,parallel,0.0001,common,2.9571713826706446e-05,0.09999999902834576,0.100000089999991,9.097165434152066e-09
10000.0,0.1,0.01,parallel,0.0001,row,2.955658388623084e-05,0.09999999902933977,0.100000089999991,9.097066032762169e-09
10000.0,0.1,0.01,parallel,0.01,none,0.3087675920203191,0.04991363381536525,0.100000089999991,0.005008646119327137
10000.0,0.1,0.01,parallel,0.01,common,0.00300217714777436,0.09998998659461568,0.100000089999991,1.0103406385669061e-06
10000.0,0.1,0.01,parallel,0.01,row,0.0030006999664848513,0.099989996445022,0.100000089999991,1.0093555978356317e-06
10000.0,0.1,0.01,parallel,0.1,none,0.39803399739352885,0.037785394458520596,0.100000089999991,0.0062214701762939965
10000.0,0.1,0.01,parallel,0.1,common,0.03398679237885366,0.09873457357170286,0.100000089999991,0.00012655165548397865
10000.0,0.1,0.01,parallel,0.1,row,0.033974874613644374,0.09873544844924804,0.100000089999991,0.00012646416772071033
10000.0,0.1,0.01,weak,0.0001,none,0.2988762649472169,0.05149938305103534,0.1000002491040164,0.0048500870903067685
10000.0,0.1,0.01,weak,0.0001,common,9.999999911246819e-05,0.09999998888888761,0.1000002491040164,2.602151548229681e-08
10000.0,0.1,0.01,weak,0.0001,row,6.096709023413881e-05,0.09999999587001279,0.1000002491040164,2.5323402895460756e-08
10000.0,0.1,0.01,weak,0.01,none,0.2988762649472169,0.05149938305103534,0.10100600030353318,0.004950662220315958
10000.0,0.1,0.01,weak,0.01,common,0.009999999909653019,0.09988902587908755,0.10100600030353318,0.00011169745361431019
10000.0,0.1,0.01,weak,0.01,row,0.009930006999681041,0.09989057204104838,0.10100600030353318,0.00011154283740276438
10000.0,0.1,0.01,weak,0.1,none,0.2988762649472169,0.05149938305103534,0.1818181818181818,0.014335067864386115
10000.0,0.1,0.01,weak,0.1,common,0.09999999909638989,0.09009804880038397,0.1818181818181818,0.010089214631957766
10000.0,0.1,0.01,weak,0.1,row,0.09992959764058214,0.09011048600243196,0.1818181818181818,0.010087846539732487
10000.0,0.1,0.01,transverse,0.0001,none,0.2989762649472169,0.051483100185133614,0.10000007888873971,0.004851698923868519
10000.0,0.1,0.01,transverse,0.0001,common,0.00010000000001598864,0.0999999888888874,0.10000007888873971,8.999987236929054e-09
10000.0,0.1,0.01,transverse,0.0001,row,0.00010000000001643956,0.0999999888888874,0.10000007888873971,8.999987236929054e-09
10000.0,0.1,0.01,transverse,0.01,none,0.30086590511315364,0.05117637727723271,0.09988909726453303,0.00487697639689285
10000.0,0.1,0.01,transverse,0.01,common,0.010000000000016131,0.09988902587708443,0.09988909726453303,7.147556911833779e-09
10000.0,0.1,0.01,transverse,0.01,row,0.01000000000001658,0.09988902587708443,0.09988909726453303,7.147556911833779e-09
10000.0,0.1,0.01,transverse,0.1,none,0.3467279810738662,0.044288661196687604,0.0907264615431347,0.00516565787964418
10000.0,0.1,0.01,transverse,0.1,common,0.10000000000001741,0.09009804864071587,0.0907264615431347,7.02475651011809e-05
10000.0,0.1,0.01,transverse,0.1,row,0.10000000000001784,0.0900980486407158,0.0907264615431347,7.024756510118784e-05
100000000.0,0.01,0.01,parallel,0.0001,none,0.2989751424284822,0.09219634264547817,0.9999999999999998,0.00907803657354531
100000000.0,0.01,0.01,parallel,0.0001,common,2.9571713796593476e-05,0.9997043265830861,0.9999999999999998,2.9567341691388166e-06
100000000.0,0.01,0.01,parallel,0.0001,row,2.955658388623084e-05,0.9997044778374643,0.9999999999999998,2.9552216253576208e-06
100000000.0,0.01,0.01,parallel,0.01,none,0.3087675920203191,0.08736387507897489,0.9999999999999998,0.009126361249210343
100000000.0,0.01,0.01,parallel,0.01,common,0.0030021771448498448,0.9704254997692414,0.9999999999999998,0.0002957450023075882
100000000.0,0.01,0.01,parallel,0.01,row,0.0030006999664848513,0.970439833176673,0.9999999999999998,0.00029560166823327204
100000000.0,0.01,0.01,parallel,0.1,none,0.39803399739352885,0.05622119858776054,0.9999999999999998,0.00943778801412249
100000000.0,0.01,0.01,parallel,0.1,common,0.0339867923552497,0.7130148275208428,0.9999999999999998,0.0028698517247916014
100000000.0,0.01,0.01,parallel,0.1,row,0.033974874613644374,0.7130986071302172,0.9999999999999998,0.0028690139286978566
100000000.0,0.01,0.01,weak,0.0001,none,0.2988762649472169,0.09224704944850523,0.9999999999999998,0.009077539506106078
100000000.0,0.01,0.01,weak,0.0001,common,0.00010000000001609966,0.999000499874811,0.9999999999999998,1.0005001842929018e-05
100000000.0,0.01,0.01,weak,0.0001,row,9.99929556745977e-05,0.9990005702478112,0.9999999999999998,1.0004298112927662e-05
100000000.0,0.01,0.01,weak,0.01,none,0.2988762649472169,0.09224704944850523,0.9999999999999998,0.00917752956461908
100000000.0,0.01,0.01,weak,0.01,common,0.01000000000001624,0.9048750780273235,0.9999999999999998,0.001051249278830815
100000000.0,0.01,0.01,weak,0.01,row,0.009999992955222982,0.9048751416943703,0.9999999999999998,0.0010512486421603469
100000000.0,0.01,0.01,weak,0.1,none,0.2988762649472169,0.09224704944850523,0.9999999999999998,0.0181550590110299
100000000.0,0.01,0.01,weak,0.1,common,0.10000000000001752,0.3819660112500345,0.9999999999999998,0.012360679774999312
100000000.0,0.01,0.01,weak,0.1,row,0.09999999295522015,0.3819660353179365,0.9999999999999998,0.012360679293641272
100000000.0,0.01,0.01,transverse,0.0001,none,0.2989762649472169,0.09219576721680695,0.9990029818985282,0.009078041312241169
100000000.0,0.01,0.01,transverse,0.0001,common,0.00010000000001611278,0.9990004998748108,0.9990029818985282,4.9240062254048775e-08
100000000.0,0.01,0.01,transverse,0.0001,row,0.00010000000001643956,0.9990004998748074,0.9990029818985282,4.9240062319371956e-08
100000000.0,0.01,0.01,transverse,0.01,none,0.30086590362865473,0.09123425861493076,0.9051621594240749,0.009077618213682082
100000000.0,0.01,0.01,transverse,0.01,common,0.010000000000016256,0.9048750780273233,0.9051621594240749,5.981999813777455e-06
100000000.0,0.01,0.01,transverse,0.01,row,0.01000000000001658,0.9048750780273205,0.9051621594240749,5.981999813835568e-06
100000000.0,0.01,0.01,transverse,0.1,none,0.3467279797857236,0.07168280787681751,0.3903410735782537,0.008576774224337141
100000000.0,0.01,0.01,transverse,0.1,common,0.10000000000001755,0.3819660112500344,0.3903410735782537,0.00029196665810943875
100000000.0,0.01,0.01,transverse,0.1,row,0.10000000000001784,0.3819660112500333,0.3903410735782537,0.0002919666581094804
100000000.0,1e-06,1e-06,parallel,0.0001,none,0.2989751424284822,1.1187166968924838e-05,1.0,9.9998881293303e-07
100000000.0,1e-06,1e-06,parallel,0.0001,common,2.9571713796593476e-05,0.9708622970013039,1.0,2.9137703001609932e-08
100000000.0,1e-06,1e-06,parallel,0.0001,row,2.955658388623084e-05,0.9708769845673422,1.0,2.9123015435570193e-08
100000000.0,1e-06,1e-06,parallel,0.01,none,0.3087675920203191,1.0488840171403962e-05,1.0,9.999895112598275e-07
100000000.0,1e-06,1e-06,parallel,0.01,common,0.0030021771448498448,0.09156247123269881,1.0,9.08437528858145e-07
100000000.0,1e-06,1e-06,parallel,0.01,row,0.0030006999664848513,0.09163750253542209,1.0,9.083624975554142e-07
100000000.0,1e-06,1e-06,parallel,0.1,none,0.39803399739352885,6.311813838555282e-06,1.0,9.99993688286161e-07
100000000.0,1e-06,1e-06,parallel,0.1,common,0.0339867923552497,0.00086422865028773,1.0,9.991357714496258e-07
100000000.0,1e-06,1e-06,parallel,0.1,row,0.033974874613644374,0.0008648340186727575,1.0,9.991351660812408e-07
100000000.0,1e-06,1e-06,weak,0.0001,none,0.2988762649472169,1.1194570146949297e-05,0.9999999999999998,1.0099893965702653e-06
100000000.0,1e-06,1e-06,weak,0.0001,common,0.00010000000001609966,0.9048750780129203,0.9999999999999998,1.0512551303700546e-07
100000000.0,1e-06,1e-06,weak,0.0001,row,9.99929556745977e-05,0.904881444332038,0.9999999999999998,1.0511914671788716e-07
100000000.0,1e-06,1e-06,weak,0.01,none,0.2988762649472169,1.1194570146949297e-05,0.9999999999999998,0.0001010000479095712
100000000.0,1e-06,1e-06,weak,0.01,common,0.01000000000001624,0.009804864072120193,0.9999999999999998,0.00010099025424006824
100000000.0,1e-06,1e-06,weak,0.01,row,0.009999992955222982,0.00980487761851107,0.9999999999999998,0.00010099025422652185
100000000.0,1e-06,1e-06,weak,0.1,none,0.2988762649472169,1.1194570146949297e-05,0.9999999999999998,0.01000088804310396
100000000.0,1e-06,1e-06,weak,0.1,common,0.10000000000001752,9.998000499856256e-05,0.9999999999999998,0.01000000009997001
100000000.0,1e-06,1e-06,weak,0.1,row,0.09999999295522015,9.998001908252506e-05,0.9999999999999998,0.010000000099829157
100000000.0,1e-06,1e-06,transverse,0.0001,none,0.2989762649472169,1.1187082965601218e-05,0.9048750780298886,9.999887011415622e-07
100000000.0,1e-06,1e-06,transverse,0.0001,common,0.00010000000001611278,0.9048750780129085,0.9048750780298886,3.553846364146858e-17
100000000.0,1e-06,1e-06,transverse,0.0001,row,0.00010000000001643956,0.9048750780126132,0.9048750780298886,3.6297405165606844e-17
100000000.0,1e-06,1e-06,transverse,0.01,none,0.30086590362865473,1.1047002659791645e-05,0.009805872138583721,9.98983090775523e-07
100000000.0,1e-06,1e-06,transverse,0.01,common,0.010000000000016256,0.009804864072120162,0.009805872138583721,1.0382053794712519e-10
100000000.0,1e-06,1e-06,transverse,0.01,row,0.01000000000001658,0.00980486407211954,0.009805872138583721,1.0382053794712519e-10
100000000.0,1e-06,1e-06,transverse,0.1,none,0.3467279797857236,8.317924934832914e-06,0.005087965994989639,5.006107371361193e-05
100000000.0,1e-06,1e-06,transverse,0.1,common,0.10000000000001755,9.998000499856249e-05,0.005087965994989639,4.916210868775674e-05
100000000.0,1e-06,1e-06,transverse,0.1,row,0.10000000000001784,9.998000499856194e-05,0.005087965994989639,4.916210868775674e-05
100000000.0,0.01,0.1,parallel,0.0001,none,0.2989751424284822,0.5148328293487622,1.0891674396448836,0.09485167170651243
100000000.0,0.01,0.1,parallel,0.0001,common,2.9571713796593476e-05,0.9999999902834577,1.0891674396448836,0.09000000009716543
100000000.0,0.01,0.1,parallel,0.0001,row,2.955658388623084e-05,0.9999999902933977,1.0891674396448836,0.09000000009706602
100000000.0,0.01,0.1,parallel,0.01,none,0.3087675920203191,0.49913633815365244,1.095059806072502,0.09500863661846352
100000000.0,0.01,0.1,parallel,0.01,common,0.0030021771448498448,0.9998998659463518,1.095059806072502,0.09000100134053649
100000000.0,0.01,0.1,parallel,0.01,row,0.0030006999664848513,0.99989996445022,1.095059806072502,0.0900010003554978
100000000.0,0.01,0.1,parallel,0.1,none,0.39803399739352885,0.3778539445852059,1.157528753794325,0.096221460554148
100000000.0,0.01,0.1,parallel,0.1,common,0.0339867923552497,0.9873457357343588,1.157528753794325,0.09012654264265642
100000000.0,0.01,0.1,parallel,0.1,row,0.033974874613644374,0.9873544844924803,1.157528753794325,0.0901264551550752
100000000.0,0.01,0.1,weak,0.0001,none,0.2988762649472169,0.5149938305103533,1.0891089108910894,0.09485007169548756
100000000.0,0.01,0.1,weak,0.0001,common,0.00010000000001609966,0.999999888888874,1.0891089108910894,0.09000000222222253
100000000.0,0.01,0.1,weak,0.0001,row,9.99929556745977e-05,0.9999998889045275,1.0891089108910894,0.09000000222190946
100000000.0,0.01,0.1,weak,0.01,none,0.2988762649472169,0.5149938305103533,1.0891089108910894,0.09495006175400056
100000000.0,0.01,0.1,weak,0.01,common,0.01000000000001624,0.9988902587708443,1.0891089108910894,0.09002219482458312
100000000.0,0.01,0.1,weak,0.01,row,0.009999992955222982,0.9988902603324957,1.0891089108910894,0.0900221947933501
100000000.0,0.01,0.1,weak,0.1,none,0.2988762649472169,0.5149938305103533,1.0891089108910894,0.09970012338979295
100000000.0,0.01,0.1,weak,0.1,common,0.10000000000001752,0.9009804864071586,1.0891089108910894,0.09198039027185684
100000000.0,0.01,0.1,weak,0.1,row,0.09999999295522015,0.9009804988550905,1.0891089108910894,0.0919803900228982
100000000.0,0.01,0.1,transverse,0.0001,none,0.2989762649472169,0.5148310018513361,1.0891088085586478,0.094851679370112
100000000.0,0.01,0.1,transverse,0.0001,common,0.00010000000001611278,0.999999888888874,1.0891088085586478,0.08989956790053347
100000000.0,0.01,0.1,transverse,0.0001,row,0.00010000000001643956,0.999999888888874,1.0891088085586478,0.08989956790053347
100000000.0,0.01,0.1,transverse,0.01,none,0.30086590362865473,0.5117637751747407,1.088086974280327,0.09477754681880465
100000000.0,0.01,0.1,transverse,0.01,common,0.010000000000016256,0.9988902587708443,1.088086974280327,0.08060084428027599
100000000.0,0.01,0.1,transverse,0.01,row,0.01000000000001658,0.9988902587708443,1.088086974280327,0.08060084428027599
100000000.0,0.01,0.1,transverse,0.1,none,0.3467279797857236,0.4428866137540679,0.9990197989063484,0.08803709885614223
100000000.0,0.01,0.1,transverse,0.1,common,0.10000000000001755,0.9009804864071583,0.9990197989063484,0.03847470111813839
100000000.0,0.01,0.1,transverse,0.1,row,0.10000000000001784,0.900980486407158,0.9990197989063484,0.03847470111813849
100000000.0,0.1,0.01,parallel,0.0001,none,0.2989751424284822,0.051483282934876216,0.1000000000000009,0.004851671706512474
100000000.0,0.1,0.01,parallel,0.0001,common,2.9571713796593476e-05,0.09999999902834576,0.1000000000000009,9.71655134823779e-11
100000000.0,0.1,0.01,parallel,0.0001,row,2.955658388623084e-05,0.09999999902933977,0.1000000000000009,9.706611382720443e-11
100000000.0,0.1,0.01,parallel,0.01,none,0.3087675920203191,0.04991363381536525,0.1000000000000009,0.005008636618463571
100000000.0,0.1,0.01,parallel,0.01,common,0.0030021771448498448,0.09998998659463519,0.1000000000000009,1.0013405365716377e-06
100000000.0,0.1,0.01,parallel,0.01,row,0.0030006999664848513,0.099989996445022,0.1000000000000009,1.0003554978908064e-06
100000000.0,0.1,0.01,parallel,0.1,none,0.39803399739352885,0.037785394458520596,0.1000000000000009,0.006221460554148037
100000000.0,0.1,0.01,parallel,0.1,common,0.0339867923552497,0.09873457357343589,0.1000000000000009,0.00012654264265650125
100000000.0,0.1,0.01,parallel,0.1,row,0.033974874613644374,0.09873544844924804,0.1000000000000009,0.00012645515507528696
100000000.0,0.1,0.01,weak,0.0001,none,0.2988762649472169,0.05149938305103534,0.10000010000591128,0.004850071695487601
100000000.0,0.1,0.01,weak,0.0001,common,0.00010000000001609966,0.0999999888888874,0.10000010000591128,1.1111702389807188e-08
100000000.0,0.1,0.01,weak,0.0001,row,9.99929556745977e-05,0.09999998889045275,0.10000010000591128,1.111154585529961e-08
100000000.0,0.1,0.01,weak,0.01,none,0.2988762649472169,0.05149938305103534,0.10100000059104129,0.004950061754000602
100000000.0,0.1,0.01,weak,0.01,common,0.01000000000001624,0.09988902587708443,0.10100000059104129,0.00011109747139568908
100000000.0,0.1,0.01,weak,0.01,row,0.009999992955222982,0.09988902603324958,0.10100000059104129,0.00011109745577917406
100000000.0,0.1,0.01,weak,0.1,none,0.2988762649472169,0.05149938305103534,0.1818181818181818,0.014335067864386115
100000000.0,0.1,0.01,weak,0.1,common,0.10000000000001752,0.09009804864071586,0.1818181818181818,0.010089214649521259
100000000.0,0.1,0.01,weak,0.1,row,0.09999999295522015,0.09009804988550904,0.1818181818181818,0.010089214512594008
100000000.0,0.1,0.01,transverse,0.0001,none,0.2989762649472169,0.051483100185133614,0.09999998888889122,0.004851689438712004
100000000.0,0.1,0.01,transverse,0.0001,common,0.00010000000001611278,0.0999999888888874,0.09999998888889122,3.735225278934168e-16
100000000.0,0.1,0.01,transverse,0.0001,row,0.00010000000001643956,0.0999999888888874,0.09999998888889122,3.735225278934168e-16
100000000.0,0.1,0.01,transverse,0.01,none,0.30086590362865473,0.05117637751747407,0.09988902754473936,0.004876968710634828
100000000.0,0.1,0.01,transverse,0.01,common,0.010000000000016256,0.09988902587708443,0.09988902754473936,1.6697132322081655e-10
100000000.0,0.1,0.01,transverse,0.01,row,0.01000000000001658,0.09988902587708443,0.09988902754473936,1.6697132322081655e-10
100000000.0,0.1,0.01,transverse,0.1,none,0.3467279797857236,0.044288661375406796,0.09073396095746258,0.005166458960450998
100000000.0,0.1,0.01,transverse,0.1,common,0.10000000000001755,0.09009804864071584,0.09073396095746258,7.108543260829958e-05
100000000.0,0.1,0.01,transverse,0.1,row,0.10000000000001784,0.0900980486407158,0.09073396095746258,7.10854326083065e-05
