engine,method,preparation,validation,pcg,checks,output_rhs
synthetic,gray,57655.08858818879,0.0,450816.8125,222186.63666666666,47328.0
synthetic,merged_absolute,182901.6085881888,62251.2,356651.19416666665,212853.70041666666,47328.0
synthetic,phase_absolute,177901.6885881888,87201.6,357014.51,212357.33125,47328.0
synthetic,phase_relative,142054.24858818878,87638.88,375345.24916666665,219108.07541666666,47328.0
synthetic,r6_deep,147538.8885881888,3542.14,356651.19416666665,212853.70041666666,47328.0
synthetic,radau,57655.08858818879,0.0,504056.52166666667,203927.4375,47328.0
synthetic,relative_radau,135327.8485881888,88140.16,443057.8975,190606.4825,47328.0
synthetic,residual,57655.08858818879,0.0,208319.80833333332,38991.52,47328.0
synthetic,stable,57655.08858818879,0.0,237830.45833333334,97647.46666666666,47328.0
tdl,gray,4228157.084800883,0.0,4403271.463333333,942914.8983333333,156416.0
tdl,merged_absolute,5476111.364800883,899127.36,2918277.7325,621727.6625,156416.0
tdl,phase_absolute,5443216.484800884,1342175.04,2931379.97,623970.3925,156416.0
tdl,phase_relative,4991231.924800883,1342673.28,3057327.415,642565.2441666666,156416.0
tdl,r6_deep,5590442.884800883,157999.4,2815057.2941666665,598748.3904166666,156416.0
tdl,radau,4228157.084800883,0.0,4754965.733333333,1008737.8933333333,156416.0
tdl,relative_radau,4983715.124800883,1343320.0,3727525.2108333334,811458.9383333334,156416.0
tdl,residual,4228157.084800883,0.0,2135262.0216666665,254490.72,156416.0
tdl,stable,4228157.084800883,0.0,2256836.995,99259.76,156416.0
