engine,family,candidate,baseline,work_ratio,cpu_ratio,iterations,unmet
synthetic,abrupt,phase_relative,r6_deep,1.120604363113302,0.9983361064891847,16.694166666666668,0.0
synthetic,abrupt,phase_relative,radau,0.9118972615270621,1.1342155009451795,16.694166666666668,0.0
synthetic,abrupt,relative_radau,r6_deep,1.2180425101031385,0.9367720465890182,20.49625,0.0
synthetic,abrupt,relative_radau,radau,0.9911880284855692,1.0642722117202268,20.49625,0.0
synthetic,high,phase_relative,r6_deep,1.154756511975601,1.0380818053596617,23.377083333333335,0.0
synthetic,high,phase_relative,radau,1.3161238589420161,1.3860640301318268,23.377083333333335,0.0
synthetic,high,relative_radau,r6_deep,1.155428069129156,0.9805359661495066,25.079583333333336,0.0
synthetic,high,relative_radau,radau,1.316889260464563,1.3092278719397363,25.079583333333336,0.0
synthetic,moderate,phase_relative,r6_deep,1.1465299270190912,1.002015548517132,16.69125,0.0
synthetic,moderate,phase_relative,radau,1.2770641705987347,1.3820492454328832,16.69125,0.0
synthetic,moderate,relative_radau,r6_deep,1.1092337179146778,0.9150590267780015,18.14125,0.0
synthetic,moderate,relative_radau,radau,1.2355217291639622,1.262112787926926,18.14125,0.0
synthetic,slow,phase_relative,r6_deep,1.113083461644571,0.9517783857729138,17.035416666666666,0.0
synthetic,slow,phase_relative,radau,0.8714799727646928,1.0307407407407407,17.035416666666666,0.0
synthetic,slow,relative_radau,r6_deep,1.2398090170242007,0.9346785225718194,22.298333333333332,0.0
synthetic,slow,relative_radau,radau,0.9706987531674292,1.0122222222222221,22.298333333333332,0.0
tdl,abrupt,phase_relative,r6_deep,1.043217840628306,0.6590570719602977,13.283333333333335,0.0
tdl,abrupt,phase_relative,radau,0.8791912699464638,0.8877005347593582,13.283333333333335,0.0
tdl,abrupt,relative_radau,r6_deep,1.161069702715517,0.6883374689826303,16.8575,0.0
tdl,abrupt,relative_radau,radau,0.9785131222564339,0.927139037433155,16.8575,0.0
tdl,high,phase_relative,r6_deep,1.1685640750720239,1.0147512864493995,16.558333333333334,0.0
tdl,high,phase_relative,radau,1.2362483515477416,1.4665344571145265,16.558333333333334,0.0
tdl,high,relative_radau,r6_deep,1.2197949969543593,1.032590051457976,18.509166666666665,0.0
tdl,high,relative_radau,radau,1.2904466142501139,1.4923153197818542,18.509166666666665,0.0
tdl,moderate,phase_relative,r6_deep,1.110048085275816,0.748665955176094,12.026250000000001,0.0
tdl,moderate,phase_relative,radau,0.9443089760802471,1.0677321156773212,12.026250000000001,0.0
tdl,moderate,relative_radau,r6_deep,1.235001134990312,0.8025613660618997,15.527083333333334,0.0
tdl,moderate,relative_radau,radau,1.050605530255809,1.1445966514459665,15.527083333333334,0.0
tdl,slow,phase_relative,r6_deep,1.0291269387715,0.620652945351313,6.42625,0.0
tdl,slow,phase_relative,radau,0.960820395682341,0.9479674796747968,6.42625,0.0
tdl,slow,relative_radau,r6_deep,1.0950639525185997,0.6302342086586232,7.765,0.0
tdl,slow,relative_radau,radau,1.0223809527446477,0.9626016260162602,7.765,0.0
