engine,method,work,horizon,work_M
synthetic,gray,7506201.416666667,10,7.506201416666667
synthetic,merged_absolute,8434517.458333334,10,8.434517458333334
synthetic,phase_absolute,8624215.041666666,10,8.624215041666666
synthetic,phase_relative,8362176.875,10,8.362176875
synthetic,r6_deep,7551029.458333333,10,7.551029458333333
synthetic,radau,7742353.25,10,7.74235325
synthetic,relative_radau,8361733.75,10,8.36173375
synthetic,residual,3558189.5833333335,10,3.5581895833333337
synthetic,stable,4422129.333333333,10,4.422129333333333
tdl,gray,101640103.65339221,10,101.64010365339222
tdl,merged_absolute,104574329.40339221,10,104.57432940339221
tdl,phase_absolute,108287259.98672554,10,108.28725998672554
tdl,phase_relative,105773150.07005887,10,105.77315007005886
tdl,r6_deep,98571873.94505887,10,98.57187394505887
tdl,radau,106205477.65339221,10,106.20547765339221
tdl,relative_radau,115100154.82005887,10,115.10015482005886
tdl,residual,73137498.15339221,10,73.13749815339222
tdl,stable,70978358.15339221,10,70.97835815339221
synthetic,gray,36677649.0,50,36.677649
synthetic,merged_absolute,41316716.791666664,50,41.316716791666664
synthetic,phase_absolute,42157415.791666664,50,42.157415791666665
synthetic,phase_relative,41498492.791666664,50,41.49849279166666
synthetic,r6_deep,36737308.791666664,50,36.73730879166666
synthetic,radau,37989046.0,50,37.989046
synthetic,relative_radau,41924823.416666664,50,41.92482341666666
synthetic,residual,17195657.25,50,17.19565725
synthetic,stable,21371552.5,50,21.3715525
tdl,gray,474488917.7367255,50,474.4889177367255
tdl,merged_absolute,490898449.9867255,50,490.8984499867255
tdl,phase_absolute,511648946.1533922,50,511.6489461533922
tdl,phase_relative,496152116.0283922,50,496.1521160283922
tdl,r6_deep,455393781.1117255,50,455.3937811117255
tdl,radau,494591565.4867255,50,494.59156548672553
tdl,relative_radau,536801428.6533922,50,536.8014286533922
tdl,residual,338403387.4867255,50,338.40338748672553
tdl,stable,334083381.9867255,50,334.0833819867255
synthetic,gray,77798653.77548555,100,77.79865377548555
synthetic,merged_absolute,86198570.31715222,100,86.19857031715222
synthetic,phase_absolute,88180312.98381887,100,88.18031298381888
synthetic,phase_relative,87147445.31715222,100,87.14744531715222
synthetic,r6_deep,76791392.31715222,100,76.79139231715222
synthetic,radau,81296704.77548555,100,81.29670477548555
synthetic,relative_radau,90446038.85881887,100,90.44603885881888
synthetic,residual,35229441.69215221,100,35.22944169215221
synthetic,stable,44046101.35881888,100,44.04610135881888
tdl,gray,973075944.6467549,100,973.0759446467548
tdl,merged_absolute,1007166011.9800882,100,1007.1660119800882
tdl,phase_absolute,1049715788.7300882,100,1049.7157887300882
tdl,phase_relative,1019021386.396755,100,1019.021386396755
tdl,r6_deep,931866396.9384216,100,931.8663969384216
tdl,radau,1014827671.1467549,100,1014.8276711467548
tdl,relative_radau,1102243527.396755,100,1102.2435273967549
tdl,residual,677432582.646755,100,677.432582646755
tdl,stable,674066983.9800882,100,674.0669839800883
