engine,family,epoch,alignment,path_epsilon,merged_epsilon,relative_gamma,absolute_gamma,anchor_norm_path,anchor_norm_merged
synthetic,slow,1,none,0.002293457015591205,0.0022934570155888935,0.9773269192155267,0.39418734252078813,1.8375270021231662,1.8375270021231662
synthetic,slow,1,common,0.002293457015591205,0.002348038340913179,0.9767936626738238,0.3797697809451017,1.8375270021231662,1.8375270021231662
synthetic,slow,1,row,0.002293457015591205,0.0023480383409131833,0.9767936626738238,0.3797697809451006,1.8375270021231662,1.8375270021231662
synthetic,slow,10,none,0.022934166160127695,0.022934166160125103,0.7954542092283842,-5.058019860018031,1.8375270021231662,1.8375270021231662
synthetic,slow,10,common,0.022934166160127695,0.023480208950658048,0.7911513194968229,-5.202256107648418,1.8375270021231662,1.8375270021231662
synthetic,slow,10,row,0.022934166160127695,0.023480208950658065,0.7911513194968229,-5.202256107648422,1.8375270021231662,1.8375270021231662
synthetic,slow,34,none,0.07796151448358551,0.0779615144835821,0.4671472859610555,-19.593397630465564,1.8375270021231662,1.8375270021231662
synthetic,slow,34,common,0.07796151448358551,0.0798263829013658,0.45911323312491686,-20.085999359797082,1.8375270021231662,1.8375270021231662
synthetic,slow,34,row,0.07796151448358551,0.07982638290136601,0.4591132331249159,-20.085999359797135,1.8375270021231662,1.8375270021231662
synthetic,slow,35,none,0.08025351484687801,0.08025351484687464,0.457296203170914,-20.1988255157896,1.8375270021231662,1.8375270021231662
synthetic,slow,35,common,0.08025351484687801,0.08217379205208991,0.44923202238834486,-20.70606337936452,1.8375270021231662,1.8375270021231662
synthetic,slow,35,row,0.08025351484687801,0.08217379205208991,0.44923202238834486,-20.70606337936452,1.8375270021231662,1.8375270021231662
synthetic,slow,55,none,0.1260722776325968,0.12607227763259274,0.3044131945978292,-32.30177153001789,1.8375270021231662,1.8375270021231662
synthetic,slow,55,common,0.1260722776325968,0.12911279373293252,0.2967093122957224,-33.1049185374983,1.8375270021231662,1.8375270021231662
synthetic,slow,55,row,0.1260722776325968,0.12911279373293272,0.2967093122957219,-33.10491853749835,1.8375270021231662,1.8375270021231662
synthetic,slow,80,none,0.18326774517075559,0.18326774517075073,0.19360711135727,-47.40985419716151,1.8375270021231662,1.8375270021231662
synthetic,slow,80,common,0.18326774517075559,0.1877528162950425,0.18734423130279038,-48.59457788647503,1.8375270021231662,1.8375270021231662
synthetic,slow,80,row,0.18326774517075559,0.1877528162950425,0.18734423130279038,-48.59457788647503,1.8375270021231662,1.8375270021231662
synthetic,slow,99,none,0.22665658086685683,0.22665658086685134,0.14297258338079927,-58.870939222657064,1.8375270021231662,1.8375270021231662
synthetic,slow,99,common,0.22665658086685683,0.23228470872476237,0.1377821065799926,-60.35759934798685,1.8375270021231662,1.8375270021231662
synthetic,slow,99,row,0.22665658086685683,0.23228470872476256,0.13778210657999243,-60.357599347986906,1.8375270021231662,1.8375270021231662
synthetic,moderate,1,none,0.25571125057918836,0.25571125057917465,0.11876399404198368,-0.5847713994915531,1.2686138228999366,1.2686138228999368
synthetic,moderate,1,common,0.25571125057918836,0.07284640109226542,0.4900494582968386,0.5485341659960798,1.2686138228999366,1.2686138228999368
synthetic,moderate,1,row,0.25571125057918836,0.07284640109226559,0.4900494582968377,0.548534165996079,1.2686138228999366,1.2686138228999368
synthetic,moderate,10,none,1.8092872600769556,1.80928726007692,0.003036292783457592,-10.213064332288923,1.2686138228999366,1.2686138228999368
synthetic,moderate,10,common,1.8092872600769556,0.40386443418234597,0.054776898229955386,-1.5029512902321458,1.2686138228999366,1.2686138228999368
synthetic,moderate,10,row,1.8092872600769556,0.40386443418234586,0.0547768982299554,-1.5029512902321445,1.2686138228999366,1.2686138228999368
synthetic,moderate,34,none,1.0259732394817005,1.0259732394816765,0.009323767206330795,-5.358472859100225,1.2686138228999366,1.2686138228999368
synthetic,moderate,34,common,1.0259732394817005,0.5493796549974764,0.03110352474655082,-2.404782397061426,1.2686138228999366,1.2686138228999368
synthetic,moderate,34,row,1.0259732394817005,0.549379654997476,0.031103524746550867,-2.4047823970614233,1.2686138228999366,1.2686138228999368
synthetic,moderate,35,none,0.8383827065213553,0.8383827065213344,0.013836096462850427,-4.195879853209466,1.2686138228999366,1.2686138228999368
synthetic,moderate,35,common,0.8383827065213553,0.530793943869089,0.03317735141640285,-2.2895973851827227,1.2686138228999366,1.2686138228999368
synthetic,moderate,35,row,0.8383827065213553,0.5307939438690886,0.03317735141640289,-2.2895973851827205,1.2686138228999366,1.2686138228999368
synthetic,moderate,55,none,2.31603708239832,2.316037082398277,0.0018573519547528314,-13.353648187294777,1.2686138228999366,1.2686138228999368
synthetic,moderate,55,common,2.31603708239832,0.44823470204372423,0.04535954758492572,-1.7779361856375187,1.2686138228999366,1.2686138228999368
synthetic,moderate,55,row,2.31603708239832,0.448234702043723,0.045359547584925934,-1.7779361856375107,1.2686138228999366,1.2686138228999368
synthetic,moderate,80,none,1.1731180953742653,1.1731180953742415,0.007162633997212393,-6.270403635210686,1.2686138228999366,1.2686138228999368
synthetic,moderate,80,common,1.1731180953742653,0.19865277884267335,0.17321792045335968,-0.23115131472055994,1.2686138228999366,1.2686138228999368
synthetic,moderate,80,row,1.1731180953742653,0.198652778842673,0.17321792045336012,-0.23115131472055772,1.2686138228999366,1.2686138228999368
synthetic,moderate,99,none,2.1180314626498067,2.1180314626497663,0.00221924592527219,-12.126507643398835,1.2686138228999366,1.2686138228999368
synthetic,moderate,99,common,2.1180314626498067,0.41908141892163286,0.051251373537130246,-1.5972586081413138,1.2686138228999366,1.2686138228999368
synthetic,moderate,99,row,2.1180314626498067,0.4190814189216313,0.051251373537130586,-1.597258608141304,1.2686138228999366,1.2686138228999368
synthetic,high,1,none,3.0359858099090515,3.035985809909005,0.0010825792523055846,,1.6933564886031154,1.693356488603116
synthetic,high,1,common,3.0359858099090515,0.7908937436814584,0.015495276426181094,,1.6933564886031154,1.693356488603116
synthetic,high,1,row,3.0359858099090515,0.7908937436814582,0.015495276426181101,,1.6933564886031154,1.693356488603116
synthetic,high,10,none,2.3474998044732547,2.347499804473222,0.0018080772138970023,,1.6933564886031154,1.693356488603116
synthetic,high,10,common,2.3474998044732547,2.3047796688133113,0.0018754721851516859,,1.6933564886031154,1.693356488603116
synthetic,high,10,row,2.3474998044732547,2.3047796688133317,0.0018754721851516531,,1.6933564886031154,1.693356488603116
synthetic,high,34,none,2.003175997033405,2.003175997033369,0.002479734814976314,,1.6933564886031154,1.693356488603116
synthetic,high,34,common,2.003175997033405,1.0427772310971464,0.009031024829570812,,1.6933564886031154,1.693356488603116
synthetic,high,34,row,2.003175997033405,1.0427772310971386,0.009031024829570944,,1.6933564886031154,1.693356488603116
synthetic,high,35,none,2.087053602267076,2.0870536022670736,0.002285312130529236,,1.6933564886031154,1.693356488603116
synthetic,high,35,common,2.087053602267076,1.1552004924944346,0.007383264977492626,,1.6933564886031154,1.693356488603116
synthetic,high,35,row,2.087053602267076,1.1552004924944381,0.007383264977492581,,1.6933564886031154,1.693356488603116
synthetic,high,55,none,1.9358791779624565,1.935879177962487,0.002654208414284548,,1.6933564886031154,1.693356488603116
synthetic,high,55,common,1.9358791779624565,0.5809114730342345,0.027997231966511354,,1.6933564886031154,1.693356488603116
synthetic,high,55,row,1.9358791779624565,0.5809114730342461,0.027997231966510303,,1.6933564886031154,1.693356488603116
synthetic,high,80,none,2.9887603329461405,2.9887603329461334,0.0011169843191676703,,1.6933564886031154,1.693356488603116
synthetic,high,80,common,2.9887603329461405,1.3862389346332815,0.005150373179131052,,1.6933564886031154,1.693356488603116
synthetic,high,80,row,2.9887603329461405,1.3862389346332844,0.005150373179131032,,1.6933564886031154,1.693356488603116
synthetic,high,99,none,2.649853424464592,2.6498534244646588,0.00142010981177062,,1.6933564886031154,1.693356488603116
synthetic,high,99,common,2.649853424464592,1.5209376928047438,0.004285943389054066,,1.6933564886031154,1.693356488603116
synthetic,high,99,row,2.649853424464592,1.520937692804741,0.004285943389054083,,1.6933564886031154,1.693356488603116
synthetic,abrupt,1,none,0.01560608801676644,0.015606088016765218,0.8556422321921724,-3.213842064218671,1.9226881662536606,1.9226881662536606
synthetic,abrupt,1,common,0.01560608801676644,0.014342341622931985,0.8664934124262832,-2.8726144800144566,1.9226881662536606,1.9226881662536606
synthetic,abrupt,1,row,0.01560608801676644,0.01434234162293199,0.8664934124262831,-2.872614480014458,1.9226881662536606,1.9226881662536606
synthetic,abrupt,10,none,0.15600429453255082,0.1560042945325476,0.23835763848418193,-41.12314180169971,1.9226881662536606,1.9226881662536606
synthetic,abrupt,10,common,0.15600429453255082,0.14338484218455846,0.26369751851640993,-37.71572931791558,1.9226881662536606,1.9226881662536606
synthetic,abrupt,10,row,0.15600429453255082,0.14338484218455866,0.2636975185164095,-37.71572931791563,1.9226881662536606,1.9226881662536606
synthetic,abrupt,34,none,0.5283659712328042,0.5283659712327958,0.03346317403848744,-141.66552594671316,1.9226881662536606,1.9226881662536606
synthetic,abrupt,34,common,0.5283659712328042,0.48611176700077496,0.03907564321708066,-130.25635389849074,1.9226881662536606,1.9226881662536606
synthetic,abrupt,34,row,0.5283659712328042,0.48611176700077496,0.03907564321708066,-130.25635389849074,1.9226881662536606,1.9226881662536606
synthetic,abrupt,35,none,0.8184335775362501,0.8184335775362377,0.014499298735840683,-219.98746541005463,1.9226881662536606,1.9226881662536606
synthetic,abrupt,35,common,0.8184335775362501,0.820379944428516,0.014432535898967284,-220.51300920259726,1.9226881662536606,1.9226881662536606
synthetic,abrupt,35,row,0.8184335775362501,0.8203799444285163,0.014432535898967277,-220.51300920259732,1.9226881662536606,1.9226881662536606
synthetic,abrupt,55,none,1.6586424953039018,1.6586424953038774,0.0036087288569515734,-446.85454937225256,1.9226881662536606,1.9226881662536606
synthetic,abrupt,55,common,1.6586424953039018,1.6615775650492262,0.003596082227406898,-447.64705549813624,1.9226881662536606,1.9226881662536606
synthetic,abrupt,55,row,1.6586424953039018,1.6615775650492262,0.003596082227406898,-447.64705549813624,1.9226881662536606,1.9226881662536606
synthetic,abrupt,80,none,1.242820544994996,1.2428205449949776,0.006391659179421789,-334.5773391223337,1.9226881662536606,1.9226881662536606
synthetic,abrupt,80,common,1.242820544994996,1.246652059717226,0.006352926022739058,-335.61189678271205,1.9226881662536606,1.9226881662536606
synthetic,abrupt,80,row,1.242820544994996,1.2466520597172261,0.0063529260227390555,-335.6118967827121,1.9226881662536606,1.9226881662536606
synthetic,abrupt,99,none,1.417152922862031,1.41715292286201,0.0049303025226265645,-381.6492963112329,1.9226881662536606,1.9226881662536606
synthetic,abrupt,99,common,1.417152922862031,1.4211432878845136,0.004902924027527445,-382.72674557112106,1.9226881662536606,1.9226881662536606
synthetic,abrupt,99,row,1.417152922862031,1.4211432878845138,0.004902924027527443,-382.7267455711211,1.9226881662536606,1.9226881662536606
tdl,slow,1,none,0.005115823640509358,0.00032408537113275647,0.9967643936001463,0.9850110628967762,43.904134502565,2.957223991893677
tdl,slow,1,common,0.005115823640509358,0.0002944099306424064,0.9970602313640836,0.9863835509836825,43.904134502565,2.957223991893677
tdl,slow,1,row,0.005115823640509358,0.0002944111178462709,0.9970602195269589,0.9863834960755452,43.904134502565,2.957223991893677
tdl,slow,10,none,0.051158231653909654,0.003241722368073721,0.9681039564825877,0.8500704536235709,43.904134502565,2.957223991893677
tdl,slow,10,common,0.051158231653909654,0.002944681493781065,0.9709835509685728,0.8638085836918837,43.904134502565,2.957223991893677
tdl,slow,10,row,0.051158231653909654,0.0029446933550909323,0.9709834358096932,0.8638080351067164,43.904134502565,2.957223991893677
tdl,slow,34,none,0.17393781532296315,0.011029711387521459,0.8956180133264318,0.4898762333010439,43.904134502565,2.957223991893677
tdl,slow,34,common,0.17393781532296315,0.010017158289987716,0.904720024268768,0.5367067787204812,43.904134502565,2.957223991893677
tdl,slow,34,row,0.17393781532296315,0.010017198520476613,0.9047196607512259,0.536704918061774,43.904134502565,2.957223991893677
tdl,slow,35,none,0.17905362183131998,0.01135445092896903,0.8927188336862738,0.4748570408435927,43.904134502565,2.957223991893677
tdl,slow,35,common,0.17905362183131998,0.010312004186627243,0.9020598516239864,0.5230701662920136,43.904134502565,2.957223991893677
tdl,slow,35,row,0.17905362183131998,0.010312045596140436,0.9020594785809986,0.5230682511034737,43.904134502565,2.957223991893677
tdl,slow,55,none,0.28136950207133354,0.017853259291854762,0.8366944459003685,0.1742873808903308,43.904134502565,2.957223991893677
tdl,slow,55,common,0.28136950207133354,0.016211573189004215,0.8504933145358325,0.25021530584681884,43.904134502565,2.957223991893677
tdl,slow,55,row,0.28136950207133354,0.016211638127688385,0.8504927640423651,0.2502123024349425,43.904134502565,2.957223991893677
tdl,slow,80,none,0.409263434581955,0.025987491288284627,0.7717079243842022,-0.2019205650325786,43.904134502565,2.957223991893677
tdl,slow,80,common,0.409263434581955,0.023593063547932974,0.7902650848209781,-0.09117836561487169,43.904134502565,2.957223991893677
tdl,slow,80,row,0.409263434581955,0.02359315775924149,0.7902643454291158,-0.09118272288460205,43.904134502565,2.957223991893677
tdl,slow,99,none,0.5064618845132681,0.03217743370846536,0.7258571179120394,-0.48820518591619155,43.904134502565,2.957223991893677
tdl,slow,99,common,0.5064618845132681,0.029208145085601604,0.7474760280134046,-0.35087569074687197,43.904134502565,2.957223991893677
tdl,slow,99,row,0.5064618845132681,0.029208261439502767,0.7474751674252706,-0.3508810721107398,43.904134502565,2.957223991893677
tdl,moderate,1,none,0.5270781513730262,0.03592277910309706,0.6995459565351909,-2.5274723460104553,45.28932168431885,3.109396789193591
tdl,moderate,1,common,0.5270781513730262,0.03001384290849009,0.7415422520034873,-1.947238590682229,45.28932168431885,3.109396789193591
tdl,moderate,1,row,0.5270781513730262,0.030019594280598576,0.7415000767178678,-1.9478033522783758,45.28932168431885,3.109396789193591
tdl,moderate,10,none,5.265968842742832,0.3320253743552171,0.077238888719497,-31.603555611620877,45.28932168431885,3.109396789193591
tdl,moderate,10,common,5.265968842742832,0.27624367839232816,0.10497495155627683,-26.126017547042526,45.28932168431885,3.109396789193591
tdl,moderate,10,row,5.265968842742832,0.2762803721128635,0.10495236592738288,-26.12962072273473,45.28932168431885,3.109396789193591
tdl,moderate,34,none,17.73042301215389,0.8636827872742112,0.013057943437307354,-83.81017404280807,45.28932168431885,3.109396789193591
tdl,moderate,34,common,17.73042301215389,0.6929772718074189,0.019999299774759834,-67.0475793840709,45.28932168431885,3.109396789193591
tdl,moderate,34,row,17.73042301215389,0.6930460911300226,0.019995483836326863,-67.05433716460506,45.28932168431885,3.109396789193591
tdl,moderate,35,none,18.240254710389102,0.8773918435998203,0.012663199913829451,-85.15634820543895,45.28932168431885,3.109396789193591
tdl,moderate,35,common,18.240254710389102,0.702643298660494,0.01947370868751385,-67.99674432262316,45.28932168431885,3.109396789193591
tdl,moderate,35,row,18.240254710389102,0.7026979255960154,0.01947079672541608,-68.00210846785941,45.28932168431885,3.109396789193591
tdl,moderate,55,none,28.188586930537845,1.0149009737629304,0.009524455898868498,-98.65919141760301,45.28932168431885,3.109396789193591
tdl,moderate,55,common,28.188586930537845,0.7767660631329356,0.01604608291224256,-75.27530150596318,45.28932168431885,3.109396789193591
tdl,moderate,55,row,28.188586930537845,0.7768661421908044,0.01604207947590983,-75.28512886670367,45.28932168431885,3.109396789193591
tdl,moderate,80,none,39.72919223726935,0.95620954263812,0.010704006243802864,-92.89592906959896,45.28932168431885,3.109396789193591
tdl,moderate,80,common,39.72919223726935,0.7070424144725471,0.01924125707414301,-68.42871979226538,45.28932168431885,3.109396789193591
tdl,moderate,80,row,39.72919223726935,0.7070057068493714,0.019243179685768656,-68.42511525138984,45.28932168431885,3.109396789193591
tdl,moderate,99,none,47.61383416001117,1.193394869145096,0.0069246223883718564,-116.18657364171352,45.28932168431885,3.109396789193591
tdl,moderate,99,common,47.61383416001117,0.993634991056479,0.009928404178504355,-96.57095749526496,45.28932168431885,3.109396789193591
tdl,moderate,99,row,47.61383416001117,0.9941518590502516,0.009918285861271133,-96.62171185225215,45.28932168431885,3.109396789193591
tdl,high,1,none,13.283053619624251,0.39765298610735167,0.05631749292935642,-49.26850345128004,46.081220192188844,1.5105010241648344
tdl,high,1,common,13.283053619624251,0.31173516789800015,0.08597039573793563,-38.40737505020404,46.081220192188844,1.5105010241648344
tdl,high,1,row,13.283053619624251,0.31130101024190837,0.0861722819198165,-38.35249188222562,46.081220192188844,1.5105010241648344
tdl,high,10,none,70.59723123130956,2.9244500401252593,0.0011665349531492025,-368.68847731837724,46.081220192188844,1.5105010241648344
tdl,high,10,common,70.59723123130956,1.0679192727838693,0.008617975041823548,-133.99886968064175,46.081220192188844,1.5105010241648344
tdl,high,10,row,70.59723123130956,1.049835836844826,0.008912130433637682,-131.7128884516025,46.081220192188844,1.5105010241648344
tdl,high,34,none,61.94472183687483,2.049331358206542,0.0023698168836291996,-258.0621070427753,46.081220192188844,1.5105010241648344
tdl,high,34,common,61.94472183687483,2.0553366892520017,0.002356053747630028,-258.8212589036475,46.081220192188844,1.5105010241648344
tdl,high,34,row,61.94472183687483,2.047426139656964,0.002374208467089158,-257.8212626669479,46.081220192188844,1.5105010241648344
tdl,high,35,none,64.13280311995923,2.044893367283739,0.0023800654762397757,-257.50108733510626,46.081220192188844,1.5105010241648344
tdl,high,35,common,64.13280311995923,2.03859125957676,0.002394733286289378,-256.7044190487197,46.081220192188844,1.5105010241648344
tdl,high,35,row,64.13280311995923,2.052327084877878,0.0023629362109654803,-258.4408058122509,46.081220192188844,1.5105010241648344
tdl,high,55,none,53.63211007189381,2.471101203700781,0.0016322999951534946,-311.3792948285834,46.081220192188844,1.5105010241648344
tdl,high,55,common,53.63211007189381,0.9930179328960149,0.009940503995947762,-124.53036725717031,46.081220192188844,1.5105010241648344
tdl,high,55,row,53.63211007189381,0.9951557492646537,0.00989867735124623,-124.80061501906216,46.081220192188844,1.5105010241648344
tdl,high,80,none,59.53810600765879,3.901016588864088,0.0006562573805485741,-492.13917589411943,46.081220192188844,1.5105010241648344
tdl,high,80,common,59.53810600765879,1.6206638947780476,0.0037785559535146885,-203.87297074143382,46.081220192188844,1.5105010241648344
tdl,high,80,row,59.53810600765879,1.620020368924541,0.0037815358625447023,-203.7916207133486,46.081220192188844,1.5105010241648344
tdl,high,99,none,53.961846844598355,2.130765481573716,0.002192915318156106,-268.3564381670225,46.081220192188844,1.5105010241648344
tdl,high,99,common,53.961846844598355,1.2580064006854954,0.006240180676494052,-158.0283521158301,46.081220192188844,1.5105010241648344
tdl,high,99,row,53.961846844598355,1.2337054242803565,0.006485234780571835,-154.95639299828576,46.081220192188844,1.5105010241648344
tdl,abrupt,1,none,0.026775993753695843,0.0015797716930042115,0.9843265741824163,0.8977022483151084,45.55477846418581,4.35491226365865
tdl,abrupt,1,common,0.026775993753695843,0.0012187402250731809,0.9878866378595688,0.92108075776707,45.55477846418581,4.35491226365865
tdl,abrupt,1,row,0.026775993753695843,0.001218734155868522,0.9878866978153193,0.9210811507770181,45.55477846418581,4.35491226365865
tdl,abrupt,10,none,0.2677593207796245,0.01575912139360396,0.8543378163929088,-0.02047827178700068,45.55477846418581,4.35491226365865
tdl,abrupt,10,common,0.2677593207796245,0.012148349124519451,0.8856717241195412,0.21333645385292466,45.55477846418581,4.35491226365865
tdl,abrupt,10,row,0.2677593207796245,0.01214829000329687,0.8856722467763526,0.21334028223405954,45.55477846418581,4.35491226365865
tdl,abrupt,34,none,0.9103593231426214,0.05323040641521282,0.5908389105085353,-2.4469226924771776,45.55477846418581,4.35491226365865
tdl,abrupt,34,common,0.9103593231426214,0.040950086624690255,0.6658490396385229,-1.6517134162855265,45.55477846418581,4.35491226365865
tdl,abrupt,34,row,0.9103593231426214,0.0409498997342972,0.6658502587556547,-1.6517013142412207,45.55477846418581,4.35491226365865
tdl,abrupt,35,none,5.702794903405583,1.1908251473671794,0.006954127147341968,-76.11160781329906,45.55477846418581,4.35491226365865
tdl,abrupt,35,common,5.702794903405583,1.0296521596690313,0.009258479274228827,-65.67488816142131,45.55477846418581,4.35491226365865
tdl,abrupt,35,row,5.702794903405583,1.0296208667439528,0.00925903173641025,-65.672861795274,45.55477846418581,4.35491226365865
tdl,abrupt,55,none,7.279366725253194,1.6608676617152551,0.0035991349716009884,-106.5491024380324,45.55477846418581,4.35491226365865
tdl,abrupt,55,common,7.279366725253194,1.7032753540980372,0.003423353027651671,-109.29520277905905,45.55477846418581,4.35491226365865
tdl,abrupt,55,row,7.279366725253194,1.703232436547511,0.0034235243738665417,-109.29242366297153,45.55477846418581,4.35491226365865
tdl,abrupt,80,none,6.781035889360025,1.1816274835221865,0.007061284692998443,-75.51601521199925,45.55477846418581,4.35491226365865
tdl,abrupt,80,common,6.781035889360025,1.0045016876552386,0.009718867643314167,-64.04627514587088,45.55477846418581,4.35491226365865
tdl,abrupt,80,row,6.781035889360025,1.004459767209996,0.009719663262788659,-64.04356059710605,45.55477846418581,4.35491226365865
tdl,abrupt,99,none,7.236148332838562,1.1789154223286538,0.007093352436172423,-75.34039631481376,45.55477846418581,4.35491226365865
tdl,abrupt,99,common,7.236148332838562,0.995298106993807,0.009895901422983067,-63.450299402487005,45.55477846418581,4.35491226365865
tdl,abrupt,99,row,7.236148332838562,0.9952541997520027,0.009896757475827028,-63.44745619916898,45.55477846418581,4.35491226365865
