engine,candidate,baseline,metric,estimate,lo,hi,episodes
synthetic,phase_relative,gray,work,1.1201664950224688,1.0922866980498251,1.1546246910980331,32
synthetic,phase_relative,gray,cpu_s,1.201892384860921,1.173802190838343,1.2345772351715085,32
synthetic,phase_relative,gray,elapsed_s,1.1955299189450836,1.1631435017385119,1.2319664609195506,32
synthetic,phase_relative,gray,p95_frame,1.1013263414666228,1.0856838061935792,1.1200395260614853,32
synthetic,phase_relative,gray,conservative_diff,1.0375976562499997e-05,3.6621093750000007e-06,1.6988118489583333e-05,32
synthetic,phase_relative,radau,work,1.0719677452834584,1.0360983651203186,1.1171086732078057,32
synthetic,phase_relative,radau,cpu_s,1.2548202808855033,1.2163271501938528,1.301410222179043,32
synthetic,phase_relative,radau,elapsed_s,1.2429312881009742,1.2034850016121994,1.290422890542689,32
synthetic,phase_relative,radau,p95_frame,1.0369528174257348,1.0183269427177086,1.0588815797706075,32
synthetic,phase_relative,radau,conservative_diff,1.515706380208333e-05,6.3069661458333324e-06,2.38037109375e-05,32
synthetic,phase_relative,r6_deep,work,1.134859555055715,1.119970864052411,1.1526729562260383,32
synthetic,phase_relative,r6_deep,cpu_s,1.0000000000000002,0.9838502024263202,1.0169592463786195,32
synthetic,phase_relative,r6_deep,elapsed_s,0.9914178500763987,0.977032515254514,1.0063649412206772,32
synthetic,phase_relative,r6_deep,p95_frame,1.1396267393436534,1.1230421799018506,1.1580978306853014,32
synthetic,phase_relative,r6_deep,conservative_diff,-7.832845052083335e-06,-1.393636067708333e-05,-1.5258789062500014e-06,32
synthetic,phase_relative,merged_absolute,work,1.011008013201481,1.0041085859446577,1.0188131540183685,32
synthetic,phase_relative,merged_absolute,cpu_s,0.9942474537910223,0.9823861345040473,1.0069092984962908,32
synthetic,phase_relative,merged_absolute,elapsed_s,0.9887240794724043,0.9756189295407184,1.0027262099513659,32
synthetic,phase_relative,merged_absolute,p95_frame,1.0312714354244101,1.0168254544338962,1.0449094793733504,32
synthetic,phase_relative,merged_absolute,conservative_diff,-7.832845052083335e-06,-1.393636067708333e-05,-1.5258789062500014e-06,32
synthetic,phase_relative,phase_absolute,work,0.9882868677631457,0.9834775835420734,0.9936495845855687,32
synthetic,phase_relative,phase_absolute,cpu_s,0.9851429639319753,0.9730129025941059,0.9991461175721779,32
synthetic,phase_relative,phase_absolute,elapsed_s,0.9762572448240948,0.9640245822390158,0.9897248943892631,32
synthetic,phase_relative,phase_absolute,p95_frame,1.0061158142195799,0.9915012195714691,1.0198144449954292,32
synthetic,phase_relative,phase_absolute,conservative_diff,-7.527669270833338e-06,-1.291910807291667e-05,-2.034505208333333e-06,32
synthetic,phase_relative,residual,work,2.473710655953011,2.353708035270202,2.5813461324352796,32
synthetic,phase_relative,residual,cpu_s,2.33665780141844,2.1715536169955465,2.492802820805354,32
synthetic,phase_relative,residual,elapsed_s,2.312020406481401,2.1540394703668895,2.463660786053958,32
synthetic,phase_relative,residual,p95_frame,2.7344069765576355,2.60147525581114,2.8539643306128193,32
synthetic,phase_relative,residual,conservative_diff,-0.0008130900065104166,-0.0014558156331380208,-0.00016550191243489584,32
synthetic,phase_relative,stable,work,1.978550714561792,1.874227023067085,2.0809052803308528,32
synthetic,phase_relative,stable,cpu_s,1.5266434984071822,1.435541575036868,1.6217191444401777,32
synthetic,phase_relative,stable,elapsed_s,1.5155449510659535,1.4275696314766333,1.607365569996737,32
synthetic,phase_relative,stable,p95_frame,2.031851737414822,1.9073380694735973,2.1682299690977023,32
synthetic,phase_relative,stable,conservative_diff,-0.00017842610677083333,-0.00030293782552083325,-5.1371256510416674e-05,32
synthetic,relative_radau,gray,work,1.162565603253646,1.1472365315100386,1.1782420795913935,32
synthetic,relative_radau,gray,cpu_s,1.1342909256725946,1.1112424632581244,1.1572796505814624,32
synthetic,relative_radau,gray,elapsed_s,1.126715200285499,1.105740112041953,1.147702555775068,32
synthetic,relative_radau,gray,p95_frame,1.1839308126563313,1.167088563590548,1.200914115707263,32
synthetic,relative_radau,gray,conservative_diff,-3.2552083333333323e-06,-5.900065104166662e-06,-6.103515625000001e-07,32
synthetic,relative_radau,radau,work,1.1125424961393056,1.0987405463371844,1.1297325647272998,32
synthetic,relative_radau,radau,cpu_s,1.1842418471792429,1.1609559162788117,1.2102380348314825,32
synthetic,relative_radau,radau,elapsed_s,1.1713881459775755,1.1496280992567356,1.196644156199269,32
synthetic,relative_radau,radau,p95_frame,1.1147289823162094,1.1038793072631436,1.1264469877771632,32
synthetic,relative_radau,radau,conservative_diff,1.5258789062499997e-06,7.120768229166662e-07,2.4414062499999988e-06,32
synthetic,relative_radau,r6_deep,work,1.1778148061865101,1.1465162610039294,1.207398296393003,32
synthetic,relative_radau,r6_deep,cpu_s,0.9437541496727687,0.9221159371732439,0.9638547257294081,32
synthetic,relative_radau,r6_deep,elapsed_s,0.9343518249222165,0.9151205341863284,0.9521012848505761,32
synthetic,relative_radau,r6_deep,p95_frame,1.225103914103472,1.1875041957606092,1.2627712261003627,32
synthetic,relative_radau,r6_deep,conservative_diff,-2.1464029947916664e-05,-3.560384114583333e-05,-7.120768229166665e-06,32
synthetic,relative_radau,merged_absolute,work,1.049275394313837,1.019223207838452,1.0752489801231448,32
synthetic,relative_radau,merged_absolute,cpu_s,0.9383251603168615,0.9208885942412199,0.953655521568058,32
synthetic,relative_radau,merged_absolute,elapsed_s,0.9318131077914223,0.9156272076560413,0.9461470293285807,32
synthetic,relative_radau,merged_absolute,p95_frame,1.1086214708942252,1.0729027847609582,1.1420105576267667,32
synthetic,relative_radau,merged_absolute,conservative_diff,-2.1464029947916664e-05,-3.560384114583333e-05,-7.120768229166665e-06,32
synthetic,relative_radau,phase_absolute,work,1.0256942371639777,0.9954120514535147,1.0516387504642044,32
synthetic,relative_radau,phase_absolute,cpu_s,0.9297327602317323,0.9134491388024156,0.9439287980006569,32
synthetic,relative_radau,phase_absolute,elapsed_s,0.9200638643177913,0.9056387699545483,0.9328618870149635,32
synthetic,relative_radau,phase_absolute,p95_frame,1.0815790639939704,1.046199763103647,1.114162612139374,32
synthetic,relative_radau,phase_absolute,conservative_diff,-2.1158854166666667e-05,-3.4586588541666666e-05,-7.527669270833331e-06,32
synthetic,relative_radau,residual,work,2.5673423850758,2.3887317598125244,2.728299445144149,32
synthetic,relative_radau,residual,cpu_s,2.2052304964539005,2.0424396178398774,2.3584190762912876,32
synthetic,relative_radau,residual,elapsed_s,2.178940479926636,2.0200998431733646,2.3262046267355,32
synthetic,relative_radau,residual,p95_frame,2.939499902978699,2.764814504167555,3.0991187114674315,32
synthetic,relative_radau,residual,conservative_diff,-0.0008267211914062499,-0.0014753316243489582,-0.0001741383870442708,32
synthetic,relative_radau,stable,work,2.053440283443153,1.9051107030839403,2.195842557463571,32
synthetic,relative_radau,stable,cpu_s,1.440776136692731,1.3397676888710237,1.543815991533405,32
synthetic,relative_radau,stable,elapsed_s,1.4283101627341124,1.3318979866393021,1.5270865985794062,32
synthetic,relative_radau,stable,p95_frame,2.1842498341329404,2.02723533854752,2.3564547976847394,32
synthetic,relative_radau,stable,conservative_diff,-0.00019205729166666666,-0.0003224690755208332,-5.9814453125000006e-05,32
tdl,phase_relative,gray,work,1.0472167069823919,1.0279209188760068,1.0678764824943008,32
tdl,phase_relative,gray,cpu_s,1.1457178065311153,1.0788079604886736,1.2183072445158762,32
tdl,phase_relative,gray,elapsed_s,1.143499932115924,1.0772250981504594,1.2153179138626438,32
tdl,phase_relative,gray,p95_frame,1.059472234114849,1.0459427236532994,1.0743533005504455,32
tdl,phase_relative,gray,conservative_diff,2.2379557291666667e-06,0.0,4.475911458333334e-06,32
tdl,phase_relative,radau,work,1.0041324407771235,0.9841967833821799,1.026095335384358,32
tdl,phase_relative,radau,cpu_s,1.1148081534772183,1.0685938411535423,1.162622426163448,32
tdl,phase_relative,radau,elapsed_s,1.1163886762967614,1.0699704380420771,1.1646131628610947,32
tdl,phase_relative,radau,p95_frame,1.0105248483747973,0.9957914740250634,1.0272175380155437,32
tdl,phase_relative,radau,conservative_diff,3.2552083333333335e-06,6.103515624999999e-07,5.900065104166667e-06,32
tdl,phase_relative,r6_deep,work,1.0935273444183355,1.085682751956876,1.1012419313181292,32
tdl,phase_relative,r6_deep,cpu_s,0.7730201621284556,0.7380364676543054,0.8073739590260267,32
tdl,phase_relative,r6_deep,elapsed_s,0.7771142177589393,0.7395689225991205,0.8139147178977885,32
tdl,phase_relative,r6_deep,p95_frame,1.0834163728093054,1.0657768899671296,1.1023901223334978,32
tdl,phase_relative,r6_deep,conservative_diff,4.0690104166666675e-07,0.0,8.138020833333352e-07,32
tdl,phase_relative,merged_absolute,work,1.0117710231239427,1.005781775067998,1.0181022700966031,32
tdl,phase_relative,merged_absolute,cpu_s,1.0217032967032966,0.9978113818563744,1.0455488739380008,32
tdl,phase_relative,merged_absolute,elapsed_s,1.0271066610104966,0.999224927287472,1.0549310989449894,32
tdl,phase_relative,merged_absolute,p95_frame,1.0086915378992747,0.9925673189268999,1.0253605882370154,32
tdl,phase_relative,merged_absolute,conservative_diff,4.0690104166666675e-07,0.0,8.138020833333352e-07,32
tdl,phase_relative,phase_absolute,work,0.9707593210820746,0.9648733173515509,0.9765717824523035,32
tdl,phase_relative,phase_absolute,cpu_s,0.986995753715499,0.9519618957255561,1.0233205185130103,32
tdl,phase_relative,phase_absolute,elapsed_s,0.9941322548264028,0.9582261478041186,1.0305381864673884,32
tdl,phase_relative,phase_absolute,p95_frame,0.9730823359792925,0.9580859105595644,0.987767339825802,32
tdl,phase_relative,phase_absolute,conservative_diff,4.0690104166666675e-07,0.0,8.138020833333352e-07,32
tdl,phase_relative,residual,work,1.5042402926877232,1.4668871096748648,1.539566914651338,32
tdl,phase_relative,residual,cpu_s,1.585589426561501,1.521060144110563,1.6489348400691055,32
tdl,phase_relative,residual,elapsed_s,1.5965921117870925,1.5256829038333,1.6662100747919797,32
tdl,phase_relative,residual,p95_frame,1.6704467068423485,1.5851076287001207,1.7508494284729395,32
tdl,phase_relative,residual,conservative_diff,-0.0001468912760416667,-0.0002327524820963542,-6.144205729166668e-05,32
tdl,phase_relative,stable,work,1.511750924781767,1.453452984791362,1.5680192342099437,32
tdl,phase_relative,stable,cpu_s,1.276690696876073,1.2322266434468494,1.3245293553743964,32
tdl,phase_relative,stable,elapsed_s,1.2697033505633448,1.2241431652889796,1.3171398898387985,32
tdl,phase_relative,stable,p95_frame,1.7037401784778219,1.606966492781353,1.796171285582025,32
tdl,phase_relative,stable,conservative_diff,-4.9641927083333335e-05,-6.490071614583334e-05,-3.4383138020833335e-05,32
tdl,relative_radau,gray,work,1.132741522859133,1.124933154864106,1.140598342099866,32
tdl,relative_radau,gray,cpu_s,1.182532347504621,1.1148337113798892,1.2545907872775572,32
tdl,relative_radau,gray,elapsed_s,1.1720520091943913,1.1081064448699807,1.2391465261986137,32
tdl,relative_radau,gray,p95_frame,1.1456327449228658,1.1309900781998068,1.158992060811007,32
tdl,relative_radau,gray,conservative_diff,-2.034505208333338e-07,-1.2207031250000002e-06,8.138020833333335e-07,32
tdl,relative_radau,radau,work,1.086138621103246,1.0769581609202286,1.0959777074106198,32
tdl,relative_radau,radau,cpu_s,1.1506294964028776,1.1029403860583935,1.2000963378587957,32
tdl,relative_radau,radau,elapsed_s,1.144263811782053,1.099406453287666,1.1905600149809328,32
tdl,relative_radau,radau,p95_frame,1.0927047624080402,1.0815761200392986,1.103466875301083,32
tdl,relative_radau,radau,conservative_diff,8.138020833333331e-07,2.0345052083333327e-07,1.4241536458333336e-06,32
tdl,relative_radau,r6_deep,work,1.1828342893553137,1.1605122674650068,1.2051485621876106,32
tdl,relative_radau,r6_deep,cpu_s,0.797859072957805,0.7561731448980445,0.8391478416586505,32
tdl,relative_radau,r6_deep,elapsed_s,0.7965180011970101,0.7545686125253507,0.8386658706638376,32
tdl,relative_radau,r6_deep,p95_frame,1.171524116545513,1.1405922551432277,1.2026842281554115,32
tdl,relative_radau,r6_deep,conservative_diff,-2.0345052083333337e-06,-4.2724609374999996e-06,2.0345052083333337e-07,32
tdl,relative_radau,merged_absolute,work,1.0944010364584724,1.076384114595082,1.1121612929981466,32
tdl,relative_radau,merged_absolute,cpu_s,1.0545329670329668,1.0215132345345765,1.0873737499383593,32
tdl,relative_radau,merged_absolute,elapsed_s,1.0527525117266519,1.0185761157164093,1.0867198991889744,32
tdl,relative_radau,merged_absolute,p95_frame,1.0907223598072553,1.0618835619115923,1.1193994236437252,32
tdl,relative_radau,merged_absolute,conservative_diff,-2.0345052083333337e-06,-4.2724609374999996e-06,2.0345052083333337e-07,32
tdl,relative_radau,phase_absolute,work,1.0500399624647094,1.0321315958917912,1.0676778740600865,32
tdl,relative_radau,phase_absolute,cpu_s,1.0187101910828025,0.9811849353331218,1.056655090890741,32
tdl,relative_radau,phase_absolute,elapsed_s,1.0189547668080794,0.9816001959062813,1.056628001659527,32
tdl,relative_radau,phase_absolute,p95_frame,1.052217275458174,1.025780898756094,1.0770553737741952,32
tdl,relative_radau,phase_absolute,conservative_diff,-2.0345052083333337e-06,-4.2724609374999996e-06,2.0345052083333337e-07,32
tdl,relative_radau,residual,work,1.6270896257901373,1.5766982976951718,1.6752105765575462,32
tdl,relative_radau,residual,cpu_s,1.6365380515881476,1.5578824134314835,1.712698572796372,32
tdl,relative_radau,residual,elapsed_s,1.6364574583064104,1.5539685667480438,1.7155766018960343,32
tdl,relative_radau,residual,p95_frame,1.806294100388581,1.6968974904742515,1.9088707134833416,32
tdl,relative_radau,residual,conservative_diff,-0.0001493326822916667,-0.00023763020833333332,-6.184387207031247e-05,32
tdl,relative_radau,stable,work,1.635213641363148,1.5633150862311054,1.7059075220676712,32
tdl,relative_radau,stable,cpu_s,1.3177136972193615,1.2535957421741175,1.3830727571921826,32
tdl,relative_radau,stable,elapsed_s,1.3014066038070866,1.238188481241122,1.3661683701491691,32
tdl,relative_radau,stable,p95_frame,1.8422951300235155,1.7136257106299857,1.9674163392318658,32
tdl,relative_radau,stable,conservative_diff,-5.208333333333334e-05,-6.896972656250001e-05,-3.5598754882812476e-05,32
