n,kind,amplitude,alignment,epsilon,gamma,optimal_model_gamma,minimum_loewner,validator_work
8,minus,0.0,none,20.27102919979692,2.433477103645294e-05,0.9999999999999447,0.009999756652290578,3328.0
8,minus,0.0,common,1.6485775627034563e-13,0.9999999999983229,0.9999999999999447,1.693436456840583e-14,6208.0
8,minus,0.0,row,1.6386012890807217e-13,0.9999999999983329,0.9999999999999447,1.656947918531338e-14,6208.0
8,common,0.0,none,6.9508914674758895,0.00020688988791328953,0.9999999999997347,0.009997931101122159,3328.0
8,common,0.0,common,1.6345893316424534e-13,0.9999999999983369,0.9999999999997347,1.4989624494094703e-14,6208.0
8,common,0.0,row,1.64294732416412e-13,0.9999999999983287,0.9999999999997347,1.5177049857455702e-14,6208.0
8,row,0.0,none,7.151978918979065,0.00019542395080097372,0.999999999999893,0.009998045760493814,3328.0
8,row,0.0,common,3.5815294401795734,0.0007783709186433067,0.999999999999893,0.009992216290814294,6208.0
8,row,0.0,row,1.6579724087466232e-13,0.9999999999983136,0.999999999999893,1.6004422439406228e-14,6208.0
8,mismatch,0.0,none,7.151978918979065,0.00019542395080097372,0.999999999999893,0.009998045760493814,3328.0
8,mismatch,0.0,common,3.5815294401795734,0.0007783709186433067,0.999999999999893,0.009992216290814294,6208.0
8,mismatch,0.0,row,1.6579724087466232e-13,0.9999999999983136,0.999999999999893,1.6004422439406228e-14,6208.0
8,mismatch,0.001,none,7.152057584697414,0.00019541965355545664,0.9584188668308512,0.009998139558472492,4192.0
8,mismatch,0.001,common,3.5824791818596364,0.0007779589111432156,0.9584188668308512,0.009992302911409925,7936.0
8,mismatch,0.001,row,0.010902739718521678,0.8967542089404694,0.9584188668308512,0.0008692680021702779,7936.0
8,mismatch,0.01,none,7.17213724876889,0.00019432738626741917,0.7189992713531436,0.010200828359549828,4192.0
8,mismatch,0.01,common,3.61097116004486,0.0007657492571771775,0.7189992713531436,0.010194451954981759,7936.0
8,mismatch,0.01,row,0.12063949140610117,0.31881970567906315,0.7189992713531436,0.0064714880940782505,7936.0
8,mismatch,0.1,none,7.252327963068692,0.00019005532117293274,0.11290460439893457,0.012260713615415574,4192.0
8,mismatch,0.1,common,4.209951959092761,0.0005635806350166481,0.11290460439893457,0.012224420028662671,7936.0
8,mismatch,0.1,row,1.0487700440068173,0.008929932399047982,0.11290460439893457,0.011404799737604608,7936.0
8,birth,0.0,none,0.3000000000001482,0.0916730868039381,0.9999999999999962,0.021407937462432875,3364.0
8,birth,0.0,common,0.3000000000001674,0.09167308680392831,0.9999999999999962,0.021407937462436046,6280.0
8,birth,0.0,row,0.3000000000001674,0.09167308680392831,0.9999999999999962,0.021407937462436046,6280.0
8,cancelled,0.0,none,0.0,1.0,0.9999999999999998,0.0,448.0
8,cancelled,0.0,common,0.0,1.0,0.9999999999999998,0.0,448.0
8,cancelled,0.0,row,0.0,1.0,0.9999999999999998,0.0,448.0
16,minus,0.0,none,43.152208040407,5.370185526341149e-06,0.9999999999998679,0.009999946298147492,14072.0
16,minus,0.0,common,0.0,1.0,0.9999999999998679,0.0,27248.0
16,minus,0.0,row,3.483404084864588e-13,0.9999999999964881,0.9999999999998679,3.4968280744602926e-14,27248.0
16,common,0.0,none,14.796797523917258,4.566935406233798e-05,0.9999999999995676,0.009999543306458374,14072.0
16,common,0.0,common,3.502216086196979e-13,0.9999999999964693,0.9999999999995676,3.24567183374037e-14,27248.0
16,common,0.0,row,3.527279095343732e-13,0.9999999999964444,0.9999999999995676,3.214864910020805e-14,27248.0
16,row,0.0,none,28.040194973481405,1.2718236447642062e-05,0.9999999999995909,0.009999872817635123,14072.0
16,row,0.0,common,16.102187963906083,3.8565300354240476e-05,0.9999999999995909,0.009999614346991087,27248.0
16,row,0.0,row,3.529942019060309e-13,0.9999999999964417,0.9999999999995909,3.1918446893372114e-14,27248.0
16,mismatch,0.0,none,28.040194973481405,1.2718236447642062e-05,0.9999999999995909,0.009999872817635123,14072.0
16,mismatch,0.0,common,16.102187963906083,3.8565300354240476e-05,0.9999999999995909,0.009999614346991087,27248.0
16,mismatch,0.0,row,3.529942019060309e-13,0.9999999999964417,0.9999999999995909,3.1918446893372114e-14,27248.0
16,mismatch,0.001,none,28.038106455739214,1.2720131195851031e-05,0.9391673568672703,0.010006714831579605,16700.0
16,mismatch,0.001,common,16.101363350963073,3.8569250306351156e-05,0.9391673568672703,0.010006455326780581,32504.0
16,mismatch,0.001,row,0.021719111718341764,0.805117960215148,0.9391673568672703,0.001792999498758533,32504.0
16,mismatch,0.01,none,28.053036864097503,1.2706595307370837e-05,0.5790124185288136,0.010219631270537245,16700.0
16,mismatch,0.01,common,16.1081627143319,3.853669900957033e-05,0.5790124185288136,0.01021928949581745,32504.0
16,mismatch,0.01,row,0.21407844721089975,0.1555845451887742,0.5790124185288136,0.008068880595253968,32504.0
16,mismatch,0.1,none,28.167696114291793,1.2603361677406743e-05,0.041577787203979644,0.011769199970203112,16700.0
16,mismatch,0.1,common,16.373018737312503,3.730010748385041e-05,0.041577787203979644,0.011762501577984955,32504.0
16,mismatch,0.1,row,2.2963420173974978,0.0018892278569643513,0.041577787203979644,0.011259255646247725,32504.0
16,birth,0.0,none,0.3000000000003108,0.09167308680385543,0.9999999999999968,0.014308227793354233,14108.0
16,birth,0.0,common,0.3000000000003108,0.09167308680385543,0.9999999999999968,0.014308227793354233,27320.0
16,birth,0.0,row,0.30000000000035154,0.0916730868038347,0.9999999999999968,0.014308227793349792,27320.0
16,cancelled,0.0,none,0.0,1.0,0.9999999999999998,0.0,896.0
16,cancelled,0.0,common,0.0,1.0,0.9999999999999998,0.0,896.0
16,cancelled,0.0,row,0.0,1.0,0.9999999999999998,0.0,896.0
