engine,candidate,baseline,metric,estimate,lo,hi,episodes,candidate_p90,baseline_p90,equivalent
synthetic,phase_relative,residual,conservative_diff,-0.0008130900065104166,-0.0014558156331380208,-0.00016550191243489584,32,5.957031250000005e-05,0.0014052734375000005,False
synthetic,phase_relative,stable,conservative_diff,-0.00017842610677083333,-0.00030293782552083325,-5.1371256510416674e-05,32,5.957031250000005e-05,0.0005950520833333339,False
synthetic,relative_radau,residual,conservative_diff,-0.0008267211914062499,-0.0014753316243489582,-0.0001741383870442708,32,2.5390625000000016e-05,0.0014052734375000005,False
synthetic,relative_radau,stable,conservative_diff,-0.00019205729166666666,-0.0003224690755208332,-5.9814453125000006e-05,32,2.5390625000000016e-05,0.0005950520833333339,False
synthetic,r6_deep,residual,conservative_diff,-0.0008052571614583332,-0.0014461263020833332,-0.00016041310628255205,32,9.082031250000008e-05,0.0014052734375000005,False
synthetic,r6_deep,stable,conservative_diff,-0.00017059326171875,-0.0002922592163085937,-4.617818196614581e-05,32,9.082031250000008e-05,0.0005950520833333339,False
tdl,phase_relative,residual,conservative_diff,-0.0001468912760416667,-0.0002327524820963542,-6.144205729166668e-05,32,1.8880208333333348e-05,0.00025911458333333336,True
tdl,phase_relative,stable,conservative_diff,-4.9641927083333335e-05,-6.490071614583334e-05,-3.4383138020833335e-05,32,1.8880208333333348e-05,0.0002076822916666667,True
tdl,relative_radau,residual,conservative_diff,-0.0001493326822916667,-0.00023763020833333332,-6.184387207031247e-05,32,1.3020833333333334e-05,0.00025911458333333336,True
tdl,relative_radau,stable,conservative_diff,-5.208333333333334e-05,-6.896972656250001e-05,-3.5598754882812476e-05,32,1.3020833333333334e-05,0.0002076822916666667,True
tdl,r6_deep,residual,conservative_diff,-0.00014729817708333337,-0.00023356628417968753,-6.164550781249999e-05,32,1.8880208333333348e-05,0.00025911458333333336,True
tdl,r6_deep,stable,conservative_diff,-5.0048828125000004e-05,-6.551106770833334e-05,-3.4586588541666666e-05,32,1.8880208333333348e-05,0.0002076822916666667,True
