file,frame,iteration,energy_equal,residual_equal,payload_bound,full_bound
synthetic_high_N128_qpsk_1080800_afdm.trace.json,0,4,True,True,1.0,1.0
synthetic_high_N128_qpsk_1080800_afdm.trace.json,0,8,True,True,1.0,1.0
synthetic_high_N128_qpsk_1080800_afdm.trace.json,0,12,True,True,1.0,1.0
synthetic_high_N128_qpsk_1080800_afdm.trace.json,0,16,True,True,1.0,1.0
synthetic_high_N128_qpsk_1080800_afdm.trace.json,0,20,True,True,1.0,1.0
synthetic_high_N128_qpsk_1080800_afdm.trace.json,0,24,True,True,1.0,1.0
synthetic_high_N128_qpsk_1080800_afdm.trace.json,0,28,True,True,1.0,1.0
synthetic_high_N128_qpsk_1080800_afdm.trace.json,0,32,True,True,1.0,1.0
synthetic_high_N128_qpsk_1080800_afdm.trace.json,0,36,True,True,1.0,1.0
synthetic_high_N128_qpsk_1080800_afdm.trace.json,0,40,True,True,1.0,1.0
synthetic_high_N128_qpsk_1080800_afdm.trace.json,0,44,True,True,0.98046875,0.98046875
synthetic_high_N128_qpsk_1080800_afdm.trace.json,0,48,True,True,0.75390625,0.75390625
synthetic_high_N128_qpsk_1080800_afdm.trace.json,0,52,True,True,0.0078125,0.0078125
synthetic_high_N128_qpsk_1080800_afdm.trace.json,1,4,True,True,1.0,1.0
synthetic_high_N128_qpsk_1080800_afdm.trace.json,1,8,True,True,1.0,1.0
synthetic_high_N128_qpsk_1080800_afdm.trace.json,1,12,True,True,1.0,1.0
synthetic_high_N128_qpsk_1080800_afdm.trace.json,1,16,True,True,1.0,1.0
synthetic_high_N128_qpsk_1080800_afdm.trace.json,1,20,True,True,1.0,1.0
synthetic_high_N128_qpsk_1080800_afdm.trace.json,1,24,True,True,1.0,1.0
synthetic_high_N128_qpsk_1080800_afdm.trace.json,1,28,True,True,1.0,1.0
synthetic_high_N128_qpsk_1080800_afdm.trace.json,1,32,True,True,1.0,1.0
synthetic_high_N128_qpsk_1080800_afdm.trace.json,1,36,True,True,1.0,1.0
synthetic_high_N128_qpsk_1080800_afdm.trace.json,1,40,True,True,1.0,1.0
synthetic_high_N128_qpsk_1080800_afdm.trace.json,1,44,True,True,1.0,1.0
synthetic_high_N128_qpsk_1080800_afdm.trace.json,1,48,True,True,0.75390625,0.75390625
synthetic_high_N128_qpsk_1080800_afdm.trace.json,1,52,True,True,0.13671875,0.13671875
synthetic_high_N128_qpsk_1080800_afdm.trace.json,1,56,True,True,0.0078125,0.0078125
synthetic_high_N128_qpsk_1080800_afdm.trace.json,2,4,True,True,1.0,1.0
synthetic_high_N128_qpsk_1080800_afdm.trace.json,2,8,True,True,1.0,1.0
synthetic_high_N128_qpsk_1080800_afdm.trace.json,2,12,True,True,1.0,1.0
synthetic_high_N128_qpsk_1080800_afdm.trace.json,2,16,True,True,1.0,1.0
synthetic_high_N128_qpsk_1080800_afdm.trace.json,2,20,True,True,1.0,1.0
synthetic_high_N128_qpsk_1080800_afdm.trace.json,2,24,True,True,1.0,1.0
synthetic_high_N128_qpsk_1080800_afdm.trace.json,2,28,True,True,1.0,1.0
synthetic_high_N128_qpsk_1080800_afdm.trace.json,2,32,True,True,1.0,1.0
synthetic_high_N128_qpsk_1080800_afdm.trace.json,2,36,True,True,1.0,1.0
synthetic_high_N128_qpsk_1080800_afdm.trace.json,2,40,True,True,1.0,1.0
synthetic_high_N128_qpsk_1080800_afdm.trace.json,2,44,True,True,1.0,1.0
synthetic_high_N128_qpsk_1080800_afdm.trace.json,2,48,True,True,0.44140625,0.44140625
synthetic_high_N128_qpsk_1080800_afdm.trace.json,2,52,True,True,0.0078125,0.0078125
synthetic_high_N128_qpsk_1080800_afdm.trace.json,3,4,True,True,1.0,1.0
synthetic_high_N128_qpsk_1080800_afdm.trace.json,3,8,True,True,1.0,1.0
synthetic_high_N128_qpsk_1080800_afdm.trace.json,3,12,True,True,1.0,1.0
synthetic_high_N128_qpsk_1080800_afdm.trace.json,3,16,True,True,1.0,1.0
synthetic_high_N128_qpsk_1080800_afdm.trace.json,3,20,True,True,1.0,1.0
synthetic_high_N128_qpsk_1080800_afdm.trace.json,3,24,True,True,1.0,1.0
synthetic_high_N128_qpsk_1080800_afdm.trace.json,3,28,True,True,1.0,1.0
synthetic_high_N128_qpsk_1080800_afdm.trace.json,3,32,True,True,1.0,1.0
synthetic_high_N128_qpsk_1080800_afdm.trace.json,3,36,True,True,1.0,1.0
synthetic_high_N128_qpsk_1080800_afdm.trace.json,3,40,True,True,1.0,1.0
synthetic_high_N128_qpsk_1080800_afdm.trace.json,3,44,True,True,0.87109375,0.87109375
synthetic_high_N128_qpsk_1080800_afdm.trace.json,3,48,True,True,0.0078125,0.0078125
synthetic_high_N128_qpsk_1080800_afdm.trace.json,4,4,True,True,1.0,1.0
synthetic_high_N128_qpsk_1080800_afdm.trace.json,4,8,True,True,1.0,1.0
synthetic_high_N128_qpsk_1080800_afdm.trace.json,4,12,True,True,1.0,1.0
synthetic_high_N128_qpsk_1080800_afdm.trace.json,4,16,True,True,1.0,1.0
synthetic_high_N128_qpsk_1080800_afdm.trace.json,4,20,True,True,1.0,1.0
synthetic_high_N128_qpsk_1080800_afdm.trace.json,4,24,True,True,1.0,1.0
synthetic_high_N128_qpsk_1080800_afdm.trace.json,4,28,True,True,1.0,1.0
synthetic_high_N128_qpsk_1080800_afdm.trace.json,4,32,True,True,1.0,1.0
synthetic_high_N128_qpsk_1080800_afdm.trace.json,4,36,True,True,1.0,1.0
synthetic_high_N128_qpsk_1080800_afdm.trace.json,4,40,True,True,1.0,1.0
synthetic_high_N128_qpsk_1080800_afdm.trace.json,4,44,True,True,0.99609375,0.99609375
synthetic_high_N128_qpsk_1080800_afdm.trace.json,4,48,True,True,0.73046875,0.73046875
synthetic_high_N128_qpsk_1080800_afdm.trace.json,4,52,True,True,0.0078125,0.0078125
synthetic_high_N128_qpsk_1080800_afdm.trace.json,5,4,True,True,1.0,1.0
synthetic_high_N128_qpsk_1080800_afdm.trace.json,5,8,True,True,1.0,1.0
synthetic_high_N128_qpsk_1080800_afdm.trace.json,5,12,True,True,1.0,1.0
synthetic_high_N128_qpsk_1080800_afdm.trace.json,5,16,True,True,1.0,1.0
synthetic_high_N128_qpsk_1080800_afdm.trace.json,5,20,True,True,1.0,1.0
synthetic_high_N128_qpsk_1080800_afdm.trace.json,5,24,True,True,1.0,1.0
synthetic_high_N128_qpsk_1080800_afdm.trace.json,5,28,True,True,1.0,1.0
synthetic_high_N128_qpsk_1080800_afdm.trace.json,5,32,True,True,1.0,1.0
synthetic_high_N128_qpsk_1080800_afdm.trace.json,5,36,True,True,1.0,1.0
synthetic_high_N128_qpsk_1080800_afdm.trace.json,5,40,True,True,1.0,1.0
synthetic_high_N128_qpsk_1080800_afdm.trace.json,5,44,True,True,0.9765625,0.9765625
synthetic_high_N128_qpsk_1080800_afdm.trace.json,5,48,True,True,0.328125,0.328125
synthetic_high_N128_qpsk_1080800_afdm.trace.json,5,52,True,True,0.04296875,0.04296875
synthetic_high_N128_qpsk_1080800_afdm.trace.json,5,56,True,True,0.0234375,0.0234375
synthetic_high_N128_qpsk_1080800_afdm.trace.json,5,60,True,True,0.0078125,0.0078125
synthetic_high_N128_qpsk_1080800_ofdm.trace.json,0,4,True,True,1.0,1.0
synthetic_high_N128_qpsk_1080800_ofdm.trace.json,0,8,True,True,1.0,1.0
synthetic_high_N128_qpsk_1080800_ofdm.trace.json,0,12,True,True,1.0,1.0
synthetic_high_N128_qpsk_1080800_ofdm.trace.json,0,16,True,True,1.0,1.0
synthetic_high_N128_qpsk_1080800_ofdm.trace.json,0,20,True,True,1.0,1.0
synthetic_high_N128_qpsk_1080800_ofdm.trace.json,0,24,True,True,1.0,1.0
synthetic_high_N128_qpsk_1080800_ofdm.trace.json,0,28,True,True,1.0,1.0
synthetic_high_N128_qpsk_1080800_ofdm.trace.json,0,32,True,True,1.0,1.0
synthetic_high_N128_qpsk_1080800_ofdm.trace.json,0,36,True,True,1.0,1.0
synthetic_high_N128_qpsk_1080800_ofdm.trace.json,0,40,True,True,1.0,1.0
synthetic_high_N128_qpsk_1080800_ofdm.trace.json,0,44,True,True,0.953125,0.953125
synthetic_high_N128_qpsk_1080800_ofdm.trace.json,0,48,True,True,0.58984375,0.58984375
synthetic_high_N128_qpsk_1080800_ofdm.trace.json,0,52,True,True,0.26171875,0.26171875
synthetic_high_N128_qpsk_1080800_ofdm.trace.json,0,56,True,True,0.04296875,0.04296875
synthetic_high_N128_qpsk_1080800_ofdm.trace.json,0,60,True,True,0.0078125,0.0078125
synthetic_high_N128_qpsk_1080800_ofdm.trace.json,1,4,True,True,1.0,1.0
synthetic_high_N128_qpsk_1080800_ofdm.trace.json,1,8,True,True,1.0,1.0
synthetic_high_N128_qpsk_1080800_ofdm.trace.json,1,12,True,True,1.0,1.0
synthetic_high_N128_qpsk_1080800_ofdm.trace.json,1,16,True,True,1.0,1.0
synthetic_high_N128_qpsk_1080800_ofdm.trace.json,1,20,True,True,1.0,1.0
synthetic_high_N128_qpsk_1080800_ofdm.trace.json,1,24,True,True,1.0,1.0
synthetic_high_N128_qpsk_1080800_ofdm.trace.json,1,28,True,True,1.0,1.0
synthetic_high_N128_qpsk_1080800_ofdm.trace.json,1,32,True,True,1.0,1.0
synthetic_high_N128_qpsk_1080800_ofdm.trace.json,1,36,True,True,1.0,1.0
synthetic_high_N128_qpsk_1080800_ofdm.trace.json,1,40,True,True,1.0,1.0
synthetic_high_N128_qpsk_1080800_ofdm.trace.json,1,44,True,True,1.0,1.0
synthetic_high_N128_qpsk_1080800_ofdm.trace.json,1,48,True,True,0.93359375,0.93359375
synthetic_high_N128_qpsk_1080800_ofdm.trace.json,1,52,True,True,0.0078125,0.0078125
synthetic_high_N128_qpsk_1080800_ofdm.trace.json,2,4,True,True,1.0,1.0
synthetic_high_N128_qpsk_1080800_ofdm.trace.json,2,8,True,True,1.0,1.0
synthetic_high_N128_qpsk_1080800_ofdm.trace.json,2,12,True,True,1.0,1.0
synthetic_high_N128_qpsk_1080800_ofdm.trace.json,2,16,True,True,1.0,1.0
synthetic_high_N128_qpsk_1080800_ofdm.trace.json,2,20,True,True,1.0,1.0
synthetic_high_N128_qpsk_1080800_ofdm.trace.json,2,24,True,True,1.0,1.0
synthetic_high_N128_qpsk_1080800_ofdm.trace.json,2,28,True,True,1.0,1.0
synthetic_high_N128_qpsk_1080800_ofdm.trace.json,2,32,True,True,1.0,1.0
synthetic_high_N128_qpsk_1080800_ofdm.trace.json,2,36,True,True,1.0,1.0
synthetic_high_N128_qpsk_1080800_ofdm.trace.json,2,40,True,True,1.0,1.0
synthetic_high_N128_qpsk_1080800_ofdm.trace.json,2,44,True,True,0.828125,0.828125
synthetic_high_N128_qpsk_1080800_ofdm.trace.json,2,48,True,True,0.0078125,0.0078125
synthetic_high_N128_qpsk_1080800_ofdm.trace.json,3,4,True,True,1.0,1.0
synthetic_high_N128_qpsk_1080800_ofdm.trace.json,3,8,True,True,1.0,1.0
synthetic_high_N128_qpsk_1080800_ofdm.trace.json,3,12,True,True,1.0,1.0
synthetic_high_N128_qpsk_1080800_ofdm.trace.json,3,16,True,True,1.0,1.0
synthetic_high_N128_qpsk_1080800_ofdm.trace.json,3,20,True,True,1.0,1.0
synthetic_high_N128_qpsk_1080800_ofdm.trace.json,3,24,True,True,1.0,1.0
synthetic_high_N128_qpsk_1080800_ofdm.trace.json,3,28,True,True,1.0,1.0
synthetic_high_N128_qpsk_1080800_ofdm.trace.json,3,32,True,True,1.0,1.0
synthetic_high_N128_qpsk_1080800_ofdm.trace.json,3,36,True,True,1.0,1.0
synthetic_high_N128_qpsk_1080800_ofdm.trace.json,3,40,True,True,1.0,1.0
synthetic_high_N128_qpsk_1080800_ofdm.trace.json,3,44,True,True,1.0,1.0
synthetic_high_N128_qpsk_1080800_ofdm.trace.json,3,48,True,True,0.80078125,0.80078125
synthetic_high_N128_qpsk_1080800_ofdm.trace.json,3,52,True,True,0.0078125,0.0078125
synthetic_high_N128_qpsk_1080800_ofdm.trace.json,4,4,True,True,1.0,1.0
synthetic_high_N128_qpsk_1080800_ofdm.trace.json,4,8,True,True,1.0,1.0
synthetic_high_N128_qpsk_1080800_ofdm.trace.json,4,12,True,True,1.0,1.0
synthetic_high_N128_qpsk_1080800_ofdm.trace.json,4,16,True,True,1.0,1.0
synthetic_high_N128_qpsk_1080800_ofdm.trace.json,4,20,True,True,1.0,1.0
synthetic_high_N128_qpsk_1080800_ofdm.trace.json,4,24,True,True,1.0,1.0
synthetic_high_N128_qpsk_1080800_ofdm.trace.json,4,28,True,True,1.0,1.0
synthetic_high_N128_qpsk_1080800_ofdm.trace.json,4,32,True,True,1.0,1.0
synthetic_high_N128_qpsk_1080800_ofdm.trace.json,4,36,True,True,1.0,1.0
synthetic_high_N128_qpsk_1080800_ofdm.trace.json,4,40,True,True,0.99609375,0.99609375
synthetic_high_N128_qpsk_1080800_ofdm.trace.json,4,44,True,True,0.87890625,0.87890625
synthetic_high_N128_qpsk_1080800_ofdm.trace.json,4,48,True,True,0.26953125,0.26953125
synthetic_high_N128_qpsk_1080800_ofdm.trace.json,4,52,True,True,0.0078125,0.0078125
synthetic_high_N128_qpsk_1080800_ofdm.trace.json,5,4,True,True,1.0,1.0
synthetic_high_N128_qpsk_1080800_ofdm.trace.json,5,8,True,True,1.0,1.0
synthetic_high_N128_qpsk_1080800_ofdm.trace.json,5,12,True,True,1.0,1.0
synthetic_high_N128_qpsk_1080800_ofdm.trace.json,5,16,True,True,1.0,1.0
synthetic_high_N128_qpsk_1080800_ofdm.trace.json,5,20,True,True,1.0,1.0
synthetic_high_N128_qpsk_1080800_ofdm.trace.json,5,24,True,True,1.0,1.0
synthetic_high_N128_qpsk_1080800_ofdm.trace.json,5,28,True,True,1.0,1.0
synthetic_high_N128_qpsk_1080800_ofdm.trace.json,5,32,True,True,1.0,1.0
synthetic_high_N128_qpsk_1080800_ofdm.trace.json,5,36,True,True,1.0,1.0
synthetic_high_N128_qpsk_1080800_ofdm.trace.json,5,40,True,True,1.0,1.0
synthetic_high_N128_qpsk_1080800_ofdm.trace.json,5,44,True,True,0.98046875,0.98046875
synthetic_high_N128_qpsk_1080800_ofdm.trace.json,5,48,True,True,0.0078125,0.0078125
synthetic_high_N128_qpsk_1080800_otfs.trace.json,0,4,True,True,1.0,1.0
synthetic_high_N128_qpsk_1080800_otfs.trace.json,0,8,True,True,1.0,1.0
synthetic_high_N128_qpsk_1080800_otfs.trace.json,0,12,True,True,1.0,1.0
synthetic_high_N128_qpsk_1080800_otfs.trace.json,0,16,True,True,1.0,1.0
synthetic_high_N128_qpsk_1080800_otfs.trace.json,0,20,True,True,1.0,1.0
synthetic_high_N128_qpsk_1080800_otfs.trace.json,0,24,True,True,1.0,1.0
synthetic_high_N128_qpsk_1080800_otfs.trace.json,0,28,True,True,1.0,1.0
synthetic_high_N128_qpsk_1080800_otfs.trace.json,0,32,True,True,1.0,1.0
synthetic_high_N128_qpsk_1080800_otfs.trace.json,0,36,True,True,1.0,1.0
synthetic_high_N128_qpsk_1080800_otfs.trace.json,0,40,True,True,1.0,1.0
synthetic_high_N128_qpsk_1080800_otfs.trace.json,0,44,True,True,0.96484375,0.96484375
synthetic_high_N128_qpsk_1080800_otfs.trace.json,0,48,True,True,0.69140625,0.69140625
synthetic_high_N128_qpsk_1080800_otfs.trace.json,0,52,True,True,0.0078125,0.0078125
synthetic_high_N128_qpsk_1080800_otfs.trace.json,1,4,True,True,1.0,1.0
synthetic_high_N128_qpsk_1080800_otfs.trace.json,1,8,True,True,1.0,1.0
synthetic_high_N128_qpsk_1080800_otfs.trace.json,1,12,True,True,1.0,1.0
synthetic_high_N128_qpsk_1080800_otfs.trace.json,1,16,True,True,1.0,1.0
synthetic_high_N128_qpsk_1080800_otfs.trace.json,1,20,True,True,1.0,1.0
synthetic_high_N128_qpsk_1080800_otfs.trace.json,1,24,True,True,1.0,1.0
synthetic_high_N128_qpsk_1080800_otfs.trace.json,1,28,True,True,1.0,1.0
synthetic_high_N128_qpsk_1080800_otfs.trace.json,1,32,True,True,1.0,1.0
synthetic_high_N128_qpsk_1080800_otfs.trace.json,1,36,True,True,1.0,1.0
synthetic_high_N128_qpsk_1080800_otfs.trace.json,1,40,True,True,1.0,1.0
synthetic_high_N128_qpsk_1080800_otfs.trace.json,1,44,True,True,1.0,1.0
synthetic_high_N128_qpsk_1080800_otfs.trace.json,1,48,True,True,0.0078125,0.0078125
synthetic_high_N128_qpsk_1080800_otfs.trace.json,2,4,True,True,1.0,1.0
synthetic_high_N128_qpsk_1080800_otfs.trace.json,2,8,True,True,1.0,1.0
synthetic_high_N128_qpsk_1080800_otfs.trace.json,2,12,True,True,1.0,1.0
synthetic_high_N128_qpsk_1080800_otfs.trace.json,2,16,True,True,1.0,1.0
synthetic_high_N128_qpsk_1080800_otfs.trace.json,2,20,True,True,1.0,1.0
synthetic_high_N128_qpsk_1080800_otfs.trace.json,2,24,True,True,1.0,1.0
synthetic_high_N128_qpsk_1080800_otfs.trace.json,2,28,True,True,1.0,1.0
synthetic_high_N128_qpsk_1080800_otfs.trace.json,2,32,True,True,1.0,1.0
synthetic_high_N128_qpsk_1080800_otfs.trace.json,2,36,True,True,1.0,1.0
synthetic_high_N128_qpsk_1080800_otfs.trace.json,2,40,True,True,1.0,1.0
synthetic_high_N128_qpsk_1080800_otfs.trace.json,2,44,True,True,0.95703125,0.95703125
synthetic_high_N128_qpsk_1080800_otfs.trace.json,2,48,True,True,0.0078125,0.0078125
synthetic_high_N128_qpsk_1080800_otfs.trace.json,3,4,True,True,1.0,1.0
synthetic_high_N128_qpsk_1080800_otfs.trace.json,3,8,True,True,1.0,1.0
synthetic_high_N128_qpsk_1080800_otfs.trace.json,3,12,True,True,1.0,1.0
synthetic_high_N128_qpsk_1080800_otfs.trace.json,3,16,True,True,1.0,1.0
synthetic_high_N128_qpsk_1080800_otfs.trace.json,3,20,True,True,1.0,1.0
synthetic_high_N128_qpsk_1080800_otfs.trace.json,3,24,True,True,1.0,1.0
synthetic_high_N128_qpsk_1080800_otfs.trace.json,3,28,True,True,1.0,1.0
synthetic_high_N128_qpsk_1080800_otfs.trace.json,3,32,True,True,1.0,1.0
synthetic_high_N128_qpsk_1080800_otfs.trace.json,3,36,True,True,1.0,1.0
synthetic_high_N128_qpsk_1080800_otfs.trace.json,3,40,True,True,1.0,1.0
synthetic_high_N128_qpsk_1080800_otfs.trace.json,3,44,True,True,1.0,1.0
synthetic_high_N128_qpsk_1080800_otfs.trace.json,3,48,True,True,1.0,1.0
synthetic_high_N128_qpsk_1080800_otfs.trace.json,3,52,True,True,0.0078125,0.0078125
synthetic_high_N128_qpsk_1080800_otfs.trace.json,4,4,True,True,1.0,1.0
synthetic_high_N128_qpsk_1080800_otfs.trace.json,4,8,True,True,1.0,1.0
synthetic_high_N128_qpsk_1080800_otfs.trace.json,4,12,True,True,1.0,1.0
synthetic_high_N128_qpsk_1080800_otfs.trace.json,4,16,True,True,1.0,1.0
synthetic_high_N128_qpsk_1080800_otfs.trace.json,4,20,True,True,1.0,1.0
synthetic_high_N128_qpsk_1080800_otfs.trace.json,4,24,True,True,1.0,1.0
synthetic_high_N128_qpsk_1080800_otfs.trace.json,4,28,True,True,1.0,1.0
synthetic_high_N128_qpsk_1080800_otfs.trace.json,4,32,True,True,1.0,1.0
synthetic_high_N128_qpsk_1080800_otfs.trace.json,4,36,True,True,1.0,1.0
synthetic_high_N128_qpsk_1080800_otfs.trace.json,4,40,True,True,1.0,1.0
synthetic_high_N128_qpsk_1080800_otfs.trace.json,4,44,True,True,0.66796875,0.66796875
synthetic_high_N128_qpsk_1080800_otfs.trace.json,4,48,True,True,0.0078125,0.0078125
synthetic_high_N128_qpsk_1080800_otfs.trace.json,5,4,True,True,1.0,1.0
synthetic_high_N128_qpsk_1080800_otfs.trace.json,5,8,True,True,1.0,1.0
synthetic_high_N128_qpsk_1080800_otfs.trace.json,5,12,True,True,1.0,1.0
synthetic_high_N128_qpsk_1080800_otfs.trace.json,5,16,True,True,1.0,1.0
synthetic_high_N128_qpsk_1080800_otfs.trace.json,5,20,True,True,1.0,1.0
synthetic_high_N128_qpsk_1080800_otfs.trace.json,5,24,True,True,1.0,1.0
synthetic_high_N128_qpsk_1080800_otfs.trace.json,5,28,True,True,1.0,1.0
synthetic_high_N128_qpsk_1080800_otfs.trace.json,5,32,True,True,1.0,1.0
synthetic_high_N128_qpsk_1080800_otfs.trace.json,5,36,True,True,1.0,1.0
synthetic_high_N128_qpsk_1080800_otfs.trace.json,5,40,True,True,1.0,1.0
synthetic_high_N128_qpsk_1080800_otfs.trace.json,5,44,True,True,1.0,1.0
synthetic_high_N128_qpsk_1080800_otfs.trace.json,5,48,True,True,0.0078125,0.0078125
synthetic_slow_N128_qpsk_1080000_afdm.trace.json,0,4,True,True,1.0,1.0
synthetic_slow_N128_qpsk_1080000_afdm.trace.json,0,8,True,True,0.96484375,0.96484375
synthetic_slow_N128_qpsk_1080000_afdm.trace.json,0,12,True,True,0.03125,0.03125
synthetic_slow_N128_qpsk_1080000_afdm.trace.json,0,16,True,True,0.0,0.0
synthetic_slow_N128_qpsk_1080000_afdm.trace.json,1,4,True,True,1.0,1.0
synthetic_slow_N128_qpsk_1080000_afdm.trace.json,1,8,True,True,0.98046875,0.98046875
synthetic_slow_N128_qpsk_1080000_afdm.trace.json,1,12,True,True,0.17578125,0.17578125
synthetic_slow_N128_qpsk_1080000_afdm.trace.json,1,16,True,True,0.0,0.0
synthetic_slow_N128_qpsk_1080000_afdm.trace.json,2,4,True,True,1.0,1.0
synthetic_slow_N128_qpsk_1080000_afdm.trace.json,2,8,True,True,0.99609375,0.99609375
synthetic_slow_N128_qpsk_1080000_afdm.trace.json,2,12,True,True,0.03125,0.03125
synthetic_slow_N128_qpsk_1080000_afdm.trace.json,2,16,True,True,0.0,0.0
synthetic_slow_N128_qpsk_1080000_afdm.trace.json,3,4,True,True,1.0,1.0
synthetic_slow_N128_qpsk_1080000_afdm.trace.json,3,8,True,True,1.0,1.0
synthetic_slow_N128_qpsk_1080000_afdm.trace.json,3,12,True,True,0.0,0.0
synthetic_slow_N128_qpsk_1080000_afdm.trace.json,4,4,True,True,1.0,1.0
synthetic_slow_N128_qpsk_1080000_afdm.trace.json,4,8,True,True,1.0,1.0
synthetic_slow_N128_qpsk_1080000_afdm.trace.json,4,12,True,True,0.0,0.0
synthetic_slow_N128_qpsk_1080000_afdm.trace.json,5,4,True,True,1.0,1.0
synthetic_slow_N128_qpsk_1080000_afdm.trace.json,5,8,True,True,0.9375,0.9375
synthetic_slow_N128_qpsk_1080000_afdm.trace.json,5,12,True,True,0.0,0.0
synthetic_slow_N128_qpsk_1080000_ofdm.trace.json,0,4,True,True,0.921875,0.921875
synthetic_slow_N128_qpsk_1080000_ofdm.trace.json,0,8,True,True,0.296875,0.296875
synthetic_slow_N128_qpsk_1080000_ofdm.trace.json,0,12,True,True,0.10546875,0.10546875
synthetic_slow_N128_qpsk_1080000_ofdm.trace.json,0,16,True,True,0.03515625,0.03515625
synthetic_slow_N128_qpsk_1080000_ofdm.trace.json,0,20,True,True,0.01171875,0.01171875
synthetic_slow_N128_qpsk_1080000_ofdm.trace.json,0,24,True,True,0.0078125,0.0078125
synthetic_slow_N128_qpsk_1080000_ofdm.trace.json,1,4,True,True,0.9296875,0.9296875
synthetic_slow_N128_qpsk_1080000_ofdm.trace.json,1,8,True,True,0.28125,0.28125
synthetic_slow_N128_qpsk_1080000_ofdm.trace.json,1,12,True,True,0.08984375,0.08984375
synthetic_slow_N128_qpsk_1080000_ofdm.trace.json,1,16,True,True,0.02734375,0.02734375
synthetic_slow_N128_qpsk_1080000_ofdm.trace.json,1,20,True,True,0.01171875,0.01171875
synthetic_slow_N128_qpsk_1080000_ofdm.trace.json,1,24,True,True,0.0078125,0.0078125
synthetic_slow_N128_qpsk_1080000_ofdm.trace.json,2,4,True,True,0.90625,0.90625
synthetic_slow_N128_qpsk_1080000_ofdm.trace.json,2,8,True,True,0.234375,0.234375
synthetic_slow_N128_qpsk_1080000_ofdm.trace.json,2,12,True,True,0.09765625,0.09765625
synthetic_slow_N128_qpsk_1080000_ofdm.trace.json,2,16,True,True,0.02734375,0.02734375
synthetic_slow_N128_qpsk_1080000_ofdm.trace.json,2,20,True,True,0.01171875,0.01171875
synthetic_slow_N128_qpsk_1080000_ofdm.trace.json,2,24,True,True,0.0078125,0.0078125
synthetic_slow_N128_qpsk_1080000_ofdm.trace.json,3,4,True,True,0.875,0.875
synthetic_slow_N128_qpsk_1080000_ofdm.trace.json,3,8,True,True,0.22265625,0.22265625
synthetic_slow_N128_qpsk_1080000_ofdm.trace.json,3,12,True,True,0.09375,0.09375
synthetic_slow_N128_qpsk_1080000_ofdm.trace.json,3,16,True,True,0.03515625,0.03515625
synthetic_slow_N128_qpsk_1080000_ofdm.trace.json,3,20,True,True,0.015625,0.015625
synthetic_slow_N128_qpsk_1080000_ofdm.trace.json,3,24,True,True,0.0078125,0.0078125
synthetic_slow_N128_qpsk_1080000_ofdm.trace.json,4,4,True,True,0.87109375,0.87109375
synthetic_slow_N128_qpsk_1080000_ofdm.trace.json,4,8,True,True,0.21875,0.21875
synthetic_slow_N128_qpsk_1080000_ofdm.trace.json,4,12,True,True,0.09765625,0.09765625
synthetic_slow_N128_qpsk_1080000_ofdm.trace.json,4,16,True,True,0.04296875,0.04296875
synthetic_slow_N128_qpsk_1080000_ofdm.trace.json,4,20,True,True,0.015625,0.015625
synthetic_slow_N128_qpsk_1080000_ofdm.trace.json,4,24,True,True,0.01171875,0.01171875
synthetic_slow_N128_qpsk_1080000_ofdm.trace.json,4,28,True,True,0.0078125,0.0078125
synthetic_slow_N128_qpsk_1080000_ofdm.trace.json,5,4,True,True,0.87109375,0.87109375
synthetic_slow_N128_qpsk_1080000_ofdm.trace.json,5,8,True,True,0.23828125,0.23828125
synthetic_slow_N128_qpsk_1080000_ofdm.trace.json,5,12,True,True,0.1015625,0.1015625
synthetic_slow_N128_qpsk_1080000_ofdm.trace.json,5,16,True,True,0.0234375,0.0234375
synthetic_slow_N128_qpsk_1080000_ofdm.trace.json,5,20,True,True,0.01171875,0.01171875
synthetic_slow_N128_qpsk_1080000_ofdm.trace.json,5,24,True,True,0.0078125,0.0078125
synthetic_slow_N128_qpsk_1080000_otfs.trace.json,0,4,True,True,1.0,1.0
synthetic_slow_N128_qpsk_1080000_otfs.trace.json,0,8,True,True,0.80078125,0.80078125
synthetic_slow_N128_qpsk_1080000_otfs.trace.json,0,12,True,True,0.12109375,0.12109375
synthetic_slow_N128_qpsk_1080000_otfs.trace.json,0,16,True,True,0.0,0.0
synthetic_slow_N128_qpsk_1080000_otfs.trace.json,1,4,True,True,1.0,1.0
synthetic_slow_N128_qpsk_1080000_otfs.trace.json,1,8,True,True,0.921875,0.921875
synthetic_slow_N128_qpsk_1080000_otfs.trace.json,1,12,True,True,0.1484375,0.1484375
synthetic_slow_N128_qpsk_1080000_otfs.trace.json,1,16,True,True,0.0,0.0
synthetic_slow_N128_qpsk_1080000_otfs.trace.json,2,4,True,True,1.0,1.0
synthetic_slow_N128_qpsk_1080000_otfs.trace.json,2,8,True,True,0.49609375,0.49609375
synthetic_slow_N128_qpsk_1080000_otfs.trace.json,2,12,True,True,0.09375,0.09375
synthetic_slow_N128_qpsk_1080000_otfs.trace.json,2,16,True,True,0.0,0.0
synthetic_slow_N128_qpsk_1080000_otfs.trace.json,3,4,True,True,1.0,1.0
synthetic_slow_N128_qpsk_1080000_otfs.trace.json,3,8,True,True,0.890625,0.890625
synthetic_slow_N128_qpsk_1080000_otfs.trace.json,3,12,True,True,0.078125,0.078125
synthetic_slow_N128_qpsk_1080000_otfs.trace.json,3,16,True,True,0.0,0.0
synthetic_slow_N128_qpsk_1080000_otfs.trace.json,4,4,True,True,1.0,1.0
synthetic_slow_N128_qpsk_1080000_otfs.trace.json,4,8,True,True,0.921875,0.921875
synthetic_slow_N128_qpsk_1080000_otfs.trace.json,4,12,True,True,0.171875,0.171875
synthetic_slow_N128_qpsk_1080000_otfs.trace.json,4,16,True,True,0.078125,0.078125
synthetic_slow_N128_qpsk_1080000_otfs.trace.json,4,20,True,True,0.0390625,0.0390625
synthetic_slow_N128_qpsk_1080000_otfs.trace.json,4,24,True,True,0.0,0.0
synthetic_slow_N128_qpsk_1080000_otfs.trace.json,5,4,True,True,1.0,1.0
synthetic_slow_N128_qpsk_1080000_otfs.trace.json,5,8,True,True,0.9453125,0.9453125
synthetic_slow_N128_qpsk_1080000_otfs.trace.json,5,12,True,True,0.1484375,0.1484375
synthetic_slow_N128_qpsk_1080000_otfs.trace.json,5,16,True,True,0.015625,0.015625
synthetic_slow_N128_qpsk_1080000_otfs.trace.json,5,20,True,True,0.0,0.0
tdl_high_N128_qpsk_1082400_afdm.trace.json,0,4,True,True,0.0,0.5
tdl_high_N128_qpsk_1082400_afdm.trace.json,1,4,True,True,1.0,1.0
tdl_high_N128_qpsk_1082400_afdm.trace.json,1,8,True,True,0.0,0.5
tdl_high_N128_qpsk_1082400_afdm.trace.json,2,4,True,True,1.0,1.0
tdl_high_N128_qpsk_1082400_afdm.trace.json,2,8,True,True,1.0,1.0
tdl_high_N128_qpsk_1082400_afdm.trace.json,2,12,True,True,1.0,1.0
tdl_high_N128_qpsk_1082400_afdm.trace.json,2,16,True,True,1.0,1.0
tdl_high_N128_qpsk_1082400_afdm.trace.json,2,20,True,True,1.0,1.0
tdl_high_N128_qpsk_1082400_afdm.trace.json,2,24,True,True,0.4296875,0.71484375
tdl_high_N128_qpsk_1082400_afdm.trace.json,2,28,True,True,0.0,0.5
tdl_high_N128_qpsk_1082400_afdm.trace.json,3,4,True,True,1.0,1.0
tdl_high_N128_qpsk_1082400_afdm.trace.json,3,8,True,True,1.0,1.0
tdl_high_N128_qpsk_1082400_afdm.trace.json,3,12,True,True,1.0,1.0
tdl_high_N128_qpsk_1082400_afdm.trace.json,3,16,True,True,1.0,1.0
tdl_high_N128_qpsk_1082400_afdm.trace.json,3,20,True,True,0.2578125,0.62890625
tdl_high_N128_qpsk_1082400_afdm.trace.json,3,24,True,True,0.0,0.49609375
tdl_high_N128_qpsk_1082400_afdm.trace.json,4,4,True,True,1.0,1.0
tdl_high_N128_qpsk_1082400_afdm.trace.json,4,8,True,True,1.0,1.0
tdl_high_N128_qpsk_1082400_afdm.trace.json,4,12,True,True,1.0,1.0
tdl_high_N128_qpsk_1082400_afdm.trace.json,4,16,True,True,1.0,1.0
tdl_high_N128_qpsk_1082400_afdm.trace.json,4,20,True,True,1.0,1.0
tdl_high_N128_qpsk_1082400_afdm.trace.json,4,24,True,True,1.0,1.0
tdl_high_N128_qpsk_1082400_afdm.trace.json,4,28,True,True,1.0,1.0
tdl_high_N128_qpsk_1082400_afdm.trace.json,4,32,True,True,0.0078125,0.50390625
tdl_high_N128_qpsk_1082400_afdm.trace.json,5,4,True,True,1.0,1.0
tdl_high_N128_qpsk_1082400_afdm.trace.json,5,8,True,True,1.0,1.0
tdl_high_N128_qpsk_1082400_afdm.trace.json,5,12,True,True,1.0,1.0
tdl_high_N128_qpsk_1082400_afdm.trace.json,5,16,True,True,1.0,1.0
tdl_high_N128_qpsk_1082400_afdm.trace.json,5,20,True,True,1.0,1.0
tdl_high_N128_qpsk_1082400_afdm.trace.json,5,24,True,True,1.0,1.0
tdl_high_N128_qpsk_1082400_afdm.trace.json,5,28,True,True,1.0,1.0
tdl_high_N128_qpsk_1082400_afdm.trace.json,5,32,True,True,1.0,1.0
tdl_high_N128_qpsk_1082400_afdm.trace.json,5,36,True,True,0.8359375,0.91796875
tdl_high_N128_qpsk_1082400_afdm.trace.json,5,40,True,True,0.0078125,0.5390625
tdl_high_N128_qpsk_1082400_ofdm.trace.json,0,4,True,True,0.140625,0.5703125
tdl_high_N128_qpsk_1082400_ofdm.trace.json,0,8,True,True,0.0,0.39453125
tdl_high_N128_qpsk_1082400_ofdm.trace.json,1,4,True,True,1.0,1.0
tdl_high_N128_qpsk_1082400_ofdm.trace.json,1,8,True,True,0.28125,0.640625
tdl_high_N128_qpsk_1082400_ofdm.trace.json,1,12,True,True,0.0,0.47265625
tdl_high_N128_qpsk_1082400_ofdm.trace.json,2,4,True,True,1.0,1.0
tdl_high_N128_qpsk_1082400_ofdm.trace.json,2,8,True,True,1.0,1.0
tdl_high_N128_qpsk_1082400_ofdm.trace.json,2,12,True,True,1.0,1.0
tdl_high_N128_qpsk_1082400_ofdm.trace.json,2,16,True,True,1.0,1.0
tdl_high_N128_qpsk_1082400_ofdm.trace.json,2,20,True,True,1.0,1.0
tdl_high_N128_qpsk_1082400_ofdm.trace.json,2,24,True,True,0.09375,0.546875
tdl_high_N128_qpsk_1082400_ofdm.trace.json,2,28,True,True,0.0,0.5
tdl_high_N128_qpsk_1082400_ofdm.trace.json,3,4,True,True,1.0,1.0
tdl_high_N128_qpsk_1082400_ofdm.trace.json,3,8,True,True,1.0,1.0
tdl_high_N128_qpsk_1082400_ofdm.trace.json,3,12,True,True,1.0,1.0
tdl_high_N128_qpsk_1082400_ofdm.trace.json,3,16,True,True,1.0,1.0
tdl_high_N128_qpsk_1082400_ofdm.trace.json,3,20,True,True,0.4609375,0.73046875
tdl_high_N128_qpsk_1082400_ofdm.trace.json,3,24,True,True,0.0,0.5
tdl_high_N128_qpsk_1082400_ofdm.trace.json,4,4,True,True,1.0,1.0
tdl_high_N128_qpsk_1082400_ofdm.trace.json,4,8,True,True,1.0,1.0
tdl_high_N128_qpsk_1082400_ofdm.trace.json,4,12,True,True,1.0,1.0
tdl_high_N128_qpsk_1082400_ofdm.trace.json,4,16,True,True,1.0,1.0
tdl_high_N128_qpsk_1082400_ofdm.trace.json,4,20,True,True,1.0,1.0
tdl_high_N128_qpsk_1082400_ofdm.trace.json,4,24,True,True,1.0,1.0
tdl_high_N128_qpsk_1082400_ofdm.trace.json,4,28,True,True,0.984375,0.9921875
tdl_high_N128_qpsk_1082400_ofdm.trace.json,4,32,True,True,0.0390625,0.51953125
tdl_high_N128_qpsk_1082400_ofdm.trace.json,4,36,True,True,0.015625,0.5078125
tdl_high_N128_qpsk_1082400_ofdm.trace.json,4,40,True,True,0.015625,0.5078125
tdl_high_N128_qpsk_1082400_ofdm.trace.json,4,44,True,True,0.015625,0.5
tdl_high_N128_qpsk_1082400_ofdm.trace.json,4,48,True,True,0.015625,0.484375
tdl_high_N128_qpsk_1082400_ofdm.trace.json,4,52,True,True,0.0078125,0.46484375
tdl_high_N128_qpsk_1082400_ofdm.trace.json,5,4,True,True,1.0,1.0
tdl_high_N128_qpsk_1082400_ofdm.trace.json,5,8,True,True,1.0,1.0
tdl_high_N128_qpsk_1082400_ofdm.trace.json,5,12,True,True,1.0,1.0
tdl_high_N128_qpsk_1082400_ofdm.trace.json,5,16,True,True,1.0,1.0
tdl_high_N128_qpsk_1082400_ofdm.trace.json,5,20,True,True,1.0,1.0
tdl_high_N128_qpsk_1082400_ofdm.trace.json,5,24,True,True,1.0,1.0
tdl_high_N128_qpsk_1082400_ofdm.trace.json,5,28,True,True,1.0,1.0
tdl_high_N128_qpsk_1082400_ofdm.trace.json,5,32,True,True,0.9296875,0.96484375
tdl_high_N128_qpsk_1082400_ofdm.trace.json,5,36,True,True,0.046875,0.5234375
tdl_high_N128_qpsk_1082400_ofdm.trace.json,5,40,True,True,0.03125,0.515625
tdl_high_N128_qpsk_1082400_ofdm.trace.json,5,44,True,True,0.0078125,0.5
tdl_high_N128_qpsk_1082400_otfs.trace.json,0,4,True,True,0.0,0.5
tdl_high_N128_qpsk_1082400_otfs.trace.json,1,4,True,True,1.0,1.0
tdl_high_N128_qpsk_1082400_otfs.trace.json,1,8,True,True,0.0,0.5
tdl_high_N128_qpsk_1082400_otfs.trace.json,2,4,True,True,1.0,1.0
tdl_high_N128_qpsk_1082400_otfs.trace.json,2,8,True,True,1.0,1.0
tdl_high_N128_qpsk_1082400_otfs.trace.json,2,12,True,True,1.0,1.0
tdl_high_N128_qpsk_1082400_otfs.trace.json,2,16,True,True,1.0,1.0
tdl_high_N128_qpsk_1082400_otfs.trace.json,2,20,True,True,1.0,1.0
tdl_high_N128_qpsk_1082400_otfs.trace.json,2,24,True,True,0.0,0.5
tdl_high_N128_qpsk_1082400_otfs.trace.json,3,4,True,True,1.0,1.0
tdl_high_N128_qpsk_1082400_otfs.trace.json,3,8,True,True,1.0,1.0
tdl_high_N128_qpsk_1082400_otfs.trace.json,3,12,True,True,1.0,1.0
tdl_high_N128_qpsk_1082400_otfs.trace.json,3,16,True,True,1.0,1.0
tdl_high_N128_qpsk_1082400_otfs.trace.json,3,20,True,True,0.0078125,0.57421875
tdl_high_N128_qpsk_1082400_otfs.trace.json,4,4,True,True,1.0,1.0
tdl_high_N128_qpsk_1082400_otfs.trace.json,4,8,True,True,1.0,1.0
tdl_high_N128_qpsk_1082400_otfs.trace.json,4,12,True,True,1.0,1.0
tdl_high_N128_qpsk_1082400_otfs.trace.json,4,16,True,True,1.0,1.0
tdl_high_N128_qpsk_1082400_otfs.trace.json,4,20,True,True,1.0,1.0
tdl_high_N128_qpsk_1082400_otfs.trace.json,4,24,True,True,1.0,1.0
tdl_high_N128_qpsk_1082400_otfs.trace.json,4,28,True,True,0.390625,0.6953125
tdl_high_N128_qpsk_1082400_otfs.trace.json,4,32,True,True,0.0078125,0.5078125
tdl_high_N128_qpsk_1082400_otfs.trace.json,5,4,True,True,1.0,1.0
tdl_high_N128_qpsk_1082400_otfs.trace.json,5,8,True,True,1.0,1.0
tdl_high_N128_qpsk_1082400_otfs.trace.json,5,12,True,True,1.0,1.0
tdl_high_N128_qpsk_1082400_otfs.trace.json,5,16,True,True,1.0,1.0
tdl_high_N128_qpsk_1082400_otfs.trace.json,5,20,True,True,1.0,1.0
tdl_high_N128_qpsk_1082400_otfs.trace.json,5,24,True,True,1.0,1.0
tdl_high_N128_qpsk_1082400_otfs.trace.json,5,28,True,True,1.0,1.0
tdl_high_N128_qpsk_1082400_otfs.trace.json,5,32,True,True,0.9765625,0.98828125
tdl_high_N128_qpsk_1082400_otfs.trace.json,5,36,True,True,0.0078125,0.53515625
tdl_slow_N128_qpsk_1081600_afdm.trace.json,0,4,True,True,0.0,0.5
tdl_slow_N128_qpsk_1081600_afdm.trace.json,1,4,True,True,0.0,0.5
tdl_slow_N128_qpsk_1081600_afdm.trace.json,2,4,True,True,0.0,0.5
tdl_slow_N128_qpsk_1081600_afdm.trace.json,3,4,True,True,0.0,0.5
tdl_slow_N128_qpsk_1081600_afdm.trace.json,4,4,True,True,0.0,0.5
tdl_slow_N128_qpsk_1081600_afdm.trace.json,5,4,True,True,0.0,0.5
tdl_slow_N128_qpsk_1081600_ofdm.trace.json,0,4,True,True,0.0,0.5
tdl_slow_N128_qpsk_1081600_ofdm.trace.json,1,4,True,True,0.0,0.5
tdl_slow_N128_qpsk_1081600_ofdm.trace.json,2,4,True,True,0.0,0.5
tdl_slow_N128_qpsk_1081600_ofdm.trace.json,3,4,True,True,0.0,0.5
tdl_slow_N128_qpsk_1081600_ofdm.trace.json,4,4,True,True,0.0,0.5
tdl_slow_N128_qpsk_1081600_ofdm.trace.json,5,4,True,True,0.0,0.5
tdl_slow_N128_qpsk_1081600_otfs.trace.json,0,4,True,True,0.0,0.5
tdl_slow_N128_qpsk_1081600_otfs.trace.json,1,4,True,True,0.0,0.5
tdl_slow_N128_qpsk_1081600_otfs.trace.json,2,4,True,True,0.0,0.5
tdl_slow_N128_qpsk_1081600_otfs.trace.json,3,4,True,True,0.0,0.5
tdl_slow_N128_qpsk_1081600_otfs.trace.json,4,4,True,True,0.0,0.5
tdl_slow_N128_qpsk_1081600_otfs.trace.json,5,4,True,True,0.0,0.5
