level,baseline,delta,paired95_low,paired95_high,trajectories
high,fixed,0.00634613037109375,0.004153842926025394,0.008621877034505213,20
high,rx_ofdm,0.00010732014973958391,-0.0029195149739583287,0.003162968953450526,20
high,rx_otfs,-0.002226511637369792,-0.004108034769694005,-0.00026540120442707934,20
high,rx_afdm,-0.0031194051106770817,-0.005297133127848302,-0.0008139991760253964,20
low,fixed,-0.002945200602213542,-0.004993197123209625,-0.0007562383015950523,20
low,rx_ofdm,0.000998687744140624,-0.0008299700419108053,0.0028127288818359324,20
low,rx_otfs,-0.002769215901692709,-0.005953477223714198,-0.0003137397766113553,20
low,rx_afdm,-0.0006395975748697925,-0.00210652033487956,0.0008802795410156109,20
medium,fixed,0.005632527669270836,0.0037448755900065384,0.00793460845947267,20
medium,rx_ofdm,0.00021362304687500051,-0.001970342000325523,0.0027077293395996052,20
medium,rx_otfs,-0.000645192464192705,-0.002215086619059222,0.0010369110107421972,20
medium,rx_afdm,0.0006868998209635432,-0.0011222902933756402,0.0027624448140462156,20
