n,action,domain,traced_peak_bytes,retained_receiver_bytes,peak_array_bytes_model,setup_process_cpu_s,frame_process_cpu_s,setup_plus_frame_process_cpu_s,profile_elapsed_s
128,ofdm:time:L0:K8,time,164226,43016,66568,0.0,0.0001953125,0.0001953125,0.04276430000027176
128,ofdm:symbol:L8:K16,symbol,708715,43016,590856,0.003125,0.000390625,0.003515625,0.08166500000515953
128,ofdm:dense:L128:K0,dense,1072786,786432,1073152,0.00625,9.765625e-05,0.00634765625,0.04964490000566002
128,otfs:time:L0:K8,time,162356,43016,66568,0.0,0.00029296875,0.00029296875,0.04837310002767481
128,otfs:symbol:L8:K16,symbol,708815,43016,590856,0.009375,0.000390625,0.009765625,0.10514710001007188
128,otfs:dense:L128:K0,dense,1072330,786432,1073152,0.0125,0.0,0.0125,0.07062450000375975
128,afdm:time:L0:K8,time,166676,43016,66568,0.0,0.0001953125,0.0001953125,0.04419169999891892
128,afdm:symbol:L8:K16,symbol,712915,43016,590856,0.009375,0.00029296875,0.00966796875,0.08929250000801403
128,afdm:dense:L128:K0,dense,1076583,786432,1073152,0.003125,0.0001953125,0.0033203125000000003,0.04862540001340676
256,ofdm:time:L0:K8,time,321812,86024,133128,0.003125,0.0001953125,0.0033203125000000003,0.045954699991852976
256,ofdm:symbol:L8:K16,symbol,2724699,86024,2230280,0.009375,0.000390625,0.009765625,0.12288530002115294
256,ofdm:dense:L256:K0,dense,3845655,3145728,4243456,0.009375,0.000390625,0.009765625,0.1297999000089476
256,otfs:time:L0:K8,time,321812,86024,133128,0.0,0.000390625,0.000390625,0.06392650002089795
256,otfs:symbol:L8:K16,symbol,2724750,86024,2230280,0.01875,0.00048828125,0.01923828125,0.17623070001718588
256,otfs:dense:L256:K0,dense,3845722,3145728,4243456,0.025,0.000390625,0.025390625,0.18897100001049694
256,afdm:time:L0:K8,time,330228,86024,133128,0.0,0.00029296875,0.00029296875,0.04903940002259333
256,afdm:symbol:L8:K16,symbol,2733123,86024,2230280,0.015625,0.00048828125,0.01611328125,0.14519679997465573
256,afdm:dense:L256:K0,dense,3854146,3145728,4243456,0.0125,0.000390625,0.012890625000000001,0.13841830000455957
