seed,n,modulation,level,restriction,ber,selected_bank_ber,work
51001,128,qpsk,low,afdm,0.05230712890625,0.050944010416666664,125222.0
51001,128,qpsk,low,joint,0.051411946614583336,0.049072265625,113134.0
51001,128,qpsk,low,ofdm,0.056925455729166664,0.0574951171875,94489.33333333333
51001,128,qpsk,low,otfs,0.052754720052083336,0.052205403645833336,108833.33333333333
51002,128,qpsk,low,afdm,0.044921875,0.043741861979166664,116182.0
51002,128,qpsk,low,joint,0.044637044270833336,0.04119873046875,102931.33333333333
51002,128,qpsk,low,ofdm,0.045166015625,0.04522705078125,100054.0
51002,128,qpsk,low,otfs,0.04376220703125,0.04339599609375,104405.33333333333
51003,128,qpsk,low,afdm,0.0323486328125,0.030924479166666668,114460.66666666667
51003,128,qpsk,low,joint,0.032572428385416664,0.030171712239583332,100506.0
51003,128,qpsk,low,ofdm,0.032491048177083336,0.031514485677083336,93720.66666666667
51003,128,qpsk,low,otfs,0.03369140625,0.0321044921875,101915.33333333333
51004,128,qpsk,low,afdm,0.049947102864583336,0.048238118489583336,130786.66666666667
51004,128,qpsk,low,joint,0.050028483072916664,0.044576009114583336,126534.66666666667
51004,128,qpsk,low,ofdm,0.054056803385416664,0.052815755208333336,111584.0
51004,128,qpsk,low,otfs,0.048909505208333336,0.045430501302083336,125928.0
51005,128,qpsk,low,afdm,0.035746256510416664,0.0341796875,129065.33333333333
51005,128,qpsk,low,joint,0.036397298177083336,0.032430013020833336,120052.0
51005,128,qpsk,low,ofdm,0.04449462890625,0.041544596354166664,106788.0
51005,128,qpsk,low,otfs,0.035319010416666664,0.037089029947916664,114982.66666666667
51006,128,qpsk,medium,afdm,0.049560546875,0.049153645833333336,168504.0
51006,128,qpsk,medium,joint,0.04888916015625,0.04681396484375,157133.33333333334
51006,128,qpsk,medium,ofdm,0.055806477864583336,0.056681315104166664,142128.0
51006,128,qpsk,medium,otfs,0.049784342447916664,0.048543294270833336,140590.66666666666
51007,128,qpsk,medium,afdm,0.034261067708333336,0.034464518229166664,188412.66666666666
51007,128,qpsk,medium,joint,0.03497314453125,0.032368977864583336,171028.66666666666
51007,128,qpsk,medium,ofdm,0.041890462239583336,0.041483561197916664,154863.33333333334
51007,128,qpsk,medium,otfs,0.035380045572916664,0.034423828125,170744.66666666666
51008,128,qpsk,medium,afdm,0.023478190104166668,0.023213704427083332,169783.33333333334
51008,128,qpsk,medium,joint,0.023478190104166668,0.021158854166666668,153148.0
51008,128,qpsk,medium,ofdm,0.024434407552083332,0.02520751953125,147506.0
51008,128,qpsk,medium,otfs,0.022074381510416668,0.02313232421875,152626.0
51009,128,qpsk,medium,afdm,0.1058349609375,0.10386149088541667,163046.66666666666
51009,128,qpsk,medium,joint,0.10660807291666667,0.09989420572916667,159724.0
51009,128,qpsk,medium,ofdm,0.10666910807291667,0.10638427734375,149993.33333333334
51009,128,qpsk,medium,otfs,0.10361735026041667,0.10465494791666667,157419.33333333334
51010,128,qpsk,medium,afdm,0.02178955078125,0.024068196614583332,149029.33333333334
51010,128,qpsk,medium,joint,0.021382649739583332,0.022786458333333332,135300.0
51010,128,qpsk,medium,ofdm,0.022786458333333332,0.024820963541666668,130595.33333333333
51010,128,qpsk,medium,otfs,0.02276611328125,0.024251302083333332,130850.66666666667
51011,128,qpsk,high,afdm,0.024800618489583332,0.0250244140625,647667.3333333334
51011,128,qpsk,high,joint,0.023295084635416668,0.0228271484375,629882.0
51011,128,qpsk,high,ofdm,0.028177897135416668,0.029256184895833332,344535.3333333333
51011,128,qpsk,high,otfs,0.022684733072916668,0.023966471354166668,411435.3333333333
51012,128,qpsk,high,afdm,0.037740071614583336,0.036214192708333336,884106.0
51012,128,qpsk,high,joint,0.038411458333333336,0.03424072265625,719767.3333333334
51012,128,qpsk,high,ofdm,0.041158040364583336,0.040791829427083336,909530.0
51012,128,qpsk,high,otfs,0.038675944010416664,0.0362548828125,587774.6666666666
51013,128,qpsk,high,afdm,0.061848958333333336,0.060546875,672114.6666666666
51013,128,qpsk,high,joint,0.0621337890625,0.057230631510416664,868990.6666666666
51013,128,qpsk,high,ofdm,0.061909993489583336,0.059672037760416664,648371.3333333334
51013,128,qpsk,high,otfs,0.061360677083333336,0.060201009114583336,900035.3333333334
51014,128,qpsk,high,afdm,0.046142578125,0.0433349609375,489110.0
51014,128,qpsk,high,joint,0.0440673828125,0.0399169921875,899560.6666666666
51014,128,qpsk,high,ofdm,0.047444661458333336,0.046732584635416664,441239.3333333333
51014,128,qpsk,high,otfs,0.044209798177083336,0.043253580729166664,779306.0
51015,128,qpsk,high,afdm,0.040486653645833336,0.03851318359375,504848.6666666667
51015,128,qpsk,high,joint,0.040201822916666664,0.037129720052083336,419197.3333333333
51015,128,qpsk,high,ofdm,0.046000162760416664,0.046590169270833336,378659.3333333333
51015,128,qpsk,high,otfs,0.04071044921875,0.03936767578125,543165.3333333334
51016,128,qam16,low,afdm,0.17702229817708334,0.17725626627604166,152370.0
51016,128,qam16,low,joint,0.17104085286458334,0.167999267578125,138938.0
51016,128,qam16,low,ofdm,0.17198689778645834,0.17057291666666666,131630.0
51016,128,qam16,low,otfs,0.17707316080729166,0.179229736328125,136750.0
51017,128,qam16,low,afdm,0.15425618489583334,0.15629069010416666,150248.0
51017,128,qam16,low,joint,0.15193684895833334,0.14762369791666666,135258.66666666666
51017,128,qam16,low,ofdm,0.152069091796875,0.14909871419270834,131045.33333333333
51017,128,qam16,low,otfs,0.15735880533854166,0.15452067057291666,140777.33333333334
51018,128,qam16,low,afdm,0.148651123046875,0.1458740234375,152370.0
51018,128,qam16,low,joint,0.13818359375,0.13508097330729166,138724.66666666666
51018,128,qam16,low,ofdm,0.13896687825520834,0.13710530598958334,133167.33333333334
51018,128,qam16,low,otfs,0.14989217122395834,0.14897664388020834,141362.0
51019,128,qam16,low,afdm,0.138275146484375,0.13889567057291666,150248.0
51019,128,qam16,low,joint,0.13811238606770834,0.13389078776041666,139645.33333333334
51019,128,qam16,low,ofdm,0.1375732421875,0.136962890625,132582.66666666666
51019,128,qam16,low,otfs,0.140472412109375,0.138458251953125,133090.66666666666
51020,128,qam16,low,afdm,0.17982991536458334,0.17743937174479166,142377.33333333334
51020,128,qam16,low,joint,0.176483154296875,0.169921875,131082.66666666666
51020,128,qam16,low,ofdm,0.17449951171875,0.17176310221354166,127018.0
51020,128,qam16,low,otfs,0.178497314453125,0.17628987630208334,131369.33333333334
51021,128,qam16,medium,afdm,0.13722737630208334,0.13716634114583334,183095.33333333334
51021,128,qam16,medium,joint,0.13642374674479166,0.13226318359375,170296.0
51021,128,qam16,medium,ofdm,0.13499959309895834,0.134918212890625,170300.0
51021,128,qam16,medium,otfs,0.13582356770833334,0.13526407877604166,180032.0
51022,128,qam16,medium,afdm,0.15739949544270834,0.15699259440104166,213002.0
51022,128,qam16,medium,joint,0.148162841796875,0.14239501953125,198362.0
51022,128,qam16,medium,ofdm,0.146697998046875,0.144866943359375,194310.0
51022,128,qam16,medium,otfs,0.15804036458333334,0.15814208984375,195844.66666666666
51023,128,qam16,medium,afdm,0.14704386393229166,0.14798990885416666,205386.66666666666
51023,128,qam16,medium,joint,0.14638264973958334,0.14293416341145834,195971.33333333334
51023,128,qam16,medium,ofdm,0.14528401692708334,0.14494832356770834,190027.33333333334
51023,128,qam16,medium,otfs,0.151275634765625,0.14961751302083334,193610.0
51024,128,qam16,medium,afdm,0.11567179361979167,0.114593505859375,215560.66666666666
51024,128,qam16,medium,joint,0.110687255859375,0.10685221354166667,201211.33333333334
51024,128,qam16,medium,ofdm,0.11106363932291667,0.10972086588541667,194820.66666666666
51024,128,qam16,medium,otfs,0.11661783854166667,0.11546834309895833,201478.0
51025,128,qam16,medium,afdm,0.14404296875,0.14499918619791666,208719.33333333334
51025,128,qam16,medium,joint,0.13956705729166666,0.14051310221354166,202394.0
51025,128,qam16,medium,ofdm,0.14122517903645834,0.143951416015625,177728.66666666666
51025,128,qam16,medium,otfs,0.14356486002604166,0.144989013671875,191820.0
51026,128,qam16,high,afdm,0.1409912109375,0.14275105794270834,994483.3333333334
51026,128,qam16,high,joint,0.13008626302083334,0.12774658203125,604195.3333333334
51026,128,qam16,high,ofdm,0.13032023111979166,0.13002522786458334,457587.3333333333
51026,128,qam16,high,otfs,0.14403279622395834,0.144287109375,624362.0
51027,128,qam16,high,afdm,0.09186808268229167,0.09088134765625,851178.6666666666
51027,128,qam16,high,joint,0.0921630859375,0.08826700846354167,830182.0
51027,128,qam16,high,ofdm,0.09175618489583333,0.092437744140625,803196.6666666666
51027,128,qam16,high,otfs,0.09314982096354167,0.09256998697916667,807212.0
51028,128,qam16,high,afdm,0.12677001953125,0.128814697265625,825821.3333333334
51028,128,qam16,high,joint,0.12596638997395834,0.12589518229166666,865290.6666666666
51028,128,qam16,high,ofdm,0.12703450520833334,0.12758382161458334,730626.6666666666
51028,128,qam16,high,otfs,0.12804158528645834,0.12996419270833334,588306.0
51029,128,qam16,high,afdm,0.130889892578125,0.129852294921875,671560.6666666666
51029,128,qam16,high,joint,0.12623087565104166,0.12358601888020833,917549.3333333334
51029,128,qam16,high,ofdm,0.126220703125,0.124786376953125,894330.6666666666
51029,128,qam16,high,otfs,0.12840779622395834,0.13050333658854166,1138572.6666666667
51030,128,qam16,high,afdm,0.19038899739583334,0.19208780924479166,1279438.6666666667
51030,128,qam16,high,joint,0.18878173828125,0.18516031901041666,793008.6666666666
51030,128,qam16,high,ofdm,0.18690999348958334,0.187896728515625,588129.3333333334
51030,128,qam16,high,otfs,0.19242350260416666,0.19057210286458334,1213939.3333333333
51031,256,qpsk,low,afdm,0.051249186197916664,0.052195231119791664,234232.0
51031,256,qpsk,low,joint,0.044036865234375,0.043172200520833336,228218.0
51031,256,qpsk,low,ofdm,0.046335856119791664,0.046071370442708336,221433.33333333334
51031,256,qpsk,low,otfs,0.053019205729166664,0.052663167317708336,202996.0
51032,256,qpsk,low,afdm,0.11732991536458333,0.11731974283854167,236123.33333333334
51032,256,qpsk,low,joint,0.10551961263020833,0.10230509440104167,240565.33333333334
51032,256,qpsk,low,ofdm,0.10664876302083333,0.10646565755208333,233056.0
51032,256,qpsk,low,otfs,0.11859130859375,0.11619059244791667,204887.33333333334
51033,256,qpsk,low,afdm,0.044820149739583336,0.0452880859375,240378.66666666666
51033,256,qpsk,low,joint,0.038584391276041664,0.036631266276041664,242346.0
51033,256,qpsk,low,ofdm,0.042327880859375,0.041666666666666664,202993.33333333334
51033,256,qpsk,low,otfs,0.046498616536458336,0.046091715494791664,219899.33333333334
51034,256,qpsk,low,afdm,0.059794108072916664,0.0582275390625,254563.33333333334
51034,256,qpsk,low,joint,0.04937744140625,0.049326578776041664,261266.66666666666
51034,256,qpsk,low,ofdm,0.055755615234375,0.055592854817708336,239202.66666666666
51034,256,qpsk,low,otfs,0.05938720703125,0.060068766276041664,226400.66666666666
51035,256,qpsk,low,afdm,0.046417236328125,0.04937744140625,225012.0
51035,256,qpsk,low,joint,0.0382080078125,0.037150065104166664,227598.66666666666
51035,256,qpsk,low,ofdm,0.040679931640625,0.038920084635416664,213750.0
51035,256,qpsk,low,otfs,0.047078450520833336,0.047627766927083336,209142.66666666666
51036,256,qpsk,medium,afdm,0.037211100260416664,0.037679036458333336,312072.0
51036,256,qpsk,medium,joint,0.037139892578125,0.03558349609375,278872.0
51036,256,qpsk,medium,ofdm,0.040089925130208336,0.040008544921875,272646.6666666667
51036,256,qpsk,medium,otfs,0.037851969401041664,0.03790283203125,276740.0
51037,256,qpsk,medium,afdm,0.028208414713541668,0.02777099609375,361083.3333333333
51037,256,qpsk,medium,joint,0.027364095052083332,0.026082356770833332,346598.0
51037,256,qpsk,medium,ofdm,0.030690511067708332,0.031148274739583332,309873.3333333333
51037,256,qpsk,medium,otfs,0.026997884114583332,0.027099609375,340090.0
51038,256,qpsk,medium,afdm,0.053792317708333336,0.052388509114583336,337167.3333333333
51038,256,qpsk,medium,joint,0.053751627604166664,0.05059814453125,293082.0
51038,256,qpsk,medium,ofdm,0.056111653645833336,0.054880777994791664,254715.33333333334
51038,256,qpsk,medium,otfs,0.053192138671875,0.052276611328125,280322.0
51039,256,qpsk,medium,afdm,0.04168701171875,0.04168701171875,357496.0
51039,256,qpsk,medium,joint,0.042124430338541664,0.039265950520833336,353042.6666666667
51039,256,qpsk,medium,ofdm,0.049041748046875,0.048899332682291664,316020.0
51039,256,qpsk,medium,otfs,0.04168701171875,0.040629069010416664,345214.0
51040,256,qpsk,medium,afdm,0.02728271484375,0.026743570963541668,353048.0
51040,256,qpsk,medium,joint,0.028065999348958332,0.025461832682291668,344025.3333333333
51040,256,qpsk,medium,ofdm,0.036427815755208336,0.035552978515625,278788.0
51040,256,qpsk,medium,otfs,0.026804606119791668,0.027618408203125,335128.0
51041,256,qpsk,high,afdm,0.033915201822916664,0.035380045572916664,1475981.3333333333
51041,256,qpsk,high,joint,0.034006754557291664,0.0335693359375,1839756.6666666667
51041,256,qpsk,high,ofdm,0.034352620442708336,0.03582763671875,2338702.6666666665
51041,256,qpsk,high,otfs,0.033884684244791664,0.035268147786458336,2040426.6666666667
51042,256,qpsk,high,afdm,0.055338541666666664,0.056172688802083336,3246984.6666666665
51042,256,qpsk,high,joint,0.054931640625,0.053304036458333336,2014766.6666666667
51042,256,qpsk,high,ofdm,0.055470784505208336,0.055816650390625,1988264.6666666667
51042,256,qpsk,high,otfs,0.055633544921875,0.055653889973958336,2087810.6666666667
51043,256,qpsk,high,afdm,0.043039957682291664,0.043304443359375,3153922.0
51043,256,qpsk,high,joint,0.043436686197916664,0.041392008463541664,2391980.0
51043,256,qpsk,high,ofdm,0.046661376953125,0.047271728515625,2014374.0
51043,256,qpsk,high,otfs,0.043914794921875,0.043467203776041664,2090710.6666666667
51044,256,qpsk,high,afdm,0.014902750651041666,0.015350341796875,388208.0
51044,256,qpsk,high,joint,0.015380859375,0.014180501302083334,347352.0
51044,256,qpsk,high,ofdm,0.01580810546875,0.016194661458333332,370290.6666666667
51044,256,qpsk,high,otfs,0.015543619791666666,0.014872233072916666,351853.3333333333
51045,256,qpsk,high,afdm,0.0438232421875,0.045033772786458336,1157153.3333333333
51045,256,qpsk,high,joint,0.0438232421875,0.043558756510416664,2434596.0
51045,256,qpsk,high,ofdm,0.047556559244791664,0.048634847005208336,1342363.3333333333
51045,256,qpsk,high,otfs,0.044169108072916664,0.045155843098958336,2492407.3333333335
51046,256,qam16,low,afdm,0.1547088623046875,0.15414937337239584,265466.0
51046,256,qam16,low,joint,0.153900146484375,0.151885986328125,242531.33333333334
51046,256,qam16,low,ofdm,0.15354410807291666,0.15335591634114584,227063.33333333334
51046,256,qam16,low,otfs,0.15499369303385416,0.15549214680989584,244986.66666666666
51047,256,qam16,low,afdm,0.20847066243489584,0.20718892415364584,268894.0
51047,256,qam16,low,joint,0.207855224609375,0.20482889811197916,252615.33333333334
51047,256,qam16,low,ofdm,0.20712788899739584,0.208251953125,239711.33333333334
51047,256,qam16,low,otfs,0.20804850260416666,0.20904541015625,253024.66666666666
51048,256,qam16,low,afdm,0.1423492431640625,0.14296976725260416,265466.0
51048,256,qam16,low,joint,0.13644917805989584,0.1328582763671875,242127.33333333334
51048,256,qam16,low,ofdm,0.13540140787760416,0.1340484619140625,234746.66666666666
51048,256,qam16,low,otfs,0.14397684733072916,0.14341227213541666,246523.33333333334
51049,256,qam16,low,afdm,0.18706766764322916,0.185791015625,291944.0
51049,256,qam16,low,joint,0.17919413248697916,0.17720540364583334,265936.0
51049,256,qam16,low,ofdm,0.179168701171875,0.17912801106770834,253541.33333333334
51049,256,qam16,low,otfs,0.186065673828125,0.185791015625,260708.0
51050,256,qam16,low,afdm,0.23548380533854166,0.23413594563802084,270076.0
51050,256,qam16,low,joint,0.23467000325520834,0.23132832845052084,250898.0
51050,256,qam16,low,ofdm,0.23401896158854166,0.23337300618489584,236283.33333333334
51050,256,qam16,low,otfs,0.234893798828125,0.2362518310546875,252670.0
51051,256,qam16,medium,afdm,0.1640625,0.1651611328125,396575.3333333333
51051,256,qam16,medium,joint,0.16314188639322916,0.16112263997395834,365232.6666666667
51051,256,qam16,medium,ofdm,0.1637725830078125,0.16267903645833334,339732.6666666667
51051,256,qam16,medium,otfs,0.16497802734375,0.16504923502604166,373536.6666666667
51052,256,qam16,medium,afdm,0.09713236490885417,0.09771728515625,407170.0
51052,256,qam16,medium,joint,0.09723917643229167,0.09577433268229167,414583.3333333333
51052,256,qam16,medium,ofdm,0.09766133626302083,0.09763081868489583,381060.6666666667
51052,256,qam16,medium,otfs,0.09871927897135417,0.09935506184895833,406667.3333333333
51053,256,qam16,medium,afdm,0.13486226399739584,0.133453369140625,392988.0
51053,256,qam16,medium,joint,0.1295166015625,0.12838236490885416,374534.6666666667
51053,256,qam16,medium,ofdm,0.12956746419270834,0.13064066569010416,351512.0
51053,256,qam16,medium,otfs,0.13440450032552084,0.13339742024739584,406315.3333333333
51054,256,qam16,medium,afdm,0.18027242024739584,0.1827545166015625,400000.6666666667
51054,256,qam16,medium,joint,0.1785888671875,0.1763916015625,396124.6666666667
51054,256,qam16,medium,ofdm,0.1788330078125,0.17802937825520834,374914.0
51054,256,qam16,medium,otfs,0.1816253662109375,0.1822357177734375,403594.0
51055,256,qam16,medium,afdm,0.1424560546875,0.14351908365885416,437551.3333333333
51055,256,qam16,medium,joint,0.13205464680989584,0.13117472330729166,415983.3333333333
51055,256,qam16,medium,ofdm,0.13202921549479166,0.13248697916666666,414515.3333333333
51055,256,qam16,medium,otfs,0.14496866861979166,0.14475504557291666,400168.6666666667
51056,256,qam16,high,afdm,0.162384033203125,0.16372172037760416,1653176.6666666667
51056,256,qam16,high,joint,0.15667215983072916,0.156219482421875,2935420.6666666665
51056,256,qam16,high,ofdm,0.1563568115234375,0.15672810872395834,3432508.6666666665
51056,256,qam16,high,otfs,0.16297403971354166,0.1634674072265625,1730999.3333333333
51057,256,qam16,high,afdm,0.1476898193359375,0.14661153157552084,3242876.6666666665
51057,256,qam16,high,joint,0.139251708984375,0.13646952311197916,1716126.6666666667
51057,256,qam16,high,ofdm,0.13990275065104166,0.13922627766927084,1679086.6666666667
51057,256,qam16,high,otfs,0.14807637532552084,0.147216796875,2171376.6666666665
51058,256,qam16,high,afdm,0.14221700032552084,0.14050801595052084,2957808.6666666665
51058,256,qam16,high,joint,0.13071187337239584,0.13006083170572916,1797712.0
51058,256,qam16,high,ofdm,0.132965087890625,0.13331095377604166,1799744.0
51058,256,qam16,high,otfs,0.1426544189453125,0.14345804850260416,2557110.0
51059,256,qam16,high,afdm,0.12018330891927083,0.11956278483072917,2651883.3333333335
51059,256,qam16,high,joint,0.1136322021484375,0.11088053385416667,2394980.6666666665
51059,256,qam16,high,ofdm,0.11397298177083333,0.1118011474609375,2376591.3333333335
51059,256,qam16,high,otfs,0.12039693196614583,0.12042744954427083,2623008.6666666665
51060,256,qam16,high,afdm,0.141693115234375,0.14096577962239584,1612096.6666666667
51060,256,qam16,high,joint,0.14231363932291666,0.13933817545572916,2102584.0
51060,256,qam16,high,ofdm,0.141204833984375,0.14205423990885416,3142126.0
51060,256,qam16,high,otfs,0.1415863037109375,0.14231363932291666,2872335.3333333335
