n,modulation,source,replica,action
128,qpsk,N128_qpsk_high_rich_S18_42001_3aa161f9,0,29
128,qpsk,N128_qpsk_high_rich_S18_42001_3aa161f9,1,5
128,qpsk,N128_qpsk_high_rich_S18_42001_3aa161f9,2,31
128,qpsk,N128_qpsk_high_rich_S18_42001_3aa161f9,3,26
128,qpsk,N128_qpsk_high_rich_S18_42001_3aa161f9,4,13
128,qpsk,N128_qpsk_high_rich_S18_42001_3aa161f9,5,10
128,qpsk,N128_qpsk_high_rich_S18_42001_3aa161f9,6,30
128,qpsk,N128_qpsk_high_rich_S18_42001_3aa161f9,7,25
128,qpsk,N128_qpsk_high_rich_S18_42001_3aa161f9,8,11
128,qpsk,N128_qpsk_high_rich_S18_42001_3aa161f9,9,15
128,qpsk,N128_qpsk_high_rich_S18_42001_3aa161f9,10,3
128,qpsk,N128_qpsk_high_rich_S18_42001_3aa161f9,11,0
128,qpsk,N128_qpsk_high_rich_S18_42001_3aa161f9,12,4
128,qpsk,N128_qpsk_high_rich_S18_42001_3aa161f9,13,1
128,qpsk,N128_qpsk_high_rich_S18_42001_3aa161f9,14,19
128,qpsk,N128_qpsk_high_rich_S18_42001_3aa161f9,15,27
128,qpsk,N128_qpsk_high_rich_S18_42002_783d7f85,0,16
128,qpsk,N128_qpsk_high_rich_S18_42002_783d7f85,1,24
128,qpsk,N128_qpsk_high_rich_S18_42002_783d7f85,2,9
128,qpsk,N128_qpsk_high_rich_S18_42002_783d7f85,3,12
128,qpsk,N128_qpsk_high_rich_S18_42002_783d7f85,4,8
128,qpsk,N128_qpsk_high_rich_S18_42002_783d7f85,5,32
128,qpsk,N128_qpsk_high_rich_S18_42002_783d7f85,6,6
128,qpsk,N128_qpsk_high_rich_S18_42002_783d7f85,7,28
128,qpsk,N128_qpsk_high_rich_S18_42002_783d7f85,8,18
128,qpsk,N128_qpsk_high_rich_S18_42002_783d7f85,9,21
128,qpsk,N128_qpsk_high_rich_S18_42002_783d7f85,10,7
128,qpsk,N128_qpsk_high_rich_S18_42002_783d7f85,11,20
128,qpsk,N128_qpsk_high_rich_S18_42002_783d7f85,12,22
128,qpsk,N128_qpsk_high_rich_S18_42002_783d7f85,13,14
128,qpsk,N128_qpsk_high_rich_S18_42002_783d7f85,14,17
128,qpsk,N128_qpsk_high_rich_S18_42002_783d7f85,15,2
128,qpsk,N128_qpsk_high_rich_S18_42003_8b1573fa,0,23
128,qpsk,N128_qpsk_high_rich_S18_42003_8b1573fa,1,29
128,qpsk,N128_qpsk_high_rich_S18_42003_8b1573fa,2,5
128,qpsk,N128_qpsk_high_rich_S18_42003_8b1573fa,3,31
128,qpsk,N128_qpsk_high_rich_S18_42003_8b1573fa,4,26
128,qpsk,N128_qpsk_high_rich_S18_42003_8b1573fa,5,13
128,qpsk,N128_qpsk_high_rich_S18_42003_8b1573fa,6,10
128,qpsk,N128_qpsk_high_rich_S18_42003_8b1573fa,7,30
128,qpsk,N128_qpsk_high_rich_S18_42003_8b1573fa,8,25
128,qpsk,N128_qpsk_high_rich_S18_42003_8b1573fa,9,11
128,qpsk,N128_qpsk_high_rich_S18_42003_8b1573fa,10,15
128,qpsk,N128_qpsk_high_rich_S18_42003_8b1573fa,11,3
128,qpsk,N128_qpsk_high_rich_S18_42003_8b1573fa,12,0
128,qpsk,N128_qpsk_high_rich_S18_42003_8b1573fa,13,4
128,qpsk,N128_qpsk_high_rich_S18_42003_8b1573fa,14,1
128,qpsk,N128_qpsk_high_rich_S18_42003_8b1573fa,15,19
128,qpsk,N128_qpsk_high_rich_S8_42001_fa9a1d59,0,27
128,qpsk,N128_qpsk_high_rich_S8_42001_fa9a1d59,1,16
128,qpsk,N128_qpsk_high_rich_S8_42001_fa9a1d59,2,24
128,qpsk,N128_qpsk_high_rich_S8_42001_fa9a1d59,3,9
128,qpsk,N128_qpsk_high_rich_S8_42001_fa9a1d59,4,12
128,qpsk,N128_qpsk_high_rich_S8_42001_fa9a1d59,5,8
128,qpsk,N128_qpsk_high_rich_S8_42001_fa9a1d59,6,32
128,qpsk,N128_qpsk_high_rich_S8_42001_fa9a1d59,7,6
128,qpsk,N128_qpsk_high_rich_S8_42001_fa9a1d59,8,28
128,qpsk,N128_qpsk_high_rich_S8_42001_fa9a1d59,9,18
128,qpsk,N128_qpsk_high_rich_S8_42001_fa9a1d59,10,21
128,qpsk,N128_qpsk_high_rich_S8_42001_fa9a1d59,11,7
128,qpsk,N128_qpsk_high_rich_S8_42001_fa9a1d59,12,20
128,qpsk,N128_qpsk_high_rich_S8_42001_fa9a1d59,13,22
128,qpsk,N128_qpsk_high_rich_S8_42001_fa9a1d59,14,14
128,qpsk,N128_qpsk_high_rich_S8_42001_fa9a1d59,15,17
128,qpsk,N128_qpsk_high_rich_S8_42002_c548bbf9,0,2
128,qpsk,N128_qpsk_high_rich_S8_42002_c548bbf9,1,23
128,qpsk,N128_qpsk_high_rich_S8_42002_c548bbf9,2,29
128,qpsk,N128_qpsk_high_rich_S8_42002_c548bbf9,3,5
128,qpsk,N128_qpsk_high_rich_S8_42002_c548bbf9,4,31
128,qpsk,N128_qpsk_high_rich_S8_42002_c548bbf9,5,26
128,qpsk,N128_qpsk_high_rich_S8_42002_c548bbf9,6,13
128,qpsk,N128_qpsk_high_rich_S8_42002_c548bbf9,7,10
128,qpsk,N128_qpsk_high_rich_S8_42002_c548bbf9,8,30
128,qpsk,N128_qpsk_high_rich_S8_42002_c548bbf9,9,25
128,qpsk,N128_qpsk_high_rich_S8_42002_c548bbf9,10,11
128,qpsk,N128_qpsk_high_rich_S8_42002_c548bbf9,11,15
128,qpsk,N128_qpsk_high_rich_S8_42002_c548bbf9,12,3
128,qpsk,N128_qpsk_high_rich_S8_42002_c548bbf9,13,0
128,qpsk,N128_qpsk_high_rich_S8_42002_c548bbf9,14,4
128,qpsk,N128_qpsk_high_rich_S8_42002_c548bbf9,15,1
128,qpsk,N128_qpsk_high_rich_S8_42003_437b4ae7,0,19
128,qpsk,N128_qpsk_high_rich_S8_42003_437b4ae7,1,27
128,qpsk,N128_qpsk_high_rich_S8_42003_437b4ae7,2,16
128,qpsk,N128_qpsk_high_rich_S8_42003_437b4ae7,3,24
128,qpsk,N128_qpsk_high_rich_S8_42003_437b4ae7,4,9
128,qpsk,N128_qpsk_high_rich_S8_42003_437b4ae7,5,12
128,qpsk,N128_qpsk_high_rich_S8_42003_437b4ae7,6,8
128,qpsk,N128_qpsk_high_rich_S8_42003_437b4ae7,7,32
128,qpsk,N128_qpsk_high_rich_S8_42003_437b4ae7,8,6
128,qpsk,N128_qpsk_high_rich_S8_42003_437b4ae7,9,28
128,qpsk,N128_qpsk_high_rich_S8_42003_437b4ae7,10,18
128,qpsk,N128_qpsk_high_rich_S8_42003_437b4ae7,11,21
128,qpsk,N128_qpsk_high_rich_S8_42003_437b4ae7,12,7
128,qpsk,N128_qpsk_high_rich_S8_42003_437b4ae7,13,20
128,qpsk,N128_qpsk_high_rich_S8_42003_437b4ae7,14,22
128,qpsk,N128_qpsk_high_rich_S8_42003_437b4ae7,15,14
128,qpsk,N128_qpsk_high_sparse_S18_42001_48ae8146,0,17
128,qpsk,N128_qpsk_high_sparse_S18_42001_48ae8146,1,2
128,qpsk,N128_qpsk_high_sparse_S18_42001_48ae8146,2,23
128,qpsk,N128_qpsk_high_sparse_S18_42001_48ae8146,3,29
128,qpsk,N128_qpsk_high_sparse_S18_42001_48ae8146,4,5
128,qpsk,N128_qpsk_high_sparse_S18_42001_48ae8146,5,31
128,qpsk,N128_qpsk_high_sparse_S18_42001_48ae8146,6,26
128,qpsk,N128_qpsk_high_sparse_S18_42001_48ae8146,7,13
128,qpsk,N128_qpsk_high_sparse_S18_42001_48ae8146,8,10
128,qpsk,N128_qpsk_high_sparse_S18_42001_48ae8146,9,30
128,qpsk,N128_qpsk_high_sparse_S18_42001_48ae8146,10,25
128,qpsk,N128_qpsk_high_sparse_S18_42001_48ae8146,11,11
128,qpsk,N128_qpsk_high_sparse_S18_42001_48ae8146,12,15
128,qpsk,N128_qpsk_high_sparse_S18_42001_48ae8146,13,3
128,qpsk,N128_qpsk_high_sparse_S18_42001_48ae8146,14,0
128,qpsk,N128_qpsk_high_sparse_S18_42001_48ae8146,15,4
128,qpsk,N128_qpsk_high_sparse_S18_42002_4e9fd73c,0,1
128,qpsk,N128_qpsk_high_sparse_S18_42002_4e9fd73c,1,19
128,qpsk,N128_qpsk_high_sparse_S18_42002_4e9fd73c,2,27
128,qpsk,N128_qpsk_high_sparse_S18_42002_4e9fd73c,3,16
128,qpsk,N128_qpsk_high_sparse_S18_42002_4e9fd73c,4,24
128,qpsk,N128_qpsk_high_sparse_S18_42002_4e9fd73c,5,9
128,qpsk,N128_qpsk_high_sparse_S18_42002_4e9fd73c,6,12
128,qpsk,N128_qpsk_high_sparse_S18_42002_4e9fd73c,7,8
128,qpsk,N128_qpsk_high_sparse_S18_42002_4e9fd73c,8,32
128,qpsk,N128_qpsk_high_sparse_S18_42002_4e9fd73c,9,6
128,qpsk,N128_qpsk_high_sparse_S18_42002_4e9fd73c,10,28
128,qpsk,N128_qpsk_high_sparse_S18_42002_4e9fd73c,11,18
128,qpsk,N128_qpsk_high_sparse_S18_42002_4e9fd73c,12,21
128,qpsk,N128_qpsk_high_sparse_S18_42002_4e9fd73c,13,7
128,qpsk,N128_qpsk_high_sparse_S18_42002_4e9fd73c,14,20
128,qpsk,N128_qpsk_high_sparse_S18_42002_4e9fd73c,15,22
128,qpsk,N128_qpsk_high_sparse_S18_42003_3eb1f2e0,0,14
128,qpsk,N128_qpsk_high_sparse_S18_42003_3eb1f2e0,1,17
128,qpsk,N128_qpsk_high_sparse_S18_42003_3eb1f2e0,2,2
128,qpsk,N128_qpsk_high_sparse_S18_42003_3eb1f2e0,3,23
128,qpsk,N128_qpsk_high_sparse_S18_42003_3eb1f2e0,4,29
128,qpsk,N128_qpsk_high_sparse_S18_42003_3eb1f2e0,5,5
128,qpsk,N128_qpsk_high_sparse_S18_42003_3eb1f2e0,6,31
128,qpsk,N128_qpsk_high_sparse_S18_42003_3eb1f2e0,7,26
128,qpsk,N128_qpsk_high_sparse_S18_42003_3eb1f2e0,8,13
128,qpsk,N128_qpsk_high_sparse_S18_42003_3eb1f2e0,9,10
128,qpsk,N128_qpsk_high_sparse_S18_42003_3eb1f2e0,10,30
128,qpsk,N128_qpsk_high_sparse_S18_42003_3eb1f2e0,11,25
128,qpsk,N128_qpsk_high_sparse_S18_42003_3eb1f2e0,12,11
128,qpsk,N128_qpsk_high_sparse_S18_42003_3eb1f2e0,13,15
128,qpsk,N128_qpsk_high_sparse_S18_42003_3eb1f2e0,14,3
128,qpsk,N128_qpsk_high_sparse_S18_42003_3eb1f2e0,15,0
128,qpsk,N128_qpsk_high_sparse_S8_42001_69aa61a3,0,4
128,qpsk,N128_qpsk_high_sparse_S8_42001_69aa61a3,1,1
128,qpsk,N128_qpsk_high_sparse_S8_42001_69aa61a3,2,19
128,qpsk,N128_qpsk_high_sparse_S8_42001_69aa61a3,3,27
128,qpsk,N128_qpsk_high_sparse_S8_42001_69aa61a3,4,16
128,qpsk,N128_qpsk_high_sparse_S8_42001_69aa61a3,5,24
128,qpsk,N128_qpsk_high_sparse_S8_42001_69aa61a3,6,9
128,qpsk,N128_qpsk_high_sparse_S8_42001_69aa61a3,7,12
128,qpsk,N128_qpsk_high_sparse_S8_42001_69aa61a3,8,8
128,qpsk,N128_qpsk_high_sparse_S8_42001_69aa61a3,9,32
128,qpsk,N128_qpsk_high_sparse_S8_42001_69aa61a3,10,6
128,qpsk,N128_qpsk_high_sparse_S8_42001_69aa61a3,11,28
128,qpsk,N128_qpsk_high_sparse_S8_42001_69aa61a3,12,18
128,qpsk,N128_qpsk_high_sparse_S8_42001_69aa61a3,13,21
128,qpsk,N128_qpsk_high_sparse_S8_42001_69aa61a3,14,7
128,qpsk,N128_qpsk_high_sparse_S8_42001_69aa61a3,15,20
128,qpsk,N128_qpsk_high_sparse_S8_42002_9e683785,0,22
128,qpsk,N128_qpsk_high_sparse_S8_42002_9e683785,1,14
128,qpsk,N128_qpsk_high_sparse_S8_42002_9e683785,2,17
128,qpsk,N128_qpsk_high_sparse_S8_42002_9e683785,3,2
128,qpsk,N128_qpsk_high_sparse_S8_42002_9e683785,4,23
128,qpsk,N128_qpsk_high_sparse_S8_42002_9e683785,5,29
128,qpsk,N128_qpsk_high_sparse_S8_42002_9e683785,6,5
128,qpsk,N128_qpsk_high_sparse_S8_42002_9e683785,7,31
128,qpsk,N128_qpsk_high_sparse_S8_42002_9e683785,8,26
128,qpsk,N128_qpsk_high_sparse_S8_42002_9e683785,9,13
128,qpsk,N128_qpsk_high_sparse_S8_42002_9e683785,10,10
128,qpsk,N128_qpsk_high_sparse_S8_42002_9e683785,11,30
128,qpsk,N128_qpsk_high_sparse_S8_42002_9e683785,12,25
128,qpsk,N128_qpsk_high_sparse_S8_42002_9e683785,13,11
128,qpsk,N128_qpsk_high_sparse_S8_42002_9e683785,14,15
128,qpsk,N128_qpsk_high_sparse_S8_42002_9e683785,15,3
128,qpsk,N128_qpsk_high_sparse_S8_42003_1d9e3ed6,0,0
128,qpsk,N128_qpsk_high_sparse_S8_42003_1d9e3ed6,1,4
128,qpsk,N128_qpsk_high_sparse_S8_42003_1d9e3ed6,2,1
128,qpsk,N128_qpsk_high_sparse_S8_42003_1d9e3ed6,3,19
128,qpsk,N128_qpsk_high_sparse_S8_42003_1d9e3ed6,4,27
128,qpsk,N128_qpsk_high_sparse_S8_42003_1d9e3ed6,5,16
128,qpsk,N128_qpsk_high_sparse_S8_42003_1d9e3ed6,6,24
128,qpsk,N128_qpsk_high_sparse_S8_42003_1d9e3ed6,7,9
128,qpsk,N128_qpsk_high_sparse_S8_42003_1d9e3ed6,8,12
128,qpsk,N128_qpsk_high_sparse_S8_42003_1d9e3ed6,9,8
128,qpsk,N128_qpsk_high_sparse_S8_42003_1d9e3ed6,10,32
128,qpsk,N128_qpsk_high_sparse_S8_42003_1d9e3ed6,11,6
128,qpsk,N128_qpsk_high_sparse_S8_42003_1d9e3ed6,12,28
128,qpsk,N128_qpsk_high_sparse_S8_42003_1d9e3ed6,13,18
128,qpsk,N128_qpsk_high_sparse_S8_42003_1d9e3ed6,14,21
128,qpsk,N128_qpsk_high_sparse_S8_42003_1d9e3ed6,15,7
128,qpsk,N128_qpsk_low_sparse_S18_42001_33f3a188,0,20
128,qpsk,N128_qpsk_low_sparse_S18_42001_33f3a188,1,22
128,qpsk,N128_qpsk_low_sparse_S18_42001_33f3a188,2,14
128,qpsk,N128_qpsk_low_sparse_S18_42001_33f3a188,3,17
128,qpsk,N128_qpsk_low_sparse_S18_42001_33f3a188,4,2
128,qpsk,N128_qpsk_low_sparse_S18_42001_33f3a188,5,23
128,qpsk,N128_qpsk_low_sparse_S18_42001_33f3a188,6,29
128,qpsk,N128_qpsk_low_sparse_S18_42001_33f3a188,7,5
128,qpsk,N128_qpsk_low_sparse_S18_42001_33f3a188,8,31
128,qpsk,N128_qpsk_low_sparse_S18_42001_33f3a188,9,26
128,qpsk,N128_qpsk_low_sparse_S18_42001_33f3a188,10,13
128,qpsk,N128_qpsk_low_sparse_S18_42001_33f3a188,11,10
128,qpsk,N128_qpsk_low_sparse_S18_42001_33f3a188,12,30
128,qpsk,N128_qpsk_low_sparse_S18_42001_33f3a188,13,25
128,qpsk,N128_qpsk_low_sparse_S18_42001_33f3a188,14,11
128,qpsk,N128_qpsk_low_sparse_S18_42001_33f3a188,15,15
128,qpsk,N128_qpsk_low_sparse_S18_42002_82cdaae7,0,3
128,qpsk,N128_qpsk_low_sparse_S18_42002_82cdaae7,1,0
128,qpsk,N128_qpsk_low_sparse_S18_42002_82cdaae7,2,4
128,qpsk,N128_qpsk_low_sparse_S18_42002_82cdaae7,3,1
128,qpsk,N128_qpsk_low_sparse_S18_42002_82cdaae7,4,19
128,qpsk,N128_qpsk_low_sparse_S18_42002_82cdaae7,5,27
128,qpsk,N128_qpsk_low_sparse_S18_42002_82cdaae7,6,16
128,qpsk,N128_qpsk_low_sparse_S18_42002_82cdaae7,7,24
128,qpsk,N128_qpsk_low_sparse_S18_42002_82cdaae7,8,9
128,qpsk,N128_qpsk_low_sparse_S18_42002_82cdaae7,9,12
128,qpsk,N128_qpsk_low_sparse_S18_42002_82cdaae7,10,8
128,qpsk,N128_qpsk_low_sparse_S18_42002_82cdaae7,11,32
128,qpsk,N128_qpsk_low_sparse_S18_42002_82cdaae7,12,6
128,qpsk,N128_qpsk_low_sparse_S18_42002_82cdaae7,13,28
128,qpsk,N128_qpsk_low_sparse_S18_42002_82cdaae7,14,18
128,qpsk,N128_qpsk_low_sparse_S18_42002_82cdaae7,15,21
128,qpsk,N128_qpsk_low_sparse_S18_42003_02672d9b,0,7
128,qpsk,N128_qpsk_low_sparse_S18_42003_02672d9b,1,20
128,qpsk,N128_qpsk_low_sparse_S18_42003_02672d9b,2,22
128,qpsk,N128_qpsk_low_sparse_S18_42003_02672d9b,3,14
128,qpsk,N128_qpsk_low_sparse_S18_42003_02672d9b,4,17
128,qpsk,N128_qpsk_low_sparse_S18_42003_02672d9b,5,2
128,qpsk,N128_qpsk_low_sparse_S18_42003_02672d9b,6,23
128,qpsk,N128_qpsk_low_sparse_S18_42003_02672d9b,7,29
128,qpsk,N128_qpsk_low_sparse_S18_42003_02672d9b,8,5
128,qpsk,N128_qpsk_low_sparse_S18_42003_02672d9b,9,31
128,qpsk,N128_qpsk_low_sparse_S18_42003_02672d9b,10,26
128,qpsk,N128_qpsk_low_sparse_S18_42003_02672d9b,11,13
128,qpsk,N128_qpsk_low_sparse_S18_42003_02672d9b,12,10
128,qpsk,N128_qpsk_low_sparse_S18_42003_02672d9b,13,30
128,qpsk,N128_qpsk_low_sparse_S18_42003_02672d9b,14,25
128,qpsk,N128_qpsk_low_sparse_S18_42003_02672d9b,15,11
128,qpsk,N128_qpsk_low_sparse_S8_42001_285578ca,0,15
128,qpsk,N128_qpsk_low_sparse_S8_42001_285578ca,1,3
128,qpsk,N128_qpsk_low_sparse_S8_42001_285578ca,2,0
128,qpsk,N128_qpsk_low_sparse_S8_42001_285578ca,3,4
128,qpsk,N128_qpsk_low_sparse_S8_42001_285578ca,4,1
128,qpsk,N128_qpsk_low_sparse_S8_42001_285578ca,5,19
128,qpsk,N128_qpsk_low_sparse_S8_42001_285578ca,6,27
128,qpsk,N128_qpsk_low_sparse_S8_42001_285578ca,7,16
128,qpsk,N128_qpsk_low_sparse_S8_42001_285578ca,8,24
128,qpsk,N128_qpsk_low_sparse_S8_42001_285578ca,9,9
128,qpsk,N128_qpsk_low_sparse_S8_42001_285578ca,10,12
128,qpsk,N128_qpsk_low_sparse_S8_42001_285578ca,11,8
128,qpsk,N128_qpsk_low_sparse_S8_42001_285578ca,12,32
128,qpsk,N128_qpsk_low_sparse_S8_42001_285578ca,13,6
128,qpsk,N128_qpsk_low_sparse_S8_42001_285578ca,14,28
128,qpsk,N128_qpsk_low_sparse_S8_42001_285578ca,15,18
128,qpsk,N128_qpsk_low_sparse_S8_42002_32b7ff36,0,21
128,qpsk,N128_qpsk_low_sparse_S8_42002_32b7ff36,1,7
128,qpsk,N128_qpsk_low_sparse_S8_42002_32b7ff36,2,20
128,qpsk,N128_qpsk_low_sparse_S8_42002_32b7ff36,3,22
128,qpsk,N128_qpsk_low_sparse_S8_42002_32b7ff36,4,14
128,qpsk,N128_qpsk_low_sparse_S8_42002_32b7ff36,5,17
128,qpsk,N128_qpsk_low_sparse_S8_42002_32b7ff36,6,2
128,qpsk,N128_qpsk_low_sparse_S8_42002_32b7ff36,7,23
128,qpsk,N128_qpsk_low_sparse_S8_42002_32b7ff36,8,29
128,qpsk,N128_qpsk_low_sparse_S8_42002_32b7ff36,9,5
128,qpsk,N128_qpsk_low_sparse_S8_42002_32b7ff36,10,31
128,qpsk,N128_qpsk_low_sparse_S8_42002_32b7ff36,11,26
128,qpsk,N128_qpsk_low_sparse_S8_42002_32b7ff36,12,13
128,qpsk,N128_qpsk_low_sparse_S8_42002_32b7ff36,13,10
128,qpsk,N128_qpsk_low_sparse_S8_42002_32b7ff36,14,30
128,qpsk,N128_qpsk_low_sparse_S8_42002_32b7ff36,15,25
128,qpsk,N128_qpsk_low_sparse_S8_42003_b5ba0795,0,11
128,qpsk,N128_qpsk_low_sparse_S8_42003_b5ba0795,1,15
128,qpsk,N128_qpsk_low_sparse_S8_42003_b5ba0795,2,3
128,qpsk,N128_qpsk_low_sparse_S8_42003_b5ba0795,3,0
128,qpsk,N128_qpsk_low_sparse_S8_42003_b5ba0795,4,4
128,qpsk,N128_qpsk_low_sparse_S8_42003_b5ba0795,5,1
128,qpsk,N128_qpsk_low_sparse_S8_42003_b5ba0795,6,19
128,qpsk,N128_qpsk_low_sparse_S8_42003_b5ba0795,7,27
128,qpsk,N128_qpsk_low_sparse_S8_42003_b5ba0795,8,16
128,qpsk,N128_qpsk_low_sparse_S8_42003_b5ba0795,9,24
128,qpsk,N128_qpsk_low_sparse_S8_42003_b5ba0795,10,9
128,qpsk,N128_qpsk_low_sparse_S8_42003_b5ba0795,11,12
128,qpsk,N128_qpsk_low_sparse_S8_42003_b5ba0795,12,8
128,qpsk,N128_qpsk_low_sparse_S8_42003_b5ba0795,13,32
128,qpsk,N128_qpsk_low_sparse_S8_42003_b5ba0795,14,6
128,qpsk,N128_qpsk_low_sparse_S8_42003_b5ba0795,15,28
128,qam16,N128_qam16_high_rich_S18_42001_39ee16e8,0,29
128,qam16,N128_qam16_high_rich_S18_42001_39ee16e8,1,5
128,qam16,N128_qam16_high_rich_S18_42001_39ee16e8,2,31
128,qam16,N128_qam16_high_rich_S18_42001_39ee16e8,3,26
128,qam16,N128_qam16_high_rich_S18_42001_39ee16e8,4,13
128,qam16,N128_qam16_high_rich_S18_42001_39ee16e8,5,10
128,qam16,N128_qam16_high_rich_S18_42001_39ee16e8,6,30
128,qam16,N128_qam16_high_rich_S18_42001_39ee16e8,7,25
128,qam16,N128_qam16_high_rich_S18_42001_39ee16e8,8,11
128,qam16,N128_qam16_high_rich_S18_42001_39ee16e8,9,15
128,qam16,N128_qam16_high_rich_S18_42001_39ee16e8,10,3
128,qam16,N128_qam16_high_rich_S18_42001_39ee16e8,11,0
128,qam16,N128_qam16_high_rich_S18_42001_39ee16e8,12,4
128,qam16,N128_qam16_high_rich_S18_42001_39ee16e8,13,1
128,qam16,N128_qam16_high_rich_S18_42001_39ee16e8,14,19
128,qam16,N128_qam16_high_rich_S18_42001_39ee16e8,15,27
128,qam16,N128_qam16_high_rich_S18_42002_b191d1b1,0,16
128,qam16,N128_qam16_high_rich_S18_42002_b191d1b1,1,24
128,qam16,N128_qam16_high_rich_S18_42002_b191d1b1,2,9
128,qam16,N128_qam16_high_rich_S18_42002_b191d1b1,3,12
128,qam16,N128_qam16_high_rich_S18_42002_b191d1b1,4,8
128,qam16,N128_qam16_high_rich_S18_42002_b191d1b1,5,32
128,qam16,N128_qam16_high_rich_S18_42002_b191d1b1,6,6
128,qam16,N128_qam16_high_rich_S18_42002_b191d1b1,7,28
128,qam16,N128_qam16_high_rich_S18_42002_b191d1b1,8,18
128,qam16,N128_qam16_high_rich_S18_42002_b191d1b1,9,21
128,qam16,N128_qam16_high_rich_S18_42002_b191d1b1,10,7
128,qam16,N128_qam16_high_rich_S18_42002_b191d1b1,11,20
128,qam16,N128_qam16_high_rich_S18_42002_b191d1b1,12,22
128,qam16,N128_qam16_high_rich_S18_42002_b191d1b1,13,14
128,qam16,N128_qam16_high_rich_S18_42002_b191d1b1,14,17
128,qam16,N128_qam16_high_rich_S18_42002_b191d1b1,15,2
128,qam16,N128_qam16_high_rich_S18_42003_37e02229,0,23
128,qam16,N128_qam16_high_rich_S18_42003_37e02229,1,29
128,qam16,N128_qam16_high_rich_S18_42003_37e02229,2,5
128,qam16,N128_qam16_high_rich_S18_42003_37e02229,3,31
128,qam16,N128_qam16_high_rich_S18_42003_37e02229,4,26
128,qam16,N128_qam16_high_rich_S18_42003_37e02229,5,13
128,qam16,N128_qam16_high_rich_S18_42003_37e02229,6,10
128,qam16,N128_qam16_high_rich_S18_42003_37e02229,7,30
128,qam16,N128_qam16_high_rich_S18_42003_37e02229,8,25
128,qam16,N128_qam16_high_rich_S18_42003_37e02229,9,11
128,qam16,N128_qam16_high_rich_S18_42003_37e02229,10,15
128,qam16,N128_qam16_high_rich_S18_42003_37e02229,11,3
128,qam16,N128_qam16_high_rich_S18_42003_37e02229,12,0
128,qam16,N128_qam16_high_rich_S18_42003_37e02229,13,4
128,qam16,N128_qam16_high_rich_S18_42003_37e02229,14,1
128,qam16,N128_qam16_high_rich_S18_42003_37e02229,15,19
128,qam16,N128_qam16_high_rich_S8_42001_176b671e,0,27
128,qam16,N128_qam16_high_rich_S8_42001_176b671e,1,16
128,qam16,N128_qam16_high_rich_S8_42001_176b671e,2,24
128,qam16,N128_qam16_high_rich_S8_42001_176b671e,3,9
128,qam16,N128_qam16_high_rich_S8_42001_176b671e,4,12
128,qam16,N128_qam16_high_rich_S8_42001_176b671e,5,8
128,qam16,N128_qam16_high_rich_S8_42001_176b671e,6,32
128,qam16,N128_qam16_high_rich_S8_42001_176b671e,7,6
128,qam16,N128_qam16_high_rich_S8_42001_176b671e,8,28
128,qam16,N128_qam16_high_rich_S8_42001_176b671e,9,18
128,qam16,N128_qam16_high_rich_S8_42001_176b671e,10,21
128,qam16,N128_qam16_high_rich_S8_42001_176b671e,11,7
128,qam16,N128_qam16_high_rich_S8_42001_176b671e,12,20
128,qam16,N128_qam16_high_rich_S8_42001_176b671e,13,22
128,qam16,N128_qam16_high_rich_S8_42001_176b671e,14,14
128,qam16,N128_qam16_high_rich_S8_42001_176b671e,15,17
128,qam16,N128_qam16_high_rich_S8_42002_ca6b93ec,0,2
128,qam16,N128_qam16_high_rich_S8_42002_ca6b93ec,1,23
128,qam16,N128_qam16_high_rich_S8_42002_ca6b93ec,2,29
128,qam16,N128_qam16_high_rich_S8_42002_ca6b93ec,3,5
128,qam16,N128_qam16_high_rich_S8_42002_ca6b93ec,4,31
128,qam16,N128_qam16_high_rich_S8_42002_ca6b93ec,5,26
128,qam16,N128_qam16_high_rich_S8_42002_ca6b93ec,6,13
128,qam16,N128_qam16_high_rich_S8_42002_ca6b93ec,7,10
128,qam16,N128_qam16_high_rich_S8_42002_ca6b93ec,8,30
128,qam16,N128_qam16_high_rich_S8_42002_ca6b93ec,9,25
128,qam16,N128_qam16_high_rich_S8_42002_ca6b93ec,10,11
128,qam16,N128_qam16_high_rich_S8_42002_ca6b93ec,11,15
128,qam16,N128_qam16_high_rich_S8_42002_ca6b93ec,12,3
128,qam16,N128_qam16_high_rich_S8_42002_ca6b93ec,13,0
128,qam16,N128_qam16_high_rich_S8_42002_ca6b93ec,14,4
128,qam16,N128_qam16_high_rich_S8_42002_ca6b93ec,15,1
128,qam16,N128_qam16_high_rich_S8_42003_4a611f70,0,19
128,qam16,N128_qam16_high_rich_S8_42003_4a611f70,1,27
128,qam16,N128_qam16_high_rich_S8_42003_4a611f70,2,16
128,qam16,N128_qam16_high_rich_S8_42003_4a611f70,3,24
128,qam16,N128_qam16_high_rich_S8_42003_4a611f70,4,9
128,qam16,N128_qam16_high_rich_S8_42003_4a611f70,5,12
128,qam16,N128_qam16_high_rich_S8_42003_4a611f70,6,8
128,qam16,N128_qam16_high_rich_S8_42003_4a611f70,7,32
128,qam16,N128_qam16_high_rich_S8_42003_4a611f70,8,6
128,qam16,N128_qam16_high_rich_S8_42003_4a611f70,9,28
128,qam16,N128_qam16_high_rich_S8_42003_4a611f70,10,18
128,qam16,N128_qam16_high_rich_S8_42003_4a611f70,11,21
128,qam16,N128_qam16_high_rich_S8_42003_4a611f70,12,7
128,qam16,N128_qam16_high_rich_S8_42003_4a611f70,13,20
128,qam16,N128_qam16_high_rich_S8_42003_4a611f70,14,22
128,qam16,N128_qam16_high_rich_S8_42003_4a611f70,15,14
128,qam16,N128_qam16_high_sparse_S18_42001_470459db,0,17
128,qam16,N128_qam16_high_sparse_S18_42001_470459db,1,2
128,qam16,N128_qam16_high_sparse_S18_42001_470459db,2,23
128,qam16,N128_qam16_high_sparse_S18_42001_470459db,3,29
128,qam16,N128_qam16_high_sparse_S18_42001_470459db,4,5
128,qam16,N128_qam16_high_sparse_S18_42001_470459db,5,31
128,qam16,N128_qam16_high_sparse_S18_42001_470459db,6,26
128,qam16,N128_qam16_high_sparse_S18_42001_470459db,7,13
128,qam16,N128_qam16_high_sparse_S18_42001_470459db,8,10
128,qam16,N128_qam16_high_sparse_S18_42001_470459db,9,30
128,qam16,N128_qam16_high_sparse_S18_42001_470459db,10,25
128,qam16,N128_qam16_high_sparse_S18_42001_470459db,11,11
128,qam16,N128_qam16_high_sparse_S18_42001_470459db,12,15
128,qam16,N128_qam16_high_sparse_S18_42001_470459db,13,3
128,qam16,N128_qam16_high_sparse_S18_42001_470459db,14,0
128,qam16,N128_qam16_high_sparse_S18_42001_470459db,15,4
128,qam16,N128_qam16_high_sparse_S18_42002_53440b57,0,1
128,qam16,N128_qam16_high_sparse_S18_42002_53440b57,1,19
128,qam16,N128_qam16_high_sparse_S18_42002_53440b57,2,27
128,qam16,N128_qam16_high_sparse_S18_42002_53440b57,3,16
128,qam16,N128_qam16_high_sparse_S18_42002_53440b57,4,24
128,qam16,N128_qam16_high_sparse_S18_42002_53440b57,5,9
128,qam16,N128_qam16_high_sparse_S18_42002_53440b57,6,12
128,qam16,N128_qam16_high_sparse_S18_42002_53440b57,7,8
128,qam16,N128_qam16_high_sparse_S18_42002_53440b57,8,32
128,qam16,N128_qam16_high_sparse_S18_42002_53440b57,9,6
128,qam16,N128_qam16_high_sparse_S18_42002_53440b57,10,28
128,qam16,N128_qam16_high_sparse_S18_42002_53440b57,11,18
128,qam16,N128_qam16_high_sparse_S18_42002_53440b57,12,21
128,qam16,N128_qam16_high_sparse_S18_42002_53440b57,13,7
128,qam16,N128_qam16_high_sparse_S18_42002_53440b57,14,20
128,qam16,N128_qam16_high_sparse_S18_42002_53440b57,15,22
128,qam16,N128_qam16_high_sparse_S18_42003_b86ef052,0,14
128,qam16,N128_qam16_high_sparse_S18_42003_b86ef052,1,17
128,qam16,N128_qam16_high_sparse_S18_42003_b86ef052,2,2
128,qam16,N128_qam16_high_sparse_S18_42003_b86ef052,3,23
128,qam16,N128_qam16_high_sparse_S18_42003_b86ef052,4,29
128,qam16,N128_qam16_high_sparse_S18_42003_b86ef052,5,5
128,qam16,N128_qam16_high_sparse_S18_42003_b86ef052,6,31
128,qam16,N128_qam16_high_sparse_S18_42003_b86ef052,7,26
128,qam16,N128_qam16_high_sparse_S18_42003_b86ef052,8,13
128,qam16,N128_qam16_high_sparse_S18_42003_b86ef052,9,10
128,qam16,N128_qam16_high_sparse_S18_42003_b86ef052,10,30
128,qam16,N128_qam16_high_sparse_S18_42003_b86ef052,11,25
128,qam16,N128_qam16_high_sparse_S18_42003_b86ef052,12,11
128,qam16,N128_qam16_high_sparse_S18_42003_b86ef052,13,15
128,qam16,N128_qam16_high_sparse_S18_42003_b86ef052,14,3
128,qam16,N128_qam16_high_sparse_S18_42003_b86ef052,15,0
128,qam16,N128_qam16_high_sparse_S8_42001_b9d4f3f1,0,4
128,qam16,N128_qam16_high_sparse_S8_42001_b9d4f3f1,1,1
128,qam16,N128_qam16_high_sparse_S8_42001_b9d4f3f1,2,19
128,qam16,N128_qam16_high_sparse_S8_42001_b9d4f3f1,3,27
128,qam16,N128_qam16_high_sparse_S8_42001_b9d4f3f1,4,16
128,qam16,N128_qam16_high_sparse_S8_42001_b9d4f3f1,5,24
128,qam16,N128_qam16_high_sparse_S8_42001_b9d4f3f1,6,9
128,qam16,N128_qam16_high_sparse_S8_42001_b9d4f3f1,7,12
128,qam16,N128_qam16_high_sparse_S8_42001_b9d4f3f1,8,8
128,qam16,N128_qam16_high_sparse_S8_42001_b9d4f3f1,9,32
128,qam16,N128_qam16_high_sparse_S8_42001_b9d4f3f1,10,6
128,qam16,N128_qam16_high_sparse_S8_42001_b9d4f3f1,11,28
128,qam16,N128_qam16_high_sparse_S8_42001_b9d4f3f1,12,18
128,qam16,N128_qam16_high_sparse_S8_42001_b9d4f3f1,13,21
128,qam16,N128_qam16_high_sparse_S8_42001_b9d4f3f1,14,7
128,qam16,N128_qam16_high_sparse_S8_42001_b9d4f3f1,15,20
128,qam16,N128_qam16_high_sparse_S8_42002_b4386c24,0,22
128,qam16,N128_qam16_high_sparse_S8_42002_b4386c24,1,14
128,qam16,N128_qam16_high_sparse_S8_42002_b4386c24,2,17
128,qam16,N128_qam16_high_sparse_S8_42002_b4386c24,3,2
128,qam16,N128_qam16_high_sparse_S8_42002_b4386c24,4,23
128,qam16,N128_qam16_high_sparse_S8_42002_b4386c24,5,29
128,qam16,N128_qam16_high_sparse_S8_42002_b4386c24,6,5
128,qam16,N128_qam16_high_sparse_S8_42002_b4386c24,7,31
128,qam16,N128_qam16_high_sparse_S8_42002_b4386c24,8,26
128,qam16,N128_qam16_high_sparse_S8_42002_b4386c24,9,13
128,qam16,N128_qam16_high_sparse_S8_42002_b4386c24,10,10
128,qam16,N128_qam16_high_sparse_S8_42002_b4386c24,11,30
128,qam16,N128_qam16_high_sparse_S8_42002_b4386c24,12,25
128,qam16,N128_qam16_high_sparse_S8_42002_b4386c24,13,11
128,qam16,N128_qam16_high_sparse_S8_42002_b4386c24,14,15
128,qam16,N128_qam16_high_sparse_S8_42002_b4386c24,15,3
128,qam16,N128_qam16_high_sparse_S8_42003_8db86535,0,0
128,qam16,N128_qam16_high_sparse_S8_42003_8db86535,1,4
128,qam16,N128_qam16_high_sparse_S8_42003_8db86535,2,1
128,qam16,N128_qam16_high_sparse_S8_42003_8db86535,3,19
128,qam16,N128_qam16_high_sparse_S8_42003_8db86535,4,27
128,qam16,N128_qam16_high_sparse_S8_42003_8db86535,5,16
128,qam16,N128_qam16_high_sparse_S8_42003_8db86535,6,24
128,qam16,N128_qam16_high_sparse_S8_42003_8db86535,7,9
128,qam16,N128_qam16_high_sparse_S8_42003_8db86535,8,12
128,qam16,N128_qam16_high_sparse_S8_42003_8db86535,9,8
128,qam16,N128_qam16_high_sparse_S8_42003_8db86535,10,32
128,qam16,N128_qam16_high_sparse_S8_42003_8db86535,11,6
128,qam16,N128_qam16_high_sparse_S8_42003_8db86535,12,28
128,qam16,N128_qam16_high_sparse_S8_42003_8db86535,13,18
128,qam16,N128_qam16_high_sparse_S8_42003_8db86535,14,21
128,qam16,N128_qam16_high_sparse_S8_42003_8db86535,15,7
128,qam16,N128_qam16_low_sparse_S18_42001_e24c902b,0,20
128,qam16,N128_qam16_low_sparse_S18_42001_e24c902b,1,22
128,qam16,N128_qam16_low_sparse_S18_42001_e24c902b,2,14
128,qam16,N128_qam16_low_sparse_S18_42001_e24c902b,3,17
128,qam16,N128_qam16_low_sparse_S18_42001_e24c902b,4,2
128,qam16,N128_qam16_low_sparse_S18_42001_e24c902b,5,23
128,qam16,N128_qam16_low_sparse_S18_42001_e24c902b,6,29
128,qam16,N128_qam16_low_sparse_S18_42001_e24c902b,7,5
128,qam16,N128_qam16_low_sparse_S18_42001_e24c902b,8,31
128,qam16,N128_qam16_low_sparse_S18_42001_e24c902b,9,26
128,qam16,N128_qam16_low_sparse_S18_42001_e24c902b,10,13
128,qam16,N128_qam16_low_sparse_S18_42001_e24c902b,11,10
128,qam16,N128_qam16_low_sparse_S18_42001_e24c902b,12,30
128,qam16,N128_qam16_low_sparse_S18_42001_e24c902b,13,25
128,qam16,N128_qam16_low_sparse_S18_42001_e24c902b,14,11
128,qam16,N128_qam16_low_sparse_S18_42001_e24c902b,15,15
128,qam16,N128_qam16_low_sparse_S18_42002_4a103beb,0,3
128,qam16,N128_qam16_low_sparse_S18_42002_4a103beb,1,0
128,qam16,N128_qam16_low_sparse_S18_42002_4a103beb,2,4
128,qam16,N128_qam16_low_sparse_S18_42002_4a103beb,3,1
128,qam16,N128_qam16_low_sparse_S18_42002_4a103beb,4,19
128,qam16,N128_qam16_low_sparse_S18_42002_4a103beb,5,27
128,qam16,N128_qam16_low_sparse_S18_42002_4a103beb,6,16
128,qam16,N128_qam16_low_sparse_S18_42002_4a103beb,7,24
128,qam16,N128_qam16_low_sparse_S18_42002_4a103beb,8,9
128,qam16,N128_qam16_low_sparse_S18_42002_4a103beb,9,12
128,qam16,N128_qam16_low_sparse_S18_42002_4a103beb,10,8
128,qam16,N128_qam16_low_sparse_S18_42002_4a103beb,11,32
128,qam16,N128_qam16_low_sparse_S18_42002_4a103beb,12,6
128,qam16,N128_qam16_low_sparse_S18_42002_4a103beb,13,28
128,qam16,N128_qam16_low_sparse_S18_42002_4a103beb,14,18
128,qam16,N128_qam16_low_sparse_S18_42002_4a103beb,15,21
128,qam16,N128_qam16_low_sparse_S18_42003_c9721eb4,0,7
128,qam16,N128_qam16_low_sparse_S18_42003_c9721eb4,1,20
128,qam16,N128_qam16_low_sparse_S18_42003_c9721eb4,2,22
128,qam16,N128_qam16_low_sparse_S18_42003_c9721eb4,3,14
128,qam16,N128_qam16_low_sparse_S18_42003_c9721eb4,4,17
128,qam16,N128_qam16_low_sparse_S18_42003_c9721eb4,5,2
128,qam16,N128_qam16_low_sparse_S18_42003_c9721eb4,6,23
128,qam16,N128_qam16_low_sparse_S18_42003_c9721eb4,7,29
128,qam16,N128_qam16_low_sparse_S18_42003_c9721eb4,8,5
128,qam16,N128_qam16_low_sparse_S18_42003_c9721eb4,9,31
128,qam16,N128_qam16_low_sparse_S18_42003_c9721eb4,10,26
128,qam16,N128_qam16_low_sparse_S18_42003_c9721eb4,11,13
128,qam16,N128_qam16_low_sparse_S18_42003_c9721eb4,12,10
128,qam16,N128_qam16_low_sparse_S18_42003_c9721eb4,13,30
128,qam16,N128_qam16_low_sparse_S18_42003_c9721eb4,14,25
128,qam16,N128_qam16_low_sparse_S18_42003_c9721eb4,15,11
128,qam16,N128_qam16_low_sparse_S8_42001_35d0108e,0,15
128,qam16,N128_qam16_low_sparse_S8_42001_35d0108e,1,3
128,qam16,N128_qam16_low_sparse_S8_42001_35d0108e,2,0
128,qam16,N128_qam16_low_sparse_S8_42001_35d0108e,3,4
128,qam16,N128_qam16_low_sparse_S8_42001_35d0108e,4,1
128,qam16,N128_qam16_low_sparse_S8_42001_35d0108e,5,19
128,qam16,N128_qam16_low_sparse_S8_42001_35d0108e,6,27
128,qam16,N128_qam16_low_sparse_S8_42001_35d0108e,7,16
128,qam16,N128_qam16_low_sparse_S8_42001_35d0108e,8,24
128,qam16,N128_qam16_low_sparse_S8_42001_35d0108e,9,9
128,qam16,N128_qam16_low_sparse_S8_42001_35d0108e,10,12
128,qam16,N128_qam16_low_sparse_S8_42001_35d0108e,11,8
128,qam16,N128_qam16_low_sparse_S8_42001_35d0108e,12,32
128,qam16,N128_qam16_low_sparse_S8_42001_35d0108e,13,6
128,qam16,N128_qam16_low_sparse_S8_42001_35d0108e,14,28
128,qam16,N128_qam16_low_sparse_S8_42001_35d0108e,15,18
128,qam16,N128_qam16_low_sparse_S8_42002_945c7fe0,0,21
128,qam16,N128_qam16_low_sparse_S8_42002_945c7fe0,1,7
128,qam16,N128_qam16_low_sparse_S8_42002_945c7fe0,2,20
128,qam16,N128_qam16_low_sparse_S8_42002_945c7fe0,3,22
128,qam16,N128_qam16_low_sparse_S8_42002_945c7fe0,4,14
128,qam16,N128_qam16_low_sparse_S8_42002_945c7fe0,5,17
128,qam16,N128_qam16_low_sparse_S8_42002_945c7fe0,6,2
128,qam16,N128_qam16_low_sparse_S8_42002_945c7fe0,7,23
128,qam16,N128_qam16_low_sparse_S8_42002_945c7fe0,8,29
128,qam16,N128_qam16_low_sparse_S8_42002_945c7fe0,9,5
128,qam16,N128_qam16_low_sparse_S8_42002_945c7fe0,10,31
128,qam16,N128_qam16_low_sparse_S8_42002_945c7fe0,11,26
128,qam16,N128_qam16_low_sparse_S8_42002_945c7fe0,12,13
128,qam16,N128_qam16_low_sparse_S8_42002_945c7fe0,13,10
128,qam16,N128_qam16_low_sparse_S8_42002_945c7fe0,14,30
128,qam16,N128_qam16_low_sparse_S8_42002_945c7fe0,15,25
128,qam16,N128_qam16_low_sparse_S8_42003_bfcc6493,0,11
128,qam16,N128_qam16_low_sparse_S8_42003_bfcc6493,1,15
128,qam16,N128_qam16_low_sparse_S8_42003_bfcc6493,2,3
128,qam16,N128_qam16_low_sparse_S8_42003_bfcc6493,3,0
128,qam16,N128_qam16_low_sparse_S8_42003_bfcc6493,4,4
128,qam16,N128_qam16_low_sparse_S8_42003_bfcc6493,5,1
128,qam16,N128_qam16_low_sparse_S8_42003_bfcc6493,6,19
128,qam16,N128_qam16_low_sparse_S8_42003_bfcc6493,7,27
128,qam16,N128_qam16_low_sparse_S8_42003_bfcc6493,8,16
128,qam16,N128_qam16_low_sparse_S8_42003_bfcc6493,9,24
128,qam16,N128_qam16_low_sparse_S8_42003_bfcc6493,10,9
128,qam16,N128_qam16_low_sparse_S8_42003_bfcc6493,11,12
128,qam16,N128_qam16_low_sparse_S8_42003_bfcc6493,12,8
128,qam16,N128_qam16_low_sparse_S8_42003_bfcc6493,13,32
128,qam16,N128_qam16_low_sparse_S8_42003_bfcc6493,14,6
128,qam16,N128_qam16_low_sparse_S8_42003_bfcc6493,15,28
256,qpsk,N256_qpsk_high_rich_S18_42001_8308f15a,0,29
256,qpsk,N256_qpsk_high_rich_S18_42001_8308f15a,1,5
256,qpsk,N256_qpsk_high_rich_S18_42001_8308f15a,2,31
256,qpsk,N256_qpsk_high_rich_S18_42001_8308f15a,3,26
256,qpsk,N256_qpsk_high_rich_S18_42001_8308f15a,4,13
256,qpsk,N256_qpsk_high_rich_S18_42001_8308f15a,5,10
256,qpsk,N256_qpsk_high_rich_S18_42001_8308f15a,6,30
256,qpsk,N256_qpsk_high_rich_S18_42001_8308f15a,7,25
256,qpsk,N256_qpsk_high_rich_S18_42001_8308f15a,8,11
256,qpsk,N256_qpsk_high_rich_S18_42001_8308f15a,9,15
256,qpsk,N256_qpsk_high_rich_S18_42001_8308f15a,10,3
256,qpsk,N256_qpsk_high_rich_S18_42001_8308f15a,11,0
256,qpsk,N256_qpsk_high_rich_S18_42001_8308f15a,12,4
256,qpsk,N256_qpsk_high_rich_S18_42001_8308f15a,13,1
256,qpsk,N256_qpsk_high_rich_S18_42001_8308f15a,14,19
256,qpsk,N256_qpsk_high_rich_S18_42001_8308f15a,15,27
256,qpsk,N256_qpsk_high_rich_S18_42002_0286e17d,0,16
256,qpsk,N256_qpsk_high_rich_S18_42002_0286e17d,1,24
256,qpsk,N256_qpsk_high_rich_S18_42002_0286e17d,2,9
256,qpsk,N256_qpsk_high_rich_S18_42002_0286e17d,3,12
256,qpsk,N256_qpsk_high_rich_S18_42002_0286e17d,4,8
256,qpsk,N256_qpsk_high_rich_S18_42002_0286e17d,5,32
256,qpsk,N256_qpsk_high_rich_S18_42002_0286e17d,6,6
256,qpsk,N256_qpsk_high_rich_S18_42002_0286e17d,7,28
256,qpsk,N256_qpsk_high_rich_S18_42002_0286e17d,8,18
256,qpsk,N256_qpsk_high_rich_S18_42002_0286e17d,9,21
256,qpsk,N256_qpsk_high_rich_S18_42002_0286e17d,10,7
256,qpsk,N256_qpsk_high_rich_S18_42002_0286e17d,11,20
256,qpsk,N256_qpsk_high_rich_S18_42002_0286e17d,12,22
256,qpsk,N256_qpsk_high_rich_S18_42002_0286e17d,13,14
256,qpsk,N256_qpsk_high_rich_S18_42002_0286e17d,14,17
256,qpsk,N256_qpsk_high_rich_S18_42002_0286e17d,15,2
256,qpsk,N256_qpsk_high_rich_S18_42003_7b7c7ab8,0,23
256,qpsk,N256_qpsk_high_rich_S18_42003_7b7c7ab8,1,29
256,qpsk,N256_qpsk_high_rich_S18_42003_7b7c7ab8,2,5
256,qpsk,N256_qpsk_high_rich_S18_42003_7b7c7ab8,3,31
256,qpsk,N256_qpsk_high_rich_S18_42003_7b7c7ab8,4,26
256,qpsk,N256_qpsk_high_rich_S18_42003_7b7c7ab8,5,13
256,qpsk,N256_qpsk_high_rich_S18_42003_7b7c7ab8,6,10
256,qpsk,N256_qpsk_high_rich_S18_42003_7b7c7ab8,7,30
256,qpsk,N256_qpsk_high_rich_S18_42003_7b7c7ab8,8,25
256,qpsk,N256_qpsk_high_rich_S18_42003_7b7c7ab8,9,11
256,qpsk,N256_qpsk_high_rich_S18_42003_7b7c7ab8,10,15
256,qpsk,N256_qpsk_high_rich_S18_42003_7b7c7ab8,11,3
256,qpsk,N256_qpsk_high_rich_S18_42003_7b7c7ab8,12,0
256,qpsk,N256_qpsk_high_rich_S18_42003_7b7c7ab8,13,4
256,qpsk,N256_qpsk_high_rich_S18_42003_7b7c7ab8,14,1
256,qpsk,N256_qpsk_high_rich_S18_42003_7b7c7ab8,15,19
256,qpsk,N256_qpsk_high_rich_S8_42001_1a7690f1,0,27
256,qpsk,N256_qpsk_high_rich_S8_42001_1a7690f1,1,16
256,qpsk,N256_qpsk_high_rich_S8_42001_1a7690f1,2,24
256,qpsk,N256_qpsk_high_rich_S8_42001_1a7690f1,3,9
256,qpsk,N256_qpsk_high_rich_S8_42001_1a7690f1,4,12
256,qpsk,N256_qpsk_high_rich_S8_42001_1a7690f1,5,8
256,qpsk,N256_qpsk_high_rich_S8_42001_1a7690f1,6,32
256,qpsk,N256_qpsk_high_rich_S8_42001_1a7690f1,7,6
256,qpsk,N256_qpsk_high_rich_S8_42001_1a7690f1,8,28
256,qpsk,N256_qpsk_high_rich_S8_42001_1a7690f1,9,18
256,qpsk,N256_qpsk_high_rich_S8_42001_1a7690f1,10,21
256,qpsk,N256_qpsk_high_rich_S8_42001_1a7690f1,11,7
256,qpsk,N256_qpsk_high_rich_S8_42001_1a7690f1,12,20
256,qpsk,N256_qpsk_high_rich_S8_42001_1a7690f1,13,22
256,qpsk,N256_qpsk_high_rich_S8_42001_1a7690f1,14,14
256,qpsk,N256_qpsk_high_rich_S8_42001_1a7690f1,15,17
256,qpsk,N256_qpsk_high_rich_S8_42002_b2946b29,0,2
256,qpsk,N256_qpsk_high_rich_S8_42002_b2946b29,1,23
256,qpsk,N256_qpsk_high_rich_S8_42002_b2946b29,2,29
256,qpsk,N256_qpsk_high_rich_S8_42002_b2946b29,3,5
256,qpsk,N256_qpsk_high_rich_S8_42002_b2946b29,4,31
256,qpsk,N256_qpsk_high_rich_S8_42002_b2946b29,5,26
256,qpsk,N256_qpsk_high_rich_S8_42002_b2946b29,6,13
256,qpsk,N256_qpsk_high_rich_S8_42002_b2946b29,7,10
256,qpsk,N256_qpsk_high_rich_S8_42002_b2946b29,8,30
256,qpsk,N256_qpsk_high_rich_S8_42002_b2946b29,9,25
256,qpsk,N256_qpsk_high_rich_S8_42002_b2946b29,10,11
256,qpsk,N256_qpsk_high_rich_S8_42002_b2946b29,11,15
256,qpsk,N256_qpsk_high_rich_S8_42002_b2946b29,12,3
256,qpsk,N256_qpsk_high_rich_S8_42002_b2946b29,13,0
256,qpsk,N256_qpsk_high_rich_S8_42002_b2946b29,14,4
256,qpsk,N256_qpsk_high_rich_S8_42002_b2946b29,15,1
256,qpsk,N256_qpsk_high_rich_S8_42003_1fe63b79,0,19
256,qpsk,N256_qpsk_high_rich_S8_42003_1fe63b79,1,27
256,qpsk,N256_qpsk_high_rich_S8_42003_1fe63b79,2,16
256,qpsk,N256_qpsk_high_rich_S8_42003_1fe63b79,3,24
256,qpsk,N256_qpsk_high_rich_S8_42003_1fe63b79,4,9
256,qpsk,N256_qpsk_high_rich_S8_42003_1fe63b79,5,12
256,qpsk,N256_qpsk_high_rich_S8_42003_1fe63b79,6,8
256,qpsk,N256_qpsk_high_rich_S8_42003_1fe63b79,7,32
256,qpsk,N256_qpsk_high_rich_S8_42003_1fe63b79,8,6
256,qpsk,N256_qpsk_high_rich_S8_42003_1fe63b79,9,28
256,qpsk,N256_qpsk_high_rich_S8_42003_1fe63b79,10,18
256,qpsk,N256_qpsk_high_rich_S8_42003_1fe63b79,11,21
256,qpsk,N256_qpsk_high_rich_S8_42003_1fe63b79,12,7
256,qpsk,N256_qpsk_high_rich_S8_42003_1fe63b79,13,20
256,qpsk,N256_qpsk_high_rich_S8_42003_1fe63b79,14,22
256,qpsk,N256_qpsk_high_rich_S8_42003_1fe63b79,15,14
256,qpsk,N256_qpsk_high_sparse_S18_42001_d82a2a94,0,17
256,qpsk,N256_qpsk_high_sparse_S18_42001_d82a2a94,1,2
256,qpsk,N256_qpsk_high_sparse_S18_42001_d82a2a94,2,23
256,qpsk,N256_qpsk_high_sparse_S18_42001_d82a2a94,3,29
256,qpsk,N256_qpsk_high_sparse_S18_42001_d82a2a94,4,5
256,qpsk,N256_qpsk_high_sparse_S18_42001_d82a2a94,5,31
256,qpsk,N256_qpsk_high_sparse_S18_42001_d82a2a94,6,26
256,qpsk,N256_qpsk_high_sparse_S18_42001_d82a2a94,7,13
256,qpsk,N256_qpsk_high_sparse_S18_42001_d82a2a94,8,10
256,qpsk,N256_qpsk_high_sparse_S18_42001_d82a2a94,9,30
256,qpsk,N256_qpsk_high_sparse_S18_42001_d82a2a94,10,25
256,qpsk,N256_qpsk_high_sparse_S18_42001_d82a2a94,11,11
256,qpsk,N256_qpsk_high_sparse_S18_42001_d82a2a94,12,15
256,qpsk,N256_qpsk_high_sparse_S18_42001_d82a2a94,13,3
256,qpsk,N256_qpsk_high_sparse_S18_42001_d82a2a94,14,0
256,qpsk,N256_qpsk_high_sparse_S18_42001_d82a2a94,15,4
256,qpsk,N256_qpsk_high_sparse_S18_42002_f076225f,0,1
256,qpsk,N256_qpsk_high_sparse_S18_42002_f076225f,1,19
256,qpsk,N256_qpsk_high_sparse_S18_42002_f076225f,2,27
256,qpsk,N256_qpsk_high_sparse_S18_42002_f076225f,3,16
256,qpsk,N256_qpsk_high_sparse_S18_42002_f076225f,4,24
256,qpsk,N256_qpsk_high_sparse_S18_42002_f076225f,5,9
256,qpsk,N256_qpsk_high_sparse_S18_42002_f076225f,6,12
256,qpsk,N256_qpsk_high_sparse_S18_42002_f076225f,7,8
256,qpsk,N256_qpsk_high_sparse_S18_42002_f076225f,8,32
256,qpsk,N256_qpsk_high_sparse_S18_42002_f076225f,9,6
256,qpsk,N256_qpsk_high_sparse_S18_42002_f076225f,10,28
256,qpsk,N256_qpsk_high_sparse_S18_42002_f076225f,11,18
256,qpsk,N256_qpsk_high_sparse_S18_42002_f076225f,12,21
256,qpsk,N256_qpsk_high_sparse_S18_42002_f076225f,13,7
256,qpsk,N256_qpsk_high_sparse_S18_42002_f076225f,14,20
256,qpsk,N256_qpsk_high_sparse_S18_42002_f076225f,15,22
256,qpsk,N256_qpsk_high_sparse_S18_42003_136affb1,0,14
256,qpsk,N256_qpsk_high_sparse_S18_42003_136affb1,1,17
256,qpsk,N256_qpsk_high_sparse_S18_42003_136affb1,2,2
256,qpsk,N256_qpsk_high_sparse_S18_42003_136affb1,3,23
256,qpsk,N256_qpsk_high_sparse_S18_42003_136affb1,4,29
256,qpsk,N256_qpsk_high_sparse_S18_42003_136affb1,5,5
256,qpsk,N256_qpsk_high_sparse_S18_42003_136affb1,6,31
256,qpsk,N256_qpsk_high_sparse_S18_42003_136affb1,7,26
256,qpsk,N256_qpsk_high_sparse_S18_42003_136affb1,8,13
256,qpsk,N256_qpsk_high_sparse_S18_42003_136affb1,9,10
256,qpsk,N256_qpsk_high_sparse_S18_42003_136affb1,10,30
256,qpsk,N256_qpsk_high_sparse_S18_42003_136affb1,11,25
256,qpsk,N256_qpsk_high_sparse_S18_42003_136affb1,12,11
256,qpsk,N256_qpsk_high_sparse_S18_42003_136affb1,13,15
256,qpsk,N256_qpsk_high_sparse_S18_42003_136affb1,14,3
256,qpsk,N256_qpsk_high_sparse_S18_42003_136affb1,15,0
256,qpsk,N256_qpsk_high_sparse_S8_42001_e5560a9b,0,4
256,qpsk,N256_qpsk_high_sparse_S8_42001_e5560a9b,1,1
256,qpsk,N256_qpsk_high_sparse_S8_42001_e5560a9b,2,19
256,qpsk,N256_qpsk_high_sparse_S8_42001_e5560a9b,3,27
256,qpsk,N256_qpsk_high_sparse_S8_42001_e5560a9b,4,16
256,qpsk,N256_qpsk_high_sparse_S8_42001_e5560a9b,5,24
256,qpsk,N256_qpsk_high_sparse_S8_42001_e5560a9b,6,9
256,qpsk,N256_qpsk_high_sparse_S8_42001_e5560a9b,7,12
256,qpsk,N256_qpsk_high_sparse_S8_42001_e5560a9b,8,8
256,qpsk,N256_qpsk_high_sparse_S8_42001_e5560a9b,9,32
256,qpsk,N256_qpsk_high_sparse_S8_42001_e5560a9b,10,6
256,qpsk,N256_qpsk_high_sparse_S8_42001_e5560a9b,11,28
256,qpsk,N256_qpsk_high_sparse_S8_42001_e5560a9b,12,18
256,qpsk,N256_qpsk_high_sparse_S8_42001_e5560a9b,13,21
256,qpsk,N256_qpsk_high_sparse_S8_42001_e5560a9b,14,7
256,qpsk,N256_qpsk_high_sparse_S8_42001_e5560a9b,15,20
256,qpsk,N256_qpsk_high_sparse_S8_42002_e727f1b3,0,22
256,qpsk,N256_qpsk_high_sparse_S8_42002_e727f1b3,1,14
256,qpsk,N256_qpsk_high_sparse_S8_42002_e727f1b3,2,17
256,qpsk,N256_qpsk_high_sparse_S8_42002_e727f1b3,3,2
256,qpsk,N256_qpsk_high_sparse_S8_42002_e727f1b3,4,23
256,qpsk,N256_qpsk_high_sparse_S8_42002_e727f1b3,5,29
256,qpsk,N256_qpsk_high_sparse_S8_42002_e727f1b3,6,5
256,qpsk,N256_qpsk_high_sparse_S8_42002_e727f1b3,7,31
256,qpsk,N256_qpsk_high_sparse_S8_42002_e727f1b3,8,26
256,qpsk,N256_qpsk_high_sparse_S8_42002_e727f1b3,9,13
256,qpsk,N256_qpsk_high_sparse_S8_42002_e727f1b3,10,10
256,qpsk,N256_qpsk_high_sparse_S8_42002_e727f1b3,11,30
256,qpsk,N256_qpsk_high_sparse_S8_42002_e727f1b3,12,25
256,qpsk,N256_qpsk_high_sparse_S8_42002_e727f1b3,13,11
256,qpsk,N256_qpsk_high_sparse_S8_42002_e727f1b3,14,15
256,qpsk,N256_qpsk_high_sparse_S8_42002_e727f1b3,15,3
256,qpsk,N256_qpsk_high_sparse_S8_42003_245e6e4d,0,0
256,qpsk,N256_qpsk_high_sparse_S8_42003_245e6e4d,1,4
256,qpsk,N256_qpsk_high_sparse_S8_42003_245e6e4d,2,1
256,qpsk,N256_qpsk_high_sparse_S8_42003_245e6e4d,3,19
256,qpsk,N256_qpsk_high_sparse_S8_42003_245e6e4d,4,27
256,qpsk,N256_qpsk_high_sparse_S8_42003_245e6e4d,5,16
256,qpsk,N256_qpsk_high_sparse_S8_42003_245e6e4d,6,24
256,qpsk,N256_qpsk_high_sparse_S8_42003_245e6e4d,7,9
256,qpsk,N256_qpsk_high_sparse_S8_42003_245e6e4d,8,12
256,qpsk,N256_qpsk_high_sparse_S8_42003_245e6e4d,9,8
256,qpsk,N256_qpsk_high_sparse_S8_42003_245e6e4d,10,32
256,qpsk,N256_qpsk_high_sparse_S8_42003_245e6e4d,11,6
256,qpsk,N256_qpsk_high_sparse_S8_42003_245e6e4d,12,28
256,qpsk,N256_qpsk_high_sparse_S8_42003_245e6e4d,13,18
256,qpsk,N256_qpsk_high_sparse_S8_42003_245e6e4d,14,21
256,qpsk,N256_qpsk_high_sparse_S8_42003_245e6e4d,15,7
256,qpsk,N256_qpsk_low_sparse_S18_42001_7d5aa44c,0,20
256,qpsk,N256_qpsk_low_sparse_S18_42001_7d5aa44c,1,22
256,qpsk,N256_qpsk_low_sparse_S18_42001_7d5aa44c,2,14
256,qpsk,N256_qpsk_low_sparse_S18_42001_7d5aa44c,3,17
256,qpsk,N256_qpsk_low_sparse_S18_42001_7d5aa44c,4,2
256,qpsk,N256_qpsk_low_sparse_S18_42001_7d5aa44c,5,23
256,qpsk,N256_qpsk_low_sparse_S18_42001_7d5aa44c,6,29
256,qpsk,N256_qpsk_low_sparse_S18_42001_7d5aa44c,7,5
256,qpsk,N256_qpsk_low_sparse_S18_42001_7d5aa44c,8,31
256,qpsk,N256_qpsk_low_sparse_S18_42001_7d5aa44c,9,26
256,qpsk,N256_qpsk_low_sparse_S18_42001_7d5aa44c,10,13
256,qpsk,N256_qpsk_low_sparse_S18_42001_7d5aa44c,11,10
256,qpsk,N256_qpsk_low_sparse_S18_42001_7d5aa44c,12,30
256,qpsk,N256_qpsk_low_sparse_S18_42001_7d5aa44c,13,25
256,qpsk,N256_qpsk_low_sparse_S18_42001_7d5aa44c,14,11
256,qpsk,N256_qpsk_low_sparse_S18_42001_7d5aa44c,15,15
256,qpsk,N256_qpsk_low_sparse_S18_42002_113df4e9,0,3
256,qpsk,N256_qpsk_low_sparse_S18_42002_113df4e9,1,0
256,qpsk,N256_qpsk_low_sparse_S18_42002_113df4e9,2,4
256,qpsk,N256_qpsk_low_sparse_S18_42002_113df4e9,3,1
256,qpsk,N256_qpsk_low_sparse_S18_42002_113df4e9,4,19
256,qpsk,N256_qpsk_low_sparse_S18_42002_113df4e9,5,27
256,qpsk,N256_qpsk_low_sparse_S18_42002_113df4e9,6,16
256,qpsk,N256_qpsk_low_sparse_S18_42002_113df4e9,7,24
256,qpsk,N256_qpsk_low_sparse_S18_42002_113df4e9,8,9
256,qpsk,N256_qpsk_low_sparse_S18_42002_113df4e9,9,12
256,qpsk,N256_qpsk_low_sparse_S18_42002_113df4e9,10,8
256,qpsk,N256_qpsk_low_sparse_S18_42002_113df4e9,11,32
256,qpsk,N256_qpsk_low_sparse_S18_42002_113df4e9,12,6
256,qpsk,N256_qpsk_low_sparse_S18_42002_113df4e9,13,28
256,qpsk,N256_qpsk_low_sparse_S18_42002_113df4e9,14,18
256,qpsk,N256_qpsk_low_sparse_S18_42002_113df4e9,15,21
256,qpsk,N256_qpsk_low_sparse_S18_42003_022a4af6,0,7
256,qpsk,N256_qpsk_low_sparse_S18_42003_022a4af6,1,20
256,qpsk,N256_qpsk_low_sparse_S18_42003_022a4af6,2,22
256,qpsk,N256_qpsk_low_sparse_S18_42003_022a4af6,3,14
256,qpsk,N256_qpsk_low_sparse_S18_42003_022a4af6,4,17
256,qpsk,N256_qpsk_low_sparse_S18_42003_022a4af6,5,2
256,qpsk,N256_qpsk_low_sparse_S18_42003_022a4af6,6,23
256,qpsk,N256_qpsk_low_sparse_S18_42003_022a4af6,7,29
256,qpsk,N256_qpsk_low_sparse_S18_42003_022a4af6,8,5
256,qpsk,N256_qpsk_low_sparse_S18_42003_022a4af6,9,31
256,qpsk,N256_qpsk_low_sparse_S18_42003_022a4af6,10,26
256,qpsk,N256_qpsk_low_sparse_S18_42003_022a4af6,11,13
256,qpsk,N256_qpsk_low_sparse_S18_42003_022a4af6,12,10
256,qpsk,N256_qpsk_low_sparse_S18_42003_022a4af6,13,30
256,qpsk,N256_qpsk_low_sparse_S18_42003_022a4af6,14,25
256,qpsk,N256_qpsk_low_sparse_S18_42003_022a4af6,15,11
256,qpsk,N256_qpsk_low_sparse_S8_42001_69d58ad4,0,15
256,qpsk,N256_qpsk_low_sparse_S8_42001_69d58ad4,1,3
256,qpsk,N256_qpsk_low_sparse_S8_42001_69d58ad4,2,0
256,qpsk,N256_qpsk_low_sparse_S8_42001_69d58ad4,3,4
256,qpsk,N256_qpsk_low_sparse_S8_42001_69d58ad4,4,1
256,qpsk,N256_qpsk_low_sparse_S8_42001_69d58ad4,5,19
256,qpsk,N256_qpsk_low_sparse_S8_42001_69d58ad4,6,27
256,qpsk,N256_qpsk_low_sparse_S8_42001_69d58ad4,7,16
256,qpsk,N256_qpsk_low_sparse_S8_42001_69d58ad4,8,24
256,qpsk,N256_qpsk_low_sparse_S8_42001_69d58ad4,9,9
256,qpsk,N256_qpsk_low_sparse_S8_42001_69d58ad4,10,12
256,qpsk,N256_qpsk_low_sparse_S8_42001_69d58ad4,11,8
256,qpsk,N256_qpsk_low_sparse_S8_42001_69d58ad4,12,32
256,qpsk,N256_qpsk_low_sparse_S8_42001_69d58ad4,13,6
256,qpsk,N256_qpsk_low_sparse_S8_42001_69d58ad4,14,28
256,qpsk,N256_qpsk_low_sparse_S8_42001_69d58ad4,15,18
256,qpsk,N256_qpsk_low_sparse_S8_42002_5d575e30,0,21
256,qpsk,N256_qpsk_low_sparse_S8_42002_5d575e30,1,7
256,qpsk,N256_qpsk_low_sparse_S8_42002_5d575e30,2,20
256,qpsk,N256_qpsk_low_sparse_S8_42002_5d575e30,3,22
256,qpsk,N256_qpsk_low_sparse_S8_42002_5d575e30,4,14
256,qpsk,N256_qpsk_low_sparse_S8_42002_5d575e30,5,17
256,qpsk,N256_qpsk_low_sparse_S8_42002_5d575e30,6,2
256,qpsk,N256_qpsk_low_sparse_S8_42002_5d575e30,7,23
256,qpsk,N256_qpsk_low_sparse_S8_42002_5d575e30,8,29
256,qpsk,N256_qpsk_low_sparse_S8_42002_5d575e30,9,5
256,qpsk,N256_qpsk_low_sparse_S8_42002_5d575e30,10,31
256,qpsk,N256_qpsk_low_sparse_S8_42002_5d575e30,11,26
256,qpsk,N256_qpsk_low_sparse_S8_42002_5d575e30,12,13
256,qpsk,N256_qpsk_low_sparse_S8_42002_5d575e30,13,10
256,qpsk,N256_qpsk_low_sparse_S8_42002_5d575e30,14,30
256,qpsk,N256_qpsk_low_sparse_S8_42002_5d575e30,15,25
256,qpsk,N256_qpsk_low_sparse_S8_42003_f5972856,0,11
256,qpsk,N256_qpsk_low_sparse_S8_42003_f5972856,1,15
256,qpsk,N256_qpsk_low_sparse_S8_42003_f5972856,2,3
256,qpsk,N256_qpsk_low_sparse_S8_42003_f5972856,3,0
256,qpsk,N256_qpsk_low_sparse_S8_42003_f5972856,4,4
256,qpsk,N256_qpsk_low_sparse_S8_42003_f5972856,5,1
256,qpsk,N256_qpsk_low_sparse_S8_42003_f5972856,6,19
256,qpsk,N256_qpsk_low_sparse_S8_42003_f5972856,7,27
256,qpsk,N256_qpsk_low_sparse_S8_42003_f5972856,8,16
256,qpsk,N256_qpsk_low_sparse_S8_42003_f5972856,9,24
256,qpsk,N256_qpsk_low_sparse_S8_42003_f5972856,10,9
256,qpsk,N256_qpsk_low_sparse_S8_42003_f5972856,11,12
256,qpsk,N256_qpsk_low_sparse_S8_42003_f5972856,12,8
256,qpsk,N256_qpsk_low_sparse_S8_42003_f5972856,13,32
256,qpsk,N256_qpsk_low_sparse_S8_42003_f5972856,14,6
256,qpsk,N256_qpsk_low_sparse_S8_42003_f5972856,15,28
256,qam16,N256_qam16_high_rich_S18_42001_d4f828e8,0,29
256,qam16,N256_qam16_high_rich_S18_42001_d4f828e8,1,5
256,qam16,N256_qam16_high_rich_S18_42001_d4f828e8,2,31
256,qam16,N256_qam16_high_rich_S18_42001_d4f828e8,3,26
256,qam16,N256_qam16_high_rich_S18_42001_d4f828e8,4,13
256,qam16,N256_qam16_high_rich_S18_42001_d4f828e8,5,10
256,qam16,N256_qam16_high_rich_S18_42001_d4f828e8,6,30
256,qam16,N256_qam16_high_rich_S18_42001_d4f828e8,7,25
256,qam16,N256_qam16_high_rich_S18_42001_d4f828e8,8,11
256,qam16,N256_qam16_high_rich_S18_42001_d4f828e8,9,15
256,qam16,N256_qam16_high_rich_S18_42001_d4f828e8,10,3
256,qam16,N256_qam16_high_rich_S18_42001_d4f828e8,11,0
256,qam16,N256_qam16_high_rich_S18_42001_d4f828e8,12,4
256,qam16,N256_qam16_high_rich_S18_42001_d4f828e8,13,1
256,qam16,N256_qam16_high_rich_S18_42001_d4f828e8,14,19
256,qam16,N256_qam16_high_rich_S18_42001_d4f828e8,15,27
256,qam16,N256_qam16_high_rich_S18_42002_ce9ae822,0,16
256,qam16,N256_qam16_high_rich_S18_42002_ce9ae822,1,24
256,qam16,N256_qam16_high_rich_S18_42002_ce9ae822,2,9
256,qam16,N256_qam16_high_rich_S18_42002_ce9ae822,3,12
256,qam16,N256_qam16_high_rich_S18_42002_ce9ae822,4,8
256,qam16,N256_qam16_high_rich_S18_42002_ce9ae822,5,32
256,qam16,N256_qam16_high_rich_S18_42002_ce9ae822,6,6
256,qam16,N256_qam16_high_rich_S18_42002_ce9ae822,7,28
256,qam16,N256_qam16_high_rich_S18_42002_ce9ae822,8,18
256,qam16,N256_qam16_high_rich_S18_42002_ce9ae822,9,21
256,qam16,N256_qam16_high_rich_S18_42002_ce9ae822,10,7
256,qam16,N256_qam16_high_rich_S18_42002_ce9ae822,11,20
256,qam16,N256_qam16_high_rich_S18_42002_ce9ae822,12,22
256,qam16,N256_qam16_high_rich_S18_42002_ce9ae822,13,14
256,qam16,N256_qam16_high_rich_S18_42002_ce9ae822,14,17
256,qam16,N256_qam16_high_rich_S18_42002_ce9ae822,15,2
256,qam16,N256_qam16_high_rich_S18_42003_c047118b,0,23
256,qam16,N256_qam16_high_rich_S18_42003_c047118b,1,29
256,qam16,N256_qam16_high_rich_S18_42003_c047118b,2,5
256,qam16,N256_qam16_high_rich_S18_42003_c047118b,3,31
256,qam16,N256_qam16_high_rich_S18_42003_c047118b,4,26
256,qam16,N256_qam16_high_rich_S18_42003_c047118b,5,13
256,qam16,N256_qam16_high_rich_S18_42003_c047118b,6,10
256,qam16,N256_qam16_high_rich_S18_42003_c047118b,7,30
256,qam16,N256_qam16_high_rich_S18_42003_c047118b,8,25
256,qam16,N256_qam16_high_rich_S18_42003_c047118b,9,11
256,qam16,N256_qam16_high_rich_S18_42003_c047118b,10,15
256,qam16,N256_qam16_high_rich_S18_42003_c047118b,11,3
256,qam16,N256_qam16_high_rich_S18_42003_c047118b,12,0
256,qam16,N256_qam16_high_rich_S18_42003_c047118b,13,4
256,qam16,N256_qam16_high_rich_S18_42003_c047118b,14,1
256,qam16,N256_qam16_high_rich_S18_42003_c047118b,15,19
256,qam16,N256_qam16_high_rich_S8_42001_ab99034f,0,27
256,qam16,N256_qam16_high_rich_S8_42001_ab99034f,1,16
256,qam16,N256_qam16_high_rich_S8_42001_ab99034f,2,24
256,qam16,N256_qam16_high_rich_S8_42001_ab99034f,3,9
256,qam16,N256_qam16_high_rich_S8_42001_ab99034f,4,12
256,qam16,N256_qam16_high_rich_S8_42001_ab99034f,5,8
256,qam16,N256_qam16_high_rich_S8_42001_ab99034f,6,32
256,qam16,N256_qam16_high_rich_S8_42001_ab99034f,7,6
256,qam16,N256_qam16_high_rich_S8_42001_ab99034f,8,28
256,qam16,N256_qam16_high_rich_S8_42001_ab99034f,9,18
256,qam16,N256_qam16_high_rich_S8_42001_ab99034f,10,21
256,qam16,N256_qam16_high_rich_S8_42001_ab99034f,11,7
256,qam16,N256_qam16_high_rich_S8_42001_ab99034f,12,20
256,qam16,N256_qam16_high_rich_S8_42001_ab99034f,13,22
256,qam16,N256_qam16_high_rich_S8_42001_ab99034f,14,14
256,qam16,N256_qam16_high_rich_S8_42001_ab99034f,15,17
256,qam16,N256_qam16_high_rich_S8_42002_c1b47d26,0,2
256,qam16,N256_qam16_high_rich_S8_42002_c1b47d26,1,23
256,qam16,N256_qam16_high_rich_S8_42002_c1b47d26,2,29
256,qam16,N256_qam16_high_rich_S8_42002_c1b47d26,3,5
256,qam16,N256_qam16_high_rich_S8_42002_c1b47d26,4,31
256,qam16,N256_qam16_high_rich_S8_42002_c1b47d26,5,26
256,qam16,N256_qam16_high_rich_S8_42002_c1b47d26,6,13
256,qam16,N256_qam16_high_rich_S8_42002_c1b47d26,7,10
256,qam16,N256_qam16_high_rich_S8_42002_c1b47d26,8,30
256,qam16,N256_qam16_high_rich_S8_42002_c1b47d26,9,25
256,qam16,N256_qam16_high_rich_S8_42002_c1b47d26,10,11
256,qam16,N256_qam16_high_rich_S8_42002_c1b47d26,11,15
256,qam16,N256_qam16_high_rich_S8_42002_c1b47d26,12,3
256,qam16,N256_qam16_high_rich_S8_42002_c1b47d26,13,0
256,qam16,N256_qam16_high_rich_S8_42002_c1b47d26,14,4
256,qam16,N256_qam16_high_rich_S8_42002_c1b47d26,15,1
256,qam16,N256_qam16_high_rich_S8_42003_0b173d91,0,19
256,qam16,N256_qam16_high_rich_S8_42003_0b173d91,1,27
256,qam16,N256_qam16_high_rich_S8_42003_0b173d91,2,16
256,qam16,N256_qam16_high_rich_S8_42003_0b173d91,3,24
256,qam16,N256_qam16_high_rich_S8_42003_0b173d91,4,9
256,qam16,N256_qam16_high_rich_S8_42003_0b173d91,5,12
256,qam16,N256_qam16_high_rich_S8_42003_0b173d91,6,8
256,qam16,N256_qam16_high_rich_S8_42003_0b173d91,7,32
256,qam16,N256_qam16_high_rich_S8_42003_0b173d91,8,6
256,qam16,N256_qam16_high_rich_S8_42003_0b173d91,9,28
256,qam16,N256_qam16_high_rich_S8_42003_0b173d91,10,18
256,qam16,N256_qam16_high_rich_S8_42003_0b173d91,11,21
256,qam16,N256_qam16_high_rich_S8_42003_0b173d91,12,7
256,qam16,N256_qam16_high_rich_S8_42003_0b173d91,13,20
256,qam16,N256_qam16_high_rich_S8_42003_0b173d91,14,22
256,qam16,N256_qam16_high_rich_S8_42003_0b173d91,15,14
256,qam16,N256_qam16_high_sparse_S18_42001_939407e4,0,17
256,qam16,N256_qam16_high_sparse_S18_42001_939407e4,1,2
256,qam16,N256_qam16_high_sparse_S18_42001_939407e4,2,23
256,qam16,N256_qam16_high_sparse_S18_42001_939407e4,3,29
256,qam16,N256_qam16_high_sparse_S18_42001_939407e4,4,5
256,qam16,N256_qam16_high_sparse_S18_42001_939407e4,5,31
256,qam16,N256_qam16_high_sparse_S18_42001_939407e4,6,26
256,qam16,N256_qam16_high_sparse_S18_42001_939407e4,7,13
256,qam16,N256_qam16_high_sparse_S18_42001_939407e4,8,10
256,qam16,N256_qam16_high_sparse_S18_42001_939407e4,9,30
256,qam16,N256_qam16_high_sparse_S18_42001_939407e4,10,25
256,qam16,N256_qam16_high_sparse_S18_42001_939407e4,11,11
256,qam16,N256_qam16_high_sparse_S18_42001_939407e4,12,15
256,qam16,N256_qam16_high_sparse_S18_42001_939407e4,13,3
256,qam16,N256_qam16_high_sparse_S18_42001_939407e4,14,0
256,qam16,N256_qam16_high_sparse_S18_42001_939407e4,15,4
256,qam16,N256_qam16_high_sparse_S18_42002_fb49e939,0,1
256,qam16,N256_qam16_high_sparse_S18_42002_fb49e939,1,19
256,qam16,N256_qam16_high_sparse_S18_42002_fb49e939,2,27
256,qam16,N256_qam16_high_sparse_S18_42002_fb49e939,3,16
256,qam16,N256_qam16_high_sparse_S18_42002_fb49e939,4,24
256,qam16,N256_qam16_high_sparse_S18_42002_fb49e939,5,9
256,qam16,N256_qam16_high_sparse_S18_42002_fb49e939,6,12
256,qam16,N256_qam16_high_sparse_S18_42002_fb49e939,7,8
256,qam16,N256_qam16_high_sparse_S18_42002_fb49e939,8,32
256,qam16,N256_qam16_high_sparse_S18_42002_fb49e939,9,6
256,qam16,N256_qam16_high_sparse_S18_42002_fb49e939,10,28
256,qam16,N256_qam16_high_sparse_S18_42002_fb49e939,11,18
256,qam16,N256_qam16_high_sparse_S18_42002_fb49e939,12,21
256,qam16,N256_qam16_high_sparse_S18_42002_fb49e939,13,7
256,qam16,N256_qam16_high_sparse_S18_42002_fb49e939,14,20
256,qam16,N256_qam16_high_sparse_S18_42002_fb49e939,15,22
256,qam16,N256_qam16_high_sparse_S18_42003_04810d33,0,14
256,qam16,N256_qam16_high_sparse_S18_42003_04810d33,1,17
256,qam16,N256_qam16_high_sparse_S18_42003_04810d33,2,2
256,qam16,N256_qam16_high_sparse_S18_42003_04810d33,3,23
256,qam16,N256_qam16_high_sparse_S18_42003_04810d33,4,29
256,qam16,N256_qam16_high_sparse_S18_42003_04810d33,5,5
256,qam16,N256_qam16_high_sparse_S18_42003_04810d33,6,31
256,qam16,N256_qam16_high_sparse_S18_42003_04810d33,7,26
256,qam16,N256_qam16_high_sparse_S18_42003_04810d33,8,13
256,qam16,N256_qam16_high_sparse_S18_42003_04810d33,9,10
256,qam16,N256_qam16_high_sparse_S18_42003_04810d33,10,30
256,qam16,N256_qam16_high_sparse_S18_42003_04810d33,11,25
256,qam16,N256_qam16_high_sparse_S18_42003_04810d33,12,11
256,qam16,N256_qam16_high_sparse_S18_42003_04810d33,13,15
256,qam16,N256_qam16_high_sparse_S18_42003_04810d33,14,3
256,qam16,N256_qam16_high_sparse_S18_42003_04810d33,15,0
256,qam16,N256_qam16_high_sparse_S8_42001_e69cf69c,0,4
256,qam16,N256_qam16_high_sparse_S8_42001_e69cf69c,1,1
256,qam16,N256_qam16_high_sparse_S8_42001_e69cf69c,2,19
256,qam16,N256_qam16_high_sparse_S8_42001_e69cf69c,3,27
256,qam16,N256_qam16_high_sparse_S8_42001_e69cf69c,4,16
256,qam16,N256_qam16_high_sparse_S8_42001_e69cf69c,5,24
256,qam16,N256_qam16_high_sparse_S8_42001_e69cf69c,6,9
256,qam16,N256_qam16_high_sparse_S8_42001_e69cf69c,7,12
256,qam16,N256_qam16_high_sparse_S8_42001_e69cf69c,8,8
256,qam16,N256_qam16_high_sparse_S8_42001_e69cf69c,9,32
256,qam16,N256_qam16_high_sparse_S8_42001_e69cf69c,10,6
256,qam16,N256_qam16_high_sparse_S8_42001_e69cf69c,11,28
256,qam16,N256_qam16_high_sparse_S8_42001_e69cf69c,12,18
256,qam16,N256_qam16_high_sparse_S8_42001_e69cf69c,13,21
256,qam16,N256_qam16_high_sparse_S8_42001_e69cf69c,14,7
256,qam16,N256_qam16_high_sparse_S8_42001_e69cf69c,15,20
256,qam16,N256_qam16_high_sparse_S8_42002_8e29743c,0,22
256,qam16,N256_qam16_high_sparse_S8_42002_8e29743c,1,14
256,qam16,N256_qam16_high_sparse_S8_42002_8e29743c,2,17
256,qam16,N256_qam16_high_sparse_S8_42002_8e29743c,3,2
256,qam16,N256_qam16_high_sparse_S8_42002_8e29743c,4,23
256,qam16,N256_qam16_high_sparse_S8_42002_8e29743c,5,29
256,qam16,N256_qam16_high_sparse_S8_42002_8e29743c,6,5
256,qam16,N256_qam16_high_sparse_S8_42002_8e29743c,7,31
256,qam16,N256_qam16_high_sparse_S8_42002_8e29743c,8,26
256,qam16,N256_qam16_high_sparse_S8_42002_8e29743c,9,13
256,qam16,N256_qam16_high_sparse_S8_42002_8e29743c,10,10
256,qam16,N256_qam16_high_sparse_S8_42002_8e29743c,11,30
256,qam16,N256_qam16_high_sparse_S8_42002_8e29743c,12,25
256,qam16,N256_qam16_high_sparse_S8_42002_8e29743c,13,11
256,qam16,N256_qam16_high_sparse_S8_42002_8e29743c,14,15
256,qam16,N256_qam16_high_sparse_S8_42002_8e29743c,15,3
256,qam16,N256_qam16_high_sparse_S8_42003_66565dd2,0,0
256,qam16,N256_qam16_high_sparse_S8_42003_66565dd2,1,4
256,qam16,N256_qam16_high_sparse_S8_42003_66565dd2,2,1
256,qam16,N256_qam16_high_sparse_S8_42003_66565dd2,3,19
256,qam16,N256_qam16_high_sparse_S8_42003_66565dd2,4,27
256,qam16,N256_qam16_high_sparse_S8_42003_66565dd2,5,16
256,qam16,N256_qam16_high_sparse_S8_42003_66565dd2,6,24
256,qam16,N256_qam16_high_sparse_S8_42003_66565dd2,7,9
256,qam16,N256_qam16_high_sparse_S8_42003_66565dd2,8,12
256,qam16,N256_qam16_high_sparse_S8_42003_66565dd2,9,8
256,qam16,N256_qam16_high_sparse_S8_42003_66565dd2,10,32
256,qam16,N256_qam16_high_sparse_S8_42003_66565dd2,11,6
256,qam16,N256_qam16_high_sparse_S8_42003_66565dd2,12,28
256,qam16,N256_qam16_high_sparse_S8_42003_66565dd2,13,18
256,qam16,N256_qam16_high_sparse_S8_42003_66565dd2,14,21
256,qam16,N256_qam16_high_sparse_S8_42003_66565dd2,15,7
256,qam16,N256_qam16_low_sparse_S18_42001_2d81eb4b,0,20
256,qam16,N256_qam16_low_sparse_S18_42001_2d81eb4b,1,22
256,qam16,N256_qam16_low_sparse_S18_42001_2d81eb4b,2,14
256,qam16,N256_qam16_low_sparse_S18_42001_2d81eb4b,3,17
256,qam16,N256_qam16_low_sparse_S18_42001_2d81eb4b,4,2
256,qam16,N256_qam16_low_sparse_S18_42001_2d81eb4b,5,23
256,qam16,N256_qam16_low_sparse_S18_42001_2d81eb4b,6,29
256,qam16,N256_qam16_low_sparse_S18_42001_2d81eb4b,7,5
256,qam16,N256_qam16_low_sparse_S18_42001_2d81eb4b,8,31
256,qam16,N256_qam16_low_sparse_S18_42001_2d81eb4b,9,26
256,qam16,N256_qam16_low_sparse_S18_42001_2d81eb4b,10,13
256,qam16,N256_qam16_low_sparse_S18_42001_2d81eb4b,11,10
256,qam16,N256_qam16_low_sparse_S18_42001_2d81eb4b,12,30
256,qam16,N256_qam16_low_sparse_S18_42001_2d81eb4b,13,25
256,qam16,N256_qam16_low_sparse_S18_42001_2d81eb4b,14,11
256,qam16,N256_qam16_low_sparse_S18_42001_2d81eb4b,15,15
256,qam16,N256_qam16_low_sparse_S18_42002_09e751a4,0,3
256,qam16,N256_qam16_low_sparse_S18_42002_09e751a4,1,0
256,qam16,N256_qam16_low_sparse_S18_42002_09e751a4,2,4
256,qam16,N256_qam16_low_sparse_S18_42002_09e751a4,3,1
256,qam16,N256_qam16_low_sparse_S18_42002_09e751a4,4,19
256,qam16,N256_qam16_low_sparse_S18_42002_09e751a4,5,27
256,qam16,N256_qam16_low_sparse_S18_42002_09e751a4,6,16
256,qam16,N256_qam16_low_sparse_S18_42002_09e751a4,7,24
256,qam16,N256_qam16_low_sparse_S18_42002_09e751a4,8,9
256,qam16,N256_qam16_low_sparse_S18_42002_09e751a4,9,12
256,qam16,N256_qam16_low_sparse_S18_42002_09e751a4,10,8
256,qam16,N256_qam16_low_sparse_S18_42002_09e751a4,11,32
256,qam16,N256_qam16_low_sparse_S18_42002_09e751a4,12,6
256,qam16,N256_qam16_low_sparse_S18_42002_09e751a4,13,28
256,qam16,N256_qam16_low_sparse_S18_42002_09e751a4,14,18
256,qam16,N256_qam16_low_sparse_S18_42002_09e751a4,15,21
256,qam16,N256_qam16_low_sparse_S18_42003_8242e189,0,7
256,qam16,N256_qam16_low_sparse_S18_42003_8242e189,1,20
256,qam16,N256_qam16_low_sparse_S18_42003_8242e189,2,22
256,qam16,N256_qam16_low_sparse_S18_42003_8242e189,3,14
256,qam16,N256_qam16_low_sparse_S18_42003_8242e189,4,17
256,qam16,N256_qam16_low_sparse_S18_42003_8242e189,5,2
256,qam16,N256_qam16_low_sparse_S18_42003_8242e189,6,23
256,qam16,N256_qam16_low_sparse_S18_42003_8242e189,7,29
256,qam16,N256_qam16_low_sparse_S18_42003_8242e189,8,5
256,qam16,N256_qam16_low_sparse_S18_42003_8242e189,9,31
256,qam16,N256_qam16_low_sparse_S18_42003_8242e189,10,26
256,qam16,N256_qam16_low_sparse_S18_42003_8242e189,11,13
256,qam16,N256_qam16_low_sparse_S18_42003_8242e189,12,10
256,qam16,N256_qam16_low_sparse_S18_42003_8242e189,13,30
256,qam16,N256_qam16_low_sparse_S18_42003_8242e189,14,25
256,qam16,N256_qam16_low_sparse_S18_42003_8242e189,15,11
256,qam16,N256_qam16_low_sparse_S8_42001_f67bdcc7,0,15
256,qam16,N256_qam16_low_sparse_S8_42001_f67bdcc7,1,3
256,qam16,N256_qam16_low_sparse_S8_42001_f67bdcc7,2,0
256,qam16,N256_qam16_low_sparse_S8_42001_f67bdcc7,3,4
256,qam16,N256_qam16_low_sparse_S8_42001_f67bdcc7,4,1
256,qam16,N256_qam16_low_sparse_S8_42001_f67bdcc7,5,19
256,qam16,N256_qam16_low_sparse_S8_42001_f67bdcc7,6,27
256,qam16,N256_qam16_low_sparse_S8_42001_f67bdcc7,7,16
256,qam16,N256_qam16_low_sparse_S8_42001_f67bdcc7,8,24
256,qam16,N256_qam16_low_sparse_S8_42001_f67bdcc7,9,9
256,qam16,N256_qam16_low_sparse_S8_42001_f67bdcc7,10,12
256,qam16,N256_qam16_low_sparse_S8_42001_f67bdcc7,11,8
256,qam16,N256_qam16_low_sparse_S8_42001_f67bdcc7,12,32
256,qam16,N256_qam16_low_sparse_S8_42001_f67bdcc7,13,6
256,qam16,N256_qam16_low_sparse_S8_42001_f67bdcc7,14,28
256,qam16,N256_qam16_low_sparse_S8_42001_f67bdcc7,15,18
256,qam16,N256_qam16_low_sparse_S8_42002_4667db30,0,21
256,qam16,N256_qam16_low_sparse_S8_42002_4667db30,1,7
256,qam16,N256_qam16_low_sparse_S8_42002_4667db30,2,20
256,qam16,N256_qam16_low_sparse_S8_42002_4667db30,3,22
256,qam16,N256_qam16_low_sparse_S8_42002_4667db30,4,14
256,qam16,N256_qam16_low_sparse_S8_42002_4667db30,5,17
256,qam16,N256_qam16_low_sparse_S8_42002_4667db30,6,2
256,qam16,N256_qam16_low_sparse_S8_42002_4667db30,7,23
256,qam16,N256_qam16_low_sparse_S8_42002_4667db30,8,29
256,qam16,N256_qam16_low_sparse_S8_42002_4667db30,9,5
256,qam16,N256_qam16_low_sparse_S8_42002_4667db30,10,31
256,qam16,N256_qam16_low_sparse_S8_42002_4667db30,11,26
256,qam16,N256_qam16_low_sparse_S8_42002_4667db30,12,13
256,qam16,N256_qam16_low_sparse_S8_42002_4667db30,13,10
256,qam16,N256_qam16_low_sparse_S8_42002_4667db30,14,30
256,qam16,N256_qam16_low_sparse_S8_42002_4667db30,15,25
256,qam16,N256_qam16_low_sparse_S8_42003_2a09be24,0,11
256,qam16,N256_qam16_low_sparse_S8_42003_2a09be24,1,15
256,qam16,N256_qam16_low_sparse_S8_42003_2a09be24,2,3
256,qam16,N256_qam16_low_sparse_S8_42003_2a09be24,3,0
256,qam16,N256_qam16_low_sparse_S8_42003_2a09be24,4,4
256,qam16,N256_qam16_low_sparse_S8_42003_2a09be24,5,1
256,qam16,N256_qam16_low_sparse_S8_42003_2a09be24,6,19
256,qam16,N256_qam16_low_sparse_S8_42003_2a09be24,7,27
256,qam16,N256_qam16_low_sparse_S8_42003_2a09be24,8,16
256,qam16,N256_qam16_low_sparse_S8_42003_2a09be24,9,24
256,qam16,N256_qam16_low_sparse_S8_42003_2a09be24,10,9
256,qam16,N256_qam16_low_sparse_S8_42003_2a09be24,11,12
256,qam16,N256_qam16_low_sparse_S8_42003_2a09be24,12,8
256,qam16,N256_qam16_low_sparse_S8_42003_2a09be24,13,32
256,qam16,N256_qam16_low_sparse_S8_42003_2a09be24,14,6
256,qam16,N256_qam16_low_sparse_S8_42003_2a09be24,15,28
